lat,lon,sst,sst_std,mask,x,y,learned_pred,learned_var,guessed_pred,guessed_var
48.0,-10.0,,,1.0,-1.3569324770050664,5.626727099758038,0.23605584,0.6220155,0.27327818,0.1358217
48.0,-9.9800005,,,1.0,-1.3554627239845958,5.6262178786199275,0.24299262,0.6136222,0.28161493,0.12892604
48.0,-9.96,,,1.0,-1.3539928530268135,5.625709081011589,0.25006166,0.60528255,0.29008985,0.122391105
48.0,-9.94,,,1.0,-1.3525229342953824,5.625200731132224,0.25726458,0.59700567,0.29870227,0.11621809
48.0,-9.92,,,1.0,-1.3510530379629664,5.624692853095688,0.26458442,0.58879256,0.30744928,0.11040974
48.0,-9.9,,,1.0,-1.3495830239254163,5.624185398372243,0.2720268,0.5806577,0.3163112,0.104937434
48.0,-9.88,,,1.0,-1.3481130324504391,5.623678415261985,0.2795897,0.57260567,0.325298,0.09982467
48.0,-9.86,,,1.0,-1.3466429234245962,5.6231718553206385,0.28726366,0.5646367,0.33438596,0.095029354
48.0,-9.84,,,1.0,-1.3451728371244396,5.622665766763092,0.29504162,0.55676705,0.34357536,0.09057319
48.0,-9.82,,,1.0,-1.343702633427276,5.622160101230505,0.3029177,0.5489998,0.3528576,0.08643317
48.0,-9.8,,,1.0,-1.3422324526184723,5.621654906852589,0.31088564,0.54133654,0.36221358,0.08260834
48.0,-9.78,,,1.0,-1.3407621545661093,5.621150135355903,0.31893668,0.5337906,0.37164196,0.079093456
48.0,-9.76,,,1.0,-1.3392918795643414,5.620645834785017,0.32706687,0.5263593,0.38112456,0.075877905
48.0,-9.74,,,1.0,-1.3378214874720529,5.620141956951856,0.33526066,0.5190521,0.3906591,0.07293224
48.0,-9.72,,,1.0,-1.3363511185921535,5.619638549815884,0.34350005,0.5118627,0.40023038,0.07025123
48.0,-9.7,,,1.0,-1.3348806327743643,5.619135565274355,0.3518096,0.5048216,0.40981993,0.06783414
48.0,-9.68,,,1.0,-1.3334101703303232,5.61863305120167,0.36014095,0.49790788,0.41941902,0.06571746
48.0,-9.66,,,1.0,-1.3319395911006144,5.618130959580366,0.36850268,0.4911381,0.4290203,0.06378937
48.0,-9.64,,,1.0,-1.3304690354055746,5.617629338199817,0.37688506,0.48450935,0.43859613,0.0621109
48.0,-9.62,,,1.0,-1.3289983630766846,5.617128139127819,0.38526794,0.47802317,0.44815135,0.060629725
48.0,-9.6,,,1.0,-1.3275277144429478,5.6166274100687446,0.39364704,0.47168815,0.4576621,0.05941236
48.0,-9.58,,,1.0,-1.3260569493267724,5.616127103175618,0.40200648,0.46551102,0.46710917,0.05837071
48.0,-9.54,,,1.0,-1.3231153504733937,5.615127850983638,0.4186171,0.4535905,0.48577973,0.056861043
48.0,-9.46,,,1.0,-1.3172315999379265,5.613134694924741,0.45109802,0.43160546,0.5218119,0.05585265
48.0,-9.440001,,,1.0,-1.3157605826556302,5.61263753145471,0.45899212,0.4264905,0.5304686,0.05596578
48.0,-9.42,,,1.0,-1.3142894494925013,5.612140789582462,0.46678108,0.42153466,0.5389637,0.05620575
48.0,-9.4,,,1.0,-1.312818270669688,5.611644492933806,0.47444457,0.41671836,0.5472816,0.056557655
48.0,-9.38,,,1.0,-1.3113471164169466,5.611148665049688,0.48197952,0.41205245,0.5554128,0.057096243
48.0,-9.36,,,1.0,-1.3098758465073148,5.610653258551231,0.489376,0.40753716,0.5633432,0.057595372
48.0,-9.34,,,1.0,-1.308404601325428,5.61015832059119,0.49662092,0.4031524,0.57106936,0.0584085
48.0,-9.3,,,1.0,-1.305461904830458,5.609169755472723,0.5106523,0.3948115,0.5858719,0.060057044
48.0,-9.26,,,1.0,-1.3025190275428895,5.608182968961025,0.524029,0.38698864,0.5997661,0.061979055
48.0,-9.24,,,1.0,-1.301047486208308,5.6076902307116105,0.53045696,0.38325304,0.60635966,0.06282306
48.0,-9.22,,,1.0,-1.299575970071925,5.607197960323822,0.53671277,0.37965155,0.61271936,0.063845396
48.0,-9.2,,,1.0,-1.2981043388714402,5.606706110758547,0.54279643,0.37615913,0.6188328,0.06494784
48.0,-9.18,,,1.0,-1.2966327330251175,5.606214728829828,0.5487055,0.37277383,0.6247147,0.0660665
48.0,-9.16,,,1.0,-1.2951610122618962,5.6057237675834095,0.5544376,0.36949122,0.6303438,0.0672251
48.0,-9.14,,,1.0,-1.2936893170083763,5.6052332737487465,0.56000125,0.3663047,0.6357437,0.06844425
48.0,-9.12,,,1.0,-1.2922175069847663,5.6047432004564,0.5653972,0.36322582,0.64090407,0.06962657
48.0,-9.1,,,1.0,-1.2907457226259706,5.604253594351271,0.57062536,0.3602258,0.64583546,0.07046366
48.0,-9.08,,,1.0,-1.289273823643497,5.603764408648709,0.5756919,0.35730767,0.65053403,0.07178402
48.0,-9.06,,,1.0,-1.2878019504805296,5.603275689909089,0.5806028,0.35447,0.65501374,0.07254088
48.0,-9.04,,,1.0,-1.2863299628399016,5.602787391432519,0.58535933,0.3517092,0.6592801,0.0737983
48.0,-9.02,,,1.0,-1.2848580011730495,5.602299559694883,0.58996737,0.3490157,0.6633192,0.07439828
48.0,-9.0,,,1.0,-1.2833859251741613,5.60181214808101,0.5944344,0.3463875,0.66715926,0.075540066
48.0,-8.9800005,,,1.0,-1.2819138753028965,5.601325202982331,0.598764,0.34381604,0.670801,0.076057196
48.0,-8.940001,,,1.0,-1.2789695734678088,5.600352619046105,0.6070432,0.33884048,0.67751855,0.077497005
48.0,-8.92,,,1.0,-1.2774973216488257,5.599866980069734,0.61100143,0.3364296,0.68061167,0.07824969
48.0,-8.9,,,1.0,-1.2760250260599406,5.599381784037019,0.61485183,0.33407092,0.6835388,0.07877326
48.0,-8.88,,,1.0,-1.2745527569814616,5.598897053961314,0.61860275,0.3317392,0.68630856,0.07916725
48.0,-8.86,,,1.0,-1.2730803740775487,5.59841274352369,0.6222554,0.32945144,0.68893874,0.0789361
48.0,-8.84,,,1.0,-1.2716080178364206,5.597928898820275,0.62582207,0.32720816,0.6914236,0.079484224
48.0,-8.8,,,1.0,-1.2686631048057748,5.596962513924788,0.63273007,0.32279807,0.69604117,0.079479694
48.0,-8.74,,,1.0,-1.264245375405233,5.595516242737419,0.6426357,0.31642616,0.70220184,0.07874799
48.0,-8.72,,,1.0,-1.2627727594479037,5.595035051988209,0.64584774,0.31436312,0.70410454,0.078350306
48.0,-8.7,,,1.0,-1.2613000302382726,5.594554280325514,0.6490339,0.3123212,0.705945,0.07777691
48.0,-8.68,,,1.0,-1.2598273282967796,5.594073973508495,0.65219396,0.31031394,0.7077337,0.07706714
48.0,-8.66,,,1.0,-1.2583545132453,5.59359408564069,0.65534335,0.30833423,0.70949334,0.07668269
48.0,-8.64,,,1.0,-1.2568817256122615,5.593114662397099,0.65848863,0.30638373,0.71122116,0.075589776
48.0,-8.62,,,1.0,-1.255408825011165,5.592635657965653,0.6616353,0.30446845,0.7129452,0.07463145
48.0,-8.6,,,1.0,-1.253935951978399,5.592157117937231,0.6647952,0.3025841,0.71465814,0.07369375
48.0,-8.58,,,1.0,-1.2524629661191222,5.591678996584123,0.6679687,0.3007443,0.7163804,0.072656155
48.0,-8.56,,,1.0,-1.2509900079776517,5.591201339413115,0.67117894,0.29892898,0.7181244,0.07186186
48.0,-8.52,,,1.0,-1.2480438941908834,5.5902473261099885,0.6776964,0.29544723,0.7217113,0.06912398
48.0,-8.46,,,1.0,-1.243624371304216,5.588819603052924,0.68786746,0.2905795,0.7274758,0.06523728
48.0,-8.440001,,,1.0,-1.2421511595748311,5.588344592312714,0.69137925,0.28908062,0.7295375,0.06501973
48.0,-8.42,,,1.0,-1.2406778355812889,5.587869999702852,0.6949704,0.28763723,0.73168284,0.062779546
48.0,-8.4,,,1.0,-1.2392044696444084,5.587395847795814,0.6986407,0.2862599,0.7339192,0.062559485
48.0,-8.38,,,1.0,-1.237731132092913,5.586922159080082,0.70239013,0.2849608,0.73625207,0.06004834
48.0,-8.36,,,1.0,-1.236257682486571,5.586448888291314,0.7062278,0.28373492,0.7386879,0.060001135
48.0,-8.34,,,1.0,-1.2347842614128437,5.585976080474425,0.710157,0.28259206,0.74123,0.058053613
48.0,-8.32,,,1.0,-1.2333107284233362,5.585503690449209,0.71417433,0.28153843,0.7438872,0.057210922
48.0,-8.3,,,1.0,-1.2318372241132645,5.585031763176714,0.7182846,0.28057683,0.7466605,0.0568614
48.0,-8.28,,,1.0,-1.2303636080261031,5.5845602535608405,0.72249556,0.27970916,0.74955726,0.05494666
48.0,-8.24,,,1.0,-1.2274163218647045,5.583618576918575,0.73120624,0.27827823,0.7557232,0.053488612
48.0,-8.16,,,1.0,-1.2215212545209435,5.581740501546936,0.74975824,0.27676934,0.76959074,0.05096388
48.0,-8.08,,,1.0,-1.2156255309195447,5.579869458693731,0.7696702,0.27726394,0.7854978,0.047454953
48.0,-8.0,,,1.0,-1.2097291555631708,5.57800544273485,0.7907361,0.27997804,0.80340385,0.046887755
48.0,-7.94,,,1.0,-1.2053064490263754,5.576612038791137,0.8072273,0.2835425,0.8181679,0.04529786
48.0,-7.88,,,1.0,-1.200883380276798,5.575222581961255,0.8243462,0.288445,0.834161,0.045543432
48.0,-7.8,,,1.0,-1.1949853950701852,5.573376108741077,0.8482957,0.29705608,0.857614,0.047118664
48.0,-7.7200003,,,1.0,-1.189086773673978,5.571536642861047,0.8738638,0.3079399,0.8838163,0.047778845
48.0,-7.6600003,,,1.0,-1.1846623927705533,5.5701616386789805,0.89432657,0.31746876,0.9054551,0.04989016
48.0,-7.58,,,1.0,-1.1787626334299468,5.56833441143047,0.92353547,0.33179134,0.93711936,0.05380845
48.0,-7.5,,,1.0,-1.172862285083627,5.566514187212976,0.95497906,0.34764957,0.9719425,0.05884862
48.0,-7.46,,,1.0,-1.1699118781998947,5.565606695428385,0.9715119,0.35602617,0.9904683,0.060525656
48.0,-7.44,,,1.0,-1.1684366168162237,5.565153604316668,0.97995573,0.36030525,0.99998903,0.060382128
48.0,-7.36,,,1.0,-1.1625351865691065,5.563345603074849,1.0148281,0.37785614,1.0395908,0.07053888
48.0,-7.2200003,,,1.0,-1.1522062127810837,5.560198386084246,1.0786895,0.40914065,1.11324,0.084527254
48.0,-7.2000003,,,1.0,-1.150730493344914,5.559750526208579,1.0879568,0.41354716,1.1240304,0.08724201
48.0,-7.1800003,,,1.0,-1.1492547361693028,5.559303101715791,1.0972047,0.41793108,1.1348485,0.08921194
48.0,-7.1600003,,,1.0,-1.147778941320218,5.558856112521039,1.1064581,0.42226171,1.1456866,0.09389937
48.0,-7.1400003,,,1.0,-1.1463031088635398,5.558409558539552,1.1156844,0.42654812,1.1565315,0.09647608
48.0,-7.12,,,1.0,-1.1448272036770906,5.557963429055496,1.1248816,0.43077826,1.167358,0.09752619
48.0,-7.1,,,1.0,-1.1433512962015997,5.557517745256857,1.1340336,0.43494213,1.1781704,0.10168266
48.0,-7.08,,,1.0,-1.1418753513156006,5.557072496417557,1.1431272,0.43903637,1.1889399,0.10543275
48.0,-7.06,,,1.0,-1.140399369084606,5.556627682453092,1.1521592,0.44305873,1.1996603,0.10738516
48.0,-7.04,,,1.0,-1.138923349574036,5.55618330327902,1.1610986,0.44700408,1.2103184,0.11007488
48.0,-7.02,,,1.0,-1.1374472928492223,5.555739358810969,1.1699731,0.45084894,1.2208955,0.11387408
48.0,-7.0,,,1.0,-1.1359711989754018,5.555295848964628,1.1787308,0.45460248,1.2313861,0.116606
48.0,-6.98,,,1.0,-1.1344950680177244,5.554852773655757,1.1873822,0.45825636,1.2417619,0.122181416
48.0,-6.96,,,1.0,-1.133018900041246,5.5544101328001805,1.1959077,0.46180683,1.2520189,0.12335634
48.0,-6.94,,,1.0,-1.1315426951109324,5.55396792631379,1.2042887,0.4652531,1.2621404,0.12734866
48.0,-6.92,,,1.0,-1.1300664532916604,5.5535261541125465,1.2125342,0.46857858,1.2721119,0.13059258
48.0,-6.88,,,1.0,-1.12711385924529,5.552643912229662,1.2285497,0.4748538,1.2915453,0.13764298
48.0,-6.82,,,1.0,-1.122684693125243,5.551323804446732,1.2512072,0.4832763,1.3192108,0.14700508
48.0,-6.8,,,1.0,-1.12120823132955,5.550884636195232,1.2583425,0.48581183,1.3279737,0.1505394
48.0,-6.78,,,1.0,-1.1197317330965004,5.550445901642459,1.2652671,0.4881906,1.3364803,0.14986265
48.0,-6.76,,,1.0,-1.118255198490251,5.550007600704905,1.271957,0.49041796,1.3447173,0.15581632
48.0,-6.7400002,,,1.0,-1.116778627574864,5.549569733299133,1.2784066,0.4924903,1.3526641,0.15753496
48.0,-6.7200003,,,1.0,-1.1153020204143174,5.5491322993417675,1.284579,0.49442184,1.360316,0.1609422
48.0,-6.7000003,,,1.0,-1.113825377072496,5.548695298749506,1.2905037,0.49617457,1.367647,0.16310215
48.0,-6.6800003,,,1.0,-1.1123486976131975,5.54825873143911,1.2961432,0.49777257,1.3746517,0.1665188
48.0,-6.6600003,,,1.0,-1.1108719821001296,5.547822597327407,1.3014867,0.49921072,1.3812984,0.16853666
48.0,-6.6400003,,,1.0,-1.10939523059691,5.547386896331295,1.3065327,0.50047326,1.3875862,0.17152739
48.0,-6.62,,,1.0,-1.1079184079572502,5.546951617995291,1.3112679,0.5015689,1.3934994,0.17464912
48.0,-6.6,,,1.0,-1.1064415846633728,5.54651678299164,1.3156759,0.502493,1.3990059,0.17635727
48.0,-6.58,,,1.0,-1.104964725569668,5.546082380854668,1.3197302,0.50326085,1.4041096,0.17682552
48.0,-6.56,,,1.0,-1.1034878307393967,5.545648411501544,1.3234438,0.5038434,1.4087864,0.17829347
48.0,-6.54,,,1.0,-1.1020109002357348,5.545214874849499,1.326782,0.5042647,1.4130138,0.17799914
48.0,-6.52,,,1.0,-1.100533934121768,5.544781770815833,1.3297596,0.5044965,1.4167895,0.18176913
48.0,-6.5,,,1.0,-1.0990569324604926,5.544349099317914,1.3323325,0.5045697,1.4200879,0.1832323
48.0,-6.48,,,1.0,-1.09757989531482,5.543916860273178,1.334495,0.5044762,1.4228966,0.18320835
48.0,-6.46,,,1.0,-1.0961028227475706,5.543485053599129,1.3362646,0.50419056,1.4252076,0.18411422
48.0,-6.44,,,1.0,-1.0946257148214753,5.543053679213335,1.337587,0.5037518,1.426997,0.18588877
48.0,-6.42,,,1.0,-1.0931485715991804,5.542622737033435,1.338468,0.5031413,1.4282532,0.18740678
48.0,-6.4,,,1.0,-1.0916713931432436,5.542192226977136,1.3389,0.5023568,1.4289639,0.187006
48.0,-6.38,,,1.0,-1.090194179516133,5.541762148962209,1.3388664,0.5014058,1.4291166,0.1867876
48.0,-6.36,,,1.0,-1.08871693078023,5.5413325029064975,1.3383323,0.50030565,1.4286876,0.18725514
48.0,-6.34,,,1.0,-1.0872396469978294,5.540903288727908,1.3373209,0.49903095,1.4276798,0.1863321
48.0,-6.32,,,1.0,-1.085762328231138,5.5404745063444185,1.3357928,0.49760574,1.4260688,0.18847096
48.0,-6.3,,,1.0,-1.0842849745422731,5.540046155674074,1.3337544,0.4960143,1.423842,0.18797565
48.0,-6.28,,,1.0,-1.0828075859932684,5.539618236634984,1.3311737,0.4942832,1.4209996,0.184968
48.0,-6.26,,,1.0,-1.0813301626460683,5.539190749145334,1.3280457,0.4924053,1.4175189,0.18451416
48.0,-6.2400002,,,1.0,-1.07985270456253,5.538763693123366,1.3243686,0.4903801,1.4133888,0.1829598
48.0,-6.2200003,,,1.0,-1.0783752118044243,5.538337068487401,1.3201154,0.48821986,1.4086142,0.18126082
48.0,-6.2000003,,,1.0,-1.0768976844334348,5.53791087515582,1.3152963,0.48591495,1.4031682,0.18103254
48.0,-6.1800003,,,1.0,-1.0754201225111593,5.537485113047077,1.309879,0.48348463,1.3970563,0.17853713
48.0,-6.1600003,,,1.0,-1.0739425260991076,5.537059782079691,1.303853,0.48093826,1.3902607,0.17577791
48.0,-6.1400003,,,1.0,-1.0724648952587044,5.536634882172251,1.2972125,0.4782802,1.3827832,0.17410445
48.0,-6.1200004,,,1.0,-1.070987230051286,5.536210413243412,1.2899567,0.47550058,1.3746096,0.17204392
48.0,-6.1,,,1.0,-1.0695094953065605,5.535786365107174,1.2820727,0.4726163,1.3657386,0.17104602
48.0,-6.08,,,1.0,-1.0680317615479658,5.535362757902053,1.2735493,0.46963453,1.3561769,0.166718
48.0,-6.06,,,1.0,-1.066553993605852,5.534939581431911,1.2643657,0.46657115,1.3459061,0.16879058
48.0,-6.04,,,1.0,-1.065076191541213,5.534516835615677,1.2545418,0.46341336,1.3349288,0.16193807
48.0,-6.02,,,1.0,-1.063598355414955,5.534094520372349,1.2440543,0.4601838,1.3232464,0.16270888
48.0,-6.0,,,1.0,-1.0621204852878998,5.533672635620993,1.2329081,0.45687664,1.3108574,0.15907335
48.0,-5.98,,,1.0,-1.0606425812207814,5.533251181280744,1.2210834,0.45351207,1.2977692,0.15602684
48.0,-5.96,,,1.0,-1.0591646432742507,5.532830157270803,1.208589,0.45009553,1.2839733,0.15164614
48.0,-5.94,,,1.0,-1.0576866715088724,5.532409563510442,1.1954155,0.4466374,1.269485,0.1508193
48.0,-5.92,,,1.0,-1.0562086659851233,5.531989399919,1.1815652,0.44314128,1.2543024,0.14969873
48.0,-5.9,,,1.0,-1.054730626763399,5.531569666415888,1.1670346,0.43962193,1.2384379,0.14581263
48.0,-5.88,,,1.0,-1.0532525539040052,5.53115036292058,1.151834,0.4360764,1.2218968,0.14568496
48.0,-5.86,,,1.0,-1.0517744474671669,5.530731489352622,1.1359693,0.43251038,1.2046874,0.14049757
48.0,-5.82,,,1.0,-1.0488181341016227,5.529895031677281,1.1021974,0.42542577,1.1683085,0.13423061
48.0,-5.8,,,1.0,-1.0473399272929382,5.529477447409332,1.0843225,0.4219029,1.1491722,0.13250697
48.0,-5.76,,,1.0,-1.0443834137231642,5.528643567611976,1.0466266,0.414958,1.1090604,0.12565935
48.0,-5.7000003,,,1.0,-1.0399483943832086,5.5273959685616605,0.9853782,0.40491915,1.0446135,0.12120867
48.0,-5.6800003,,,1.0,-1.038469988445413,5.526980960730724,0.96376735,0.40172225,1.0220711,0.1140846
48.0,-5.6400003,,,1.0,-1.035513077689498,5.526152232368905,0.9188409,0.3955922,0.97554153,0.11274862
48.0,-5.6000004,,,1.0,-1.032556035488024,5.525325219876174,0.8718052,0.38988978,0.9272824,0.108881354
48.0,-5.54,,,1.0,-1.0281201915051572,5.524087907182344,0.797743,0.3822738,0.85213125,0.101119995
48.0,-5.46,,,1.0,-1.0222053242043172,5.5224441696684385,0.69363874,0.3743056,0.74820274,0.095160246
48.0,-5.44,,,1.0,-1.020726526402261,5.522034306121816,0.6668881,0.3727417,0.7217916,0.09578562
48.0,-5.42,,,1.0,-1.0192476963263446,5.521624870749957,0.6399191,0.371369,0.6952813,0.09262872
48.0,-5.4,,,1.0,-1.0177688340348607,5.52121586347399,0.6127728,0.37019563,0.6687117,0.091621995
48.0,-5.38,,,1.0,-1.0162899395860203,5.520807284215119,0.58548266,0.3692354,0.6421288,0.09011102
48.0,-5.36,,,1.0,-1.0148110130379526,5.520399132894613,0.5581034,0.3684619,0.6155521,0.08988142
48.0,-5.34,,,1.0,-1.0133320544487032,5.519991409433812,0.5306736,0.3678848,0.5890339,0.089356184
48.0,-5.32,,,1.0,-1.011853063876236,5.519584113754126,0.50323164,0.36755633,0.5626126,0.087648034
48.0,-5.3,,,1.0,-1.010374041378432,5.519177245777034,0.47580707,0.36743116,0.53631264,0.08783746
48.0,-5.28,,,1.0,-1.008894987013091,5.518770805424083,0.44846272,0.36753678,0.51018316,0.088671446
48.0,-5.26,,,1.0,-1.0074159008379295,5.518364792616891,0.42123485,0.36786103,0.4842618,0.088092804
48.0,-5.2400002,,,1.0,-1.0059367829105834,5.517959207277146,0.3941609,0.3684075,0.45857912,0.08888459
48.0,-5.2200003,,,1.0,-1.004457633288605,5.517554049326603,0.36728385,0.36919832,0.43316567,0.089223504
48.0,-5.2000003,,,1.0,-1.0029784520294671,5.517149318687094,0.3406624,0.37020153,0.40807056,0.09095669
48.0,-5.1800003,,,1.0,-1.0014992391905593,5.51674501528051,0.3143016,0.37144053,0.38331375,0.08986592
48.0,-5.1600003,,,1.0,-1.0000199948291892,5.5163411390288175,0.2882732,0.37291908,0.35893908,0.09003985
48.0,-5.1200004,,,1.0,-0.9970614117678906,5.515534667678325,0.23731542,0.37655723,0.3114247,0.09239018
48.0,-5.1000004,,,1.0,-0.9955820731821712,5.515132072423806,0.21248195,0.37872612,0.28834566,0.09386945
48.0,-5.08,,,1.0,-0.994102668031077,5.514729894429376,0.18809757,0.38111055,0.26576167,0.09496379
48.0,-5.06,,,1.0,-0.9926232669134318,5.5143281527942545,0.16422635,0.38372755,0.24369708,0.09722161
48.0,-5.04,,,1.0,-0.991143834615469,5.5139268378472845,0.14088243,0.3865533,0.22216208,0.09900367
48.0,-5.02,,,1.0,-0.9896643711939286,5.513525949510922,0.118078016,0.38957858,0.20118588,0.10033727
48.0,-5.0,,,1.0,-0.98818487670547,5.51312548770769,0.095887244,0.39284813,0.18079418,0.10351956
48.0,-4.98,,,1.0,-0.9867053512066728,5.512725452360186,0.074275345,0.3962952,0.16099404,0.105932355
48.0,-4.96,,,1.0,-0.9852257947540344,5.512325843391071,0.05332976,0.39998472,0.14181206,0.1071589
48.0,-4.94,,,1.0,-0.9837462074039728,5.511926660723085,0.03300935,0.40383774,0.12324734,0.11106694
48.0,-4.92,,,1.0,-0.9822665892128256,5.511527904279029,0.01336638,0.40788776,0.10532733,0.11224961
48.0,-4.9,,,1.0,-0.98078694023685,5.511129573981777,-0.0055924947,0.41212356,0.08805646,0.115067005
48.0,-4.88,,,1.0,-0.979307260532222,5.510731669754277,-0.023854649,0.41653597,0.07143916,0.118697524
48.0,-4.86,,,1.0,-0.9778275501550392,5.510334191519542,-0.041393746,0.4211229,0.055488713,0.1232909
48.0,-4.84,,,1.0,-0.9763478091613192,5.509937139200658,-0.058229607,0.42587328,0.040206004,0.1266048
48.0,-4.82,,,1.0,-0.9748680376069978,5.50954051272078,-0.07433508,0.43078035,0.025600774,0.12903774
48.0,-4.8,,,1.0,-0.973388235547933,5.5091443120031345,-0.089699306,0.4358467,0.011665055,0.13364148
48.0,-4.78,,,1.0,-0.9719084030399028,5.508748536971018,-0.10434346,0.44104648,-0.0015971701,0.13850105
48.0,-4.76,,,1.0,-0.9704285401386036,5.5083531875477965,-0.11823061,0.44638538,-0.014171287,0.14231682
48.0,-4.7400002,,,1.0,-0.968948646899656,5.5079582636569056,-0.13140883,0.4518299,-0.026082538,0.14660323
48.0,-4.7200003,,,1.0,-0.967468723378598,5.507563765221853,-0.14381865,0.45742178,-0.037317194,0.15146708
48.0,-4.7000003,,,1.0,-0.96598876963089,5.507169692166217,-0.15552767,0.46309847,-0.047889423,0.15735495
48.0,-4.6800003,,,1.0,-0.9645087857119132,5.506776044413646,-0.16649653,0.46887875,-0.057795685,0.16289699
48.0,-4.6600003,,,1.0,-0.9630287716769684,5.506382821887855,-0.17673336,0.4747597,-0.06705679,0.16808093
48.0,-4.6400003,,,1.0,-0.9615487275812786,5.505990024512634,-0.1862572,0.48072636,-0.07567053,0.1728183
48.0,-4.6200004,,,1.0,-0.960068653479988,5.505597652211845,-0.19507793,0.4867493,-0.08364354,0.1789335
48.0,-4.6000004,,,1.0,-0.9585885494281616,5.505205704909416,-0.20319624,0.49284613,-0.09098423,0.1840725
48.02,-10.0,,,1.0,-1.3561732827927184,5.628917001727915,0.2347685,0.61314285,0.2672187,0.12826347
48.02,-9.96,,,1.0,-1.3532349933595431,5.6278991258151745,0.24874586,0.5961696,0.28390664,0.11509216
48.02,-9.94,,,1.0,-1.35176574170744,5.627390847175965,0.2559395,0.5877677,0.29246458,0.109027386
48.02,-9.9,,,1.0,-1.3488271650465389,5.626375656536909,0.27069932,0.571186,0.3099936,0.0979929
48.02,-9.86,,,1.0,-1.3458883976983391,5.625362255132634,0.28594747,0.55494905,0.32801667,0.08833408
48.02,-9.84,,,1.0,-1.3444189777501647,5.624856237219868,0.29374024,0.54696894,0.33719465,0.08401358
48.02,-9.8,,,1.0,-1.3414799255635037,5.623845518248689,0.30962217,0.53133196,0.35584393,0.076284766
48.02,-9.76,,,1.0,-1.3385406842740284,5.6228365866500125,0.32586023,0.51615596,0.37480718,0.06978583
48.02,-9.74,,,1.0,-1.3370709578721691,5.622332778876953,0.3340917,0.50875956,0.38437736,0.06695247
48.02,-9.7,,,1.0,-1.3341314341085062,5.621326526965074,0.35072547,0.49435145,0.4036501,0.062078
48.02,-9.66,,,1.0,-1.331191722815934,5.620322060569427,0.3675367,0.48050815,0.42299747,0.058172703
48.02,-9.64,,,1.0,-1.3297218320885376,5.619820508661558,0.37598008,0.47380286,0.43267372,0.056628466
48.02,-9.6,,,1.0,-1.3267818406791785,5.618818719130276,0.39288354,0.4608456,0.4519552,0.05407679
48.02,-9.56,,,1.0,-1.323841663304258,5.617818713265024,0.40972945,0.4484942,0.47104654,0.052294254
48.02,-9.54,,,1.0,-1.322371470022391,5.617319367076622,0.41810185,0.44255006,0.48048276,0.051727057
48.02,-9.5,,,1.0,-1.3194310148634123,5.616322035347493,0.43468973,0.43114597,0.49908048,0.05100417
48.02,-9.46,,,1.0,-1.316490375291754,5.6153264854402485,0.45098296,0.42035216,0.5172106,0.050894022
48.02,-9.440001,,,1.0,-1.3150200216018098,5.614829390286468,0.45899457,0.41520143,0.526065,0.051187277
48.02,-9.4,,,1.0,-1.312079036452839,5.6138364880603575,0.4746821,0.40534347,0.5433029,0.051722527
48.02,-9.36,,,1.0,-1.3091379385484003,5.612845389511401,0.48987153,0.39608938,0.5598212,0.05289197
48.02,-9.34,,,1.0,-1.3076673562746324,5.6123505192952186,0.49726093,0.39167374,0.5677913,0.05369532
48.02,-9.3,,,1.0,-1.3047259852178783,5.611362089325806,0.51158226,0.38326323,0.5831035,0.05512929
48.02,-9.26,,,1.0,-1.3017844328229615,5.610375437508325,0.52526504,0.37540305,0.5975356,0.05702126
48.02,-9.24,,,1.0,-1.3003135537461354,5.6098827664374395,0.53185743,0.371655,0.6044056,0.058207273
48.02,-9.2,,,1.0,-1.2973717304849406,5.6088987804986346,0.54453886,0.36451697,0.61745405,0.06024742
48.02,-9.16,,,1.0,-1.294429727407344,5.607916570885987,0.55654514,0.3578114,0.62956625,0.06246662
48.02,-9.14,,,1.0,-1.292958693700359,5.607426143661948,0.56229717,0.35461617,0.6352736,0.063642144
48.02,-9.1,,,1.0,-1.2900164220356989,5.606446597151605,0.5733142,0.3485039,0.6459909,0.065692425
48.02,-9.06,,,1.0,-1.287073972066123,5.605468825147836,0.58369726,0.34272963,0.6558097,0.06775081
48.02,-9.04,,,1.0,-1.2856026453262086,5.604980592724155,0.5886651,0.339958,0.660396,0.06873596
48.02,-9.0,,,1.0,-1.282659929024895,5.604005481140254,0.59817743,0.3346209,0.6689401,0.07073629
48.02,-8.940001,,,1.0,-1.278245558337122,5.602546148919924,0.6114663,0.3270614,0.68029886,0.072861075
48.02,-8.9,,,1.0,-1.2753023309764768,5.601575444569619,0.61974436,0.32227206,0.6869903,0.07391107
48.02,-8.86,,,1.0,-1.272358998471662,5.600606534269287,0.6276231,0.3176536,0.6930545,0.07451987
48.02,-8.84,,,1.0,-1.2708873017520197,5.600122754505199,0.63143206,0.3153978,0.69588166,0.074599504
48.02,-8.8,,,1.0,-1.267943707393106,5.599156499160969,0.6388197,0.31099844,0.7011626,0.07448959
48.02,-8.74,,,1.0,-1.263527955010539,5.597710421478028,0.64945835,0.30462086,0.70832,0.07404113
48.02,-8.7,,,1.0,-1.260583927175959,5.59674858752046,0.65634495,0.30051732,0.71270406,0.072772145
48.02,-8.66,,,1.0,-1.2576397269809392,5.595788520853294,0.66314185,0.29653466,0.7168933,0.07167375
48.02,-8.64,,,1.0,-1.2561675975310116,5.595309161453629,0.6665267,0.29458654,0.71894264,0.07047117
48.02,-8.6,,,1.0,-1.2532231398948797,5.59435174435864,0.6733215,0.2907846,0.7229987,0.0688144
48.02,-8.54,,,1.0,-1.2488060980812952,5.592918917438228,0.6836512,0.28538746,0.7291549,0.065653205
48.02,-8.5,,,1.0,-1.2458612142846068,5.59196591278173,0.690732,0.28200758,0.73342377,0.063622236
48.02,-8.46,,,1.0,-1.2429161610395765,5.591014671845213,0.6980328,0.27882957,0.7379152,0.060738802
48.02,-8.440001,,,1.0,-1.2414436061643312,5.590539723868373,0.7017714,0.2773391,0.74026555,0.059705853
48.02,-8.4,,,1.0,-1.2384982296077738,5.589591104562596,0.7094738,0.27454668,0.7452116,0.05677843
48.02,-8.36,,,1.0,-1.2355527552637202,5.5886442698384124,0.71750015,0.2720487,0.7505296,0.05490005
48.02,-8.34,,,1.0,-1.2340799903831912,5.588171524250132,0.7216428,0.27091867,0.7533418,0.05384469
48.02,-8.3,,,1.0,-1.231134265105683,5.587227331093206,0.7301828,0.2689436,0.75929636,0.052043796
48.02,-8.14,,,1.0,-1.2193497039284549,5.583468153160058,0.76796776,0.26527327,0.7878953,0.045113683
48.02,-8.0,,,1.0,-1.2090360199957215,5.5802019282451845,0.80500984,0.26881915,0.8191902,0.04157257
48.02,-7.86,,,1.0,-1.198720382505112,5.576957212092008,0.8450434,0.2795608,0.8564203,0.04021001
48.02,-7.7000003,,,1.0,-1.1869286779798671,5.573275250326186,0.89576143,0.30059218,0.90798163,0.043845892
48.02,-7.64,,,1.0,-1.182506099209592,5.571901723628881,0.91670567,0.3106498,0.93032175,0.046393156
48.02,-7.6,,,1.0,-1.1795575399657368,5.570988232417998,0.9313581,0.31791425,0.9461968,0.04752469
48.02,-7.56,,,1.0,-1.1766088238953305,5.570076489176348,0.9465666,0.32558912,0.96285594,0.048817992
48.02,-7.54,,,1.0,-1.175134407219922,5.569621272828986,0.9543766,0.32956296,0.9714791,0.05053556
48.02,-7.5,,,1.0,-1.172185456927381,5.568712150251757,0.9704129,0.3377509,0.9892925,0.053748608
48.02,-7.46,,,1.0,-1.1692363511630328,5.567804773926049,0.9869763,0.346206,1.007817,0.055302262
48.02,-7.34,,,1.0,-1.1603881064244874,5.565093115610747,1.03931,0.37268877,1.067109,0.064816356
48.02,-7.2400002,,,1.0,-1.1530135144247873,5.562845387811063,1.084993,0.39515257,1.1196358,0.07613242
48.02,-7.2000003,,,1.0,-1.150063411172183,5.561949345464113,1.1034899,0.40402174,1.1410989,0.08223522
48.02,-7.1600003,,,1.0,-1.1471131564561836,5.561055044254904,1.1219791,0.4127316,1.1626697,0.086398244
48.02,-7.1400003,,,1.0,-1.1456379724645247,5.560608546365241,1.1311793,0.4170243,1.1734582,0.09019387
48.02,-7.1,,,1.0,-1.1426874563699114,5.559716844973515,1.1495006,0.42538726,1.1949923,0.09526396
48.02,-7.06,,,1.0,-1.139736825301225,5.558826893668287,1.1675667,0.4334836,1.2163587,0.10121071
48.02,-7.0,,,1.0,-1.13531059832204,5.557495226696691,1.1940317,0.44496334,1.2478637,0.11078596
48.02,-6.96,,,1.0,-1.1323595941807545,5.556609621057779,1.2111155,0.45211333,1.2683413,0.11640215
48.02,-6.94,,,1.0,-1.130884036459033,5.556167469688851,1.2194641,0.45550817,1.2783799,0.12049222
48.02,-6.9,,,1.0,-1.1279328100383053,5.555284469432516,1.2356822,0.46196806,1.2979777,0.12534928
48.02,-6.86,,,1.0,-1.1249814360799804,5.554403205259613,1.2512317,0.4678964,1.3168466,0.13137376
48.02,-6.84,,,1.0,-1.123505693935922,5.553963223995222,1.258718,0.47065872,1.3259665,0.1349392
48.02,-6.8,,,1.0,-1.1205540996406362,5.553084562692696,1.2730657,0.47575748,1.3435026,0.14034593
48.02,-6.76,,,1.0,-1.1176023590982345,5.552207635802139,1.2865156,0.48025048,1.3600115,0.14793253
48.02,-6.7400002,,,1.0,-1.1161264341449448,5.5517698225529575,1.2928736,0.48226684,1.3678374,0.14928055
48.02,-6.7000003,,,1.0,-1.1131744751945685,5.550895496030595,1.3047953,0.48581374,1.3825556,0.15423703
48.02,-6.6600003,,,1.0,-1.110222371278588,5.550022902255417,1.3155787,0.48870653,1.3959272,0.1583761
48.02,-6.6400003,,,1.0,-1.10874626511796,5.549587254940472,1.3205184,0.48989516,1.4020568,0.1590128
48.02,-6.6,,,1.0,-1.105793909514283,5.5487172486804965,1.32942,0.4917701,1.4131626,0.16529775
48.02,-6.56,,,1.0,-1.10284144541118,5.547848983891113,1.3369431,0.49295115,1.4225999,0.16865742
48.02,-6.54,,,1.0,-1.101365159633104,5.54741550044812,1.3401531,0.4932822,1.4266498,0.17019045
48.02,-6.5,,,1.0,-1.0984124809398368,5.546549831052694,1.3454198,0.49341214,1.4333396,0.1729852
48.02,-6.46,,,1.0,-1.095459659817296,5.545685891095016,1.3490406,0.49285233,1.4380448,0.17499924
48.02,-6.44,,,1.0,-1.093983196002295,5.545254569449458,1.3502121,0.49230546,1.4396157,0.17517567
48.02,-6.4,,,1.0,-1.0910301621785632,5.544393222413753,1.3511684,0.4907213,1.441123,0.17460167
48.02,-6.36,,,1.0,-1.0880769871804694,5.543533603171177,1.350227,0.4884616,1.4403455,0.17606735
48.02,-6.34,,,1.0,-1.086600346897188,5.543104441267283,1.3490093,0.48708838,1.4390702,0.17655039
48.02,-6.3,,,1.0,-1.083646961073694,5.542247412484818,1.3449994,0.48387212,1.4346777,0.17434263
48.02,-6.26,,,1.0,-1.08069343532199,5.541392109857619,1.3388286,0.48004186,1.4277496,0.17328906
48.02,-6.2400002,,,1.0,-1.0792166201281188,5.540965105648063,1.3348973,0.47791272,1.423304,0.17194688
48.02,-6.2000003,,,1.0,-1.0762628854136993,5.540112391029263,1.325285,0.4732358,1.4124103,0.16873002
48.02,-6.1600003,,,1.0,-1.07330901200851,5.539261400934639,1.3132623,0.46804965,1.3987837,0.16539097
48.02,-6.1400003,,,1.0,-1.0718320234508525,5.538836552380562,1.3063252,0.46527147,1.3909276,0.1643871
48.02,-6.1,,,1.0,-1.0688779077163673,5.537988137749286,1.2905233,0.45940548,1.3730917,0.1609422
48.02,-6.06,,,1.0,-1.0659236897344964,5.5371414561419385,1.2721256,0.4531371,1.3524059,0.15551364
48.02,-6.04,,,1.0,-1.0644465293482146,5.536718761223233,1.261935,0.44988132,1.3409863,0.1515274
48.02,-6.0,,,1.0,-1.0614921060900022,5.5358746627513895,1.2395213,0.4431336,1.3159868,0.1473813
48.02,-5.96,,,1.0,-1.0585375465899791,5.5350322855619325,1.2143742,0.43615586,1.2881136,0.14172554
48.02,-5.94,,,1.0,-1.057060215901115,5.534611742246469,1.2007617,0.43260717,1.273112,0.1423024
48.02,-5.9,,,1.0,-1.054105452948585,5.533771945771401,1.1714858,0.42539096,1.2409981,0.13706112
48.02,-5.86,,,1.0,-1.0511505549658615,5.53293386896806,1.1394331,0.4181174,1.206119,0.12945127
48.02,-5.7400002,,,1.0,-1.0422850556523724,5.530429950170379,1.0270962,0.39668816,1.0859048,0.1155678
48.02,-5.6400003,,,1.0,-1.0348962238791426,5.528355157031919,0.9161508,0.38043416,0.969988,0.100020885
48.02,-5.6000004,,,1.0,-1.031940459894802,5.52752824248655,0.86787087,0.37463856,0.9203402,0.09679961
48.02,-5.46,,,1.0,-1.0215942186645397,5.52464753233008,0.6852374,0.35891634,0.73640305,0.08451533
48.02,-5.4,,,1.0,-1.017159642459669,5.523419370561848,0.6024966,0.35482526,0.65491325,0.08212185
48.02,-5.36,,,1.0,-1.0142030968525233,5.522602735832573,0.5466279,0.3531121,0.6004704,0.080598
48.02,-5.34,,,1.0,-1.0127247757824769,5.522195060166977,0.51861703,0.35257995,0.57332695,0.080733776
48.02,-5.26,,,1.0,-1.006811171079736,5.52056863366811,0.40702376,0.3526832,0.46626255,0.07997334
48.02,-5.2400002,,,1.0,-1.0053326900877222,5.520163095692796,0.379455,0.3533001,0.44006267,0.07855594
48.02,-5.2000003,,,1.0,-1.0023756327279831,5.519353301574364,0.3250435,0.35520232,0.38858438,0.07993746
48.02,-5.1600003,,,1.0,-0.9994184485840584,5.5185452160455295,0.2718685,0.35805404,0.3385806,0.081761956
48.02,-5.1400003,,,1.0,-0.9979398091115064,5.518141813807472,0.24583015,0.35983348,0.31421876,0.08275652
48.02,-5.1000004,,,1.0,-0.9949824356514676,5.517336289995212,0.1950805,0.36407006,0.26691473,0.08635485
48.02,-5.06,,,1.0,-0.9920249012953166,5.516532463645002,0.14631853,0.36924636,0.22167677,0.088228464
48.02,-5.04,,,1.0,-0.9905461047727202,5.516131195210037,0.12275739,0.37215674,0.1999,0.0912714
48.02,-5.0,,,1.0,-0.9875884180672864,5.5153299378408445,0.07744371,0.37864184,0.15814641,0.09385133
48.02,-4.96,,,1.0,-0.9846306068595504,5.5145303859572765,0.034692638,0.38596028,0.118889324,0.09986687
48.02,-4.94,,,1.0,-0.983151654708776,5.514131249379607,0.014339236,0.3899293,0.10024313,0.10224533
48.02,-4.9,,,1.0,-0.9801936575956208,5.5133342545671224,-0.024277134,0.3984202,0.064960144,0.10648525
48.02,-4.86,,,1.0,-0.977235537109001,5.512538963698753,-0.059971813,0.40762365,0.032416753,0.11302447
48.02,-4.84,,,1.0,-0.9757564307410956,5.512141957051492,-0.07669947,0.4124881,0.01718408,0.11692798
48.02,-4.8,,,1.0,-0.972798126036301,5.511349220947187,-0.107905254,0.42267,-0.011164251,0.12548506
48.02,-4.76,,,1.0,-0.9698396990788762,5.510558187252489,-0.13606024,0.43341815,-0.03672207,0.13314748
48.02,-4.7400002,,,1.0,-0.968360439894885,5.510163308617498,-0.14899218,0.43899834,-0.04844646,0.13725948
48.04,-10.0,,,1.0,-1.3554138990441642,5.631106763464047,0.23356573,0.6045028,0.2613204,0.12139177
48.04,-9.9800005,,,1.0,-1.3539454807592066,5.63059768551103,0.24047056,0.5958642,0.26950875,0.11475325
48.04,-9.96,,,1.0,-1.3524769443218252,5.630089030856359,0.247511,0.5872849,0.2778589,0.10848403
48.04,-9.94,,,1.0,-1.3510083598322054,5.629580823692718,0.25468665,0.57877237,0.28635308,0.10256088
48.04,-9.92,,,1.0,-1.349539797399591,5.6290730881274955,0.26199657,0.5703273,0.29499206,0.097002625
48.04,-9.9,,,1.0,-1.3480711170472257,5.628565775644857,0.26943302,0.5619694,0.30377075,0.09178674
48.04,-9.88,,,1.0,-1.3466024589158048,5.628058934531651,0.2770005,0.55369866,0.31268537,0.08692026
48.04,-9.84,,,1.0,-1.3436649295071046,5.627046569323983,0.29247686,0.5374335,0.3308757,0.078176975
48.04,-9.82,,,1.0,-1.342196058384014,5.626541045086178,0.30038378,0.5294634,0.34013748,0.07428622
48.04,-9.8,,,1.0,-1.3407272098084266,5.626035991760601,0.30839252,0.5216067,0.34950376,0.07068777
48.04,-9.78,,,1.0,-1.3392582437756575,5.6255313610875834,0.31649035,0.51386505,0.35895458,0.067420006
48.04,-9.76,,,1.0,-1.3377893004530108,5.625027201098581,0.32467267,0.50624377,0.36848646,0.064432025
48.04,-9.74,,,1.0,-1.3363202398265546,5.624523463619238,0.3329325,0.4987569,0.3780883,0.061701655
48.04,-9.72,,,1.0,-1.3348512020724026,5.624020196595953,0.34125498,0.4914053,0.38774163,0.059256792
48.04,-9.7,,,1.0,-1.3333820471674054,5.623517351939653,0.34964782,0.48418802,0.3974412,0.05705619
48.04,-9.68,,,1.0,-1.3319129152964555,5.623014977511713,0.3580849,0.47711605,0.40717378,0.0550735
48.04,-9.66,,,1.0,-1.3304436664272186,5.622513025308307,0.36655506,0.47019112,0.4169194,0.053343415
48.04,-9.64,,,1.0,-1.3289744407533373,5.622011543105821,0.37505215,0.4634121,0.42667645,0.051858068
48.04,-9.62,,,1.0,-1.3275050982333212,5.621510482985643,0.383562,0.45678365,0.43642864,0.050564766
48.04,-9.6,,,1.0,-1.3260357790695338,5.621009892639205,0.39207822,0.4503138,0.4461508,0.0494709
48.04,-9.58,,,1.0,-1.3245663432113564,5.620509724233071,0.40058818,0.44399768,0.45583865,0.048566103
48.04,-9.56,,,1.0,-1.3230969308698473,5.620010025373758,0.4090753,0.4378382,0.4654829,0.047826767
48.04,-9.54,,,1.0,-1.321627401985291,5.61951074831297,0.41753456,0.4318472,0.47506094,0.047326565
48.04,-9.52,,,1.0,-1.320157896777406,5.619011940572341,0.42594427,0.4260112,0.4845555,0.04690838
48.04,-9.5,,,1.0,-1.318688275177414,5.618513554488685,0.4342993,0.4203301,0.4939613,0.046695232
48.04,-9.4800005,,,1.0,-1.3172186774136665,5.618015637498791,0.44258916,0.4148121,0.503256,0.04655969
48.04,-9.46,,,1.0,-1.315748963408348,5.617518142024542,0.45079494,0.40945363,0.51243925,0.04667926
48.04,-9.440001,,,1.0,-1.314279273398414,5.617021115417912,0.45891097,0.40425694,0.52148116,0.046880364
48.04,-9.42,,,1.0,-1.3128094672970452,5.616524510185829,0.46692947,0.39920795,0.53037786,0.047230244
48.04,-9.4,,,1.0,-1.3113396152622745,5.6160283499478725,0.47483605,0.3943172,0.53912693,0.04768753
48.04,-9.38,,,1.0,-1.3098697874607952,5.615532658238816,0.4826233,0.3895743,0.54770005,0.048121214
48.04,-9.36,,,1.0,-1.3083998437923323,5.615037387693074,0.49028593,0.3849966,0.556095,0.048728943
48.04,-9.34,,,1.0,-1.3069299245152264,5.614542585450748,0.4978086,0.38055146,0.56430805,0.049384236
48.04,-9.28,,,1.0,-1.3025197530592407,5.613060798830967,0.5194967,0.36806935,0.5877103,0.052017093
48.04,-9.26,,,1.0,-1.301049651750373,5.612567774425316,0.5264149,0.36417806,0.59509265,0.05292225
48.04,-9.24,,,1.0,-1.2995794350207306,5.6120751707620595,0.53317434,0.36040795,0.6022424,0.054082394
48.04,-9.22,,,1.0,-1.2981092431540762,5.611583034727339,0.53977364,0.35676235,0.60917276,0.05503571
48.04,-9.2,,,1.0,-1.2966389360145896,5.611091319295161,0.54620546,0.35323256,0.61587703,0.056090355
48.04,-9.18,,,1.0,-1.2951686538944474,5.610600071267082,0.55247533,0.34981644,0.6223553,0.057145476
48.04,-9.16,,,1.0,-1.293698256649018,5.610109243701922,0.5585814,0.34650123,0.6285958,0.05820799
48.04,-9.14,,,1.0,-1.2922278845788675,5.609618883316694,0.5645297,0.34329814,0.6346128,0.059482336
48.04,-9.12,,,1.0,-1.2907573975305795,5.609128943254992,0.5703167,0.34018183,0.6404031,0.06048143
48.04,-9.1,,,1.0,-1.2892869358130798,5.6086394701493125,0.575949,0.3371622,0.6459696,0.06151092
48.04,-9.08,,,1.0,-1.2878163592641978,5.608150417228,0.5814302,0.33422637,0.65132,0.06271434
48.04,-9.06,,,1.0,-1.2863458082011907,5.607661831039065,0.5867639,0.3313715,0.6564467,0.063774824
48.04,-9.04,,,1.0,-1.2848751424531628,5.607173664895561,0.5919508,0.32859808,0.6613697,0.06448269
48.04,-9.0,,,1.0,-1.2819337476991368,5.606198685533286,0.601912,0.32323986,0.6705914,0.06622207
48.04,-8.92,,,1.0,-1.2760504267606232,5.604254042826614,0.62033767,0.31324244,0.68675005,0.06887627
48.04,-8.9,,,1.0,-1.2745794511767008,5.603768977567872,0.6246689,0.31087297,0.69036186,0.06947708
48.04,-8.88,,,1.0,-1.2731085017713384,5.6032843780383965,0.62889993,0.30853587,0.6938112,0.07001877
48.04,-8.86,,,1.0,-1.2716374383347389,5.602800197932006,0.63304067,0.30624616,0.69712603,0.07027662
48.04,-8.84,,,1.0,-1.2701664012294744,5.602316483332701,0.6370936,0.30399716,0.70029026,0.07027471
48.04,-8.82,,,1.0,-1.268695250237186,5.601833188018821,0.6410742,0.30177474,0.7033345,0.070387125
48.04,-8.78,,,1.0,-1.2657528874768034,5.600867947109393,0.6488353,0.2974329,0.7090759,0.06991923
48.04,-8.76,,,1.0,-1.264281675860655,5.600386001292197,0.6526281,0.29531032,0.71179545,0.070053935
48.04,-8.72,,,1.0,-1.2613390522160022,5.599423412521545,0.66008854,0.2911473,0.71699166,0.069177985
48.04,-8.7,,,1.0,-1.259867640330549,5.598942769431124,0.66376346,0.2891177,0.7194882,0.06872916
48.04,-8.68,,,1.0,-1.2583962553833836,5.59846259096173,0.66742533,0.28710198,0.7219338,0.06810689
48.04,-8.66,,,1.0,-1.2569247571221702,5.5979828312294435,0.6710646,0.28513134,0.7243337,0.06746721
48.04,-8.64,,,1.0,-1.2554532859499488,5.597503535897339,0.6746984,0.28318965,0.7267108,0.066137314
48.04,-8.62,,,1.0,-1.253981701605958,5.597024659165847,0.67833567,0.28127658,0.7290562,0.06574583
48.04,-8.6,,,1.0,-1.2525101445012492,5.596546246613959,0.68197536,0.27940947,0.73140454,0.06473446
48.04,-8.58,,,1.0,-1.2510384743666696,5.596068252526423,0.6856425,0.27756453,0.7337533,0.06357443
48.04,-8.56,,,1.0,-1.2495668316212498,5.595590722398185,0.6893171,0.27578002,0.7361138,0.06263685
48.04,-8.54,,,1.0,-1.2480950759874712,5.59511361059827,0.69303435,0.27402538,0.7384984,0.06186819
48.04,-8.52,,,1.0,-1.2466233478923223,5.594636962537615,0.69678855,0.27231693,0.74091613,0.060566306
48.04,-8.5,,,1.0,-1.2451515070499457,5.594160732669495,0.70058763,0.2706598,0.7433736,0.05902314
48.04,-8.4800005,,,1.0,-1.2436796938952577,5.593684966320866,0.7044404,0.2690553,0.74588233,0.058899283
48.04,-8.46,,,1.0,-1.2422077681340913,5.593209618029216,0.70835096,0.26750624,0.7484578,0.05797875
48.04,-8.440001,,,1.0,-1.240735870209264,5.592734733037556,0.71231824,0.26602852,0.7510931,0.055777192
48.04,-8.42,,,1.0,-1.239263859818328,5.592260265967557,0.7163537,0.26461315,0.75381386,0.05427718
48.04,-8.4,,,1.0,-1.237791807219637,5.5917862393859865,0.72046864,0.26326263,0.7566128,0.052983284
48.04,-8.38,,,1.0,-1.2363197826794996,5.59131267577566,0.72465867,0.26198888,0.7594985,0.051835775
48.04,-8.36,,,1.0,-1.234847645883095,5.59083952988446,0.72891945,0.2608025,0.7624818,0.05124855
48.04,-8.34,,,1.0,-1.233375537292876,5.590366846745679,0.73326546,0.25970292,0.7655657,0.049824715
48.04,-8.32,,,1.0,-1.2319033165858124,5.589894581191297,0.7377043,0.25868028,0.76875603,0.04985857
48.04,-8.3,,,1.0,-1.2304311242321626,5.589422778170782,0.7422213,0.25775933,0.7720478,0.047587395
48.04,-8.28,,,1.0,-1.2289588199007095,5.588951392600179,0.7468348,0.25693035,0.7754582,0.04624176
48.04,-8.26,,,1.0,-1.2274865440694942,5.588480469345158,0.75152475,0.25621378,0.77897334,0.045772314
48.04,-8.2,,,1.0,-1.2230693266509072,5.587070292903869,0.7661136,0.25471675,0.7902229,0.042398453
48.04,-8.14,,,1.0,-1.2186518066677323,5.585664094321063,0.7814085,0.25431275,0.8025127,0.041371346
48.04,-8.06,,,1.0,-1.212761156642515,5.583795296824004,0.80274063,0.25563043,0.82045263,0.038754344
48.04,-8.0,,,1.0,-1.208342704043781,5.582398296202546,0.8193113,0.25812793,0.83504367,0.038562775
48.04,-7.92,,,1.0,-1.2024509110433552,5.580541783833731,0.8421342,0.2635402,0.8560498,0.03716111
48.04,-7.84,,,1.0,-1.1965584710651895,5.578692283846037,0.8659119,0.27137756,0.87904835,0.037617683
48.04,-7.78,,,1.0,-1.1921387191749908,5.577309757387305,0.88456595,0.27879858,0.89780235,0.038583636
48.04,-7.7000003,,,1.0,-1.1862451576577218,5.575472515706727,0.91086,0.2906466,0.925135,0.039763927
48.04,-7.64,,,1.0,-1.181824534544394,5.574099165723153,0.931873,0.3008436,0.9475614,0.042369604
48.04,-7.56,,,1.0,-1.1759298649551382,5.57227416546403,0.96179247,0.31596637,0.9801486,0.044778347
48.04,-7.48,,,1.0,-1.170034568182406,5.570456152713313,0.993893,0.33247626,1.0157447,0.049537778
48.04,-7.46,,,1.0,-1.168560646500037,5.570002740681092,1.0022475,0.3367694,1.0250827,0.052520633
48.04,-7.44,,,1.0,-1.1670866859570572,5.569549764939987,1.0107164,0.34112048,1.0345831,0.051460505
48.04,-7.42,,,1.0,-1.1656126866208325,5.569097225404578,1.019297,0.34551406,1.0442442,0.05226767
48.04,-7.34,,,1.0,-1.1597163026875932,5.567291427613798,1.0546097,0.36340356,1.0842587,0.059741616
48.04,-7.26,,,1.0,-1.153819303427731,5.565492602297614,1.0910497,0.38144004,1.1259961,0.06856322
48.04,-7.2400002,,,1.0,-1.1523449579685467,5.565043984780398,1.1002624,0.38591838,1.1366091,0.07103562
48.04,-7.2000003,,,1.0,-1.149396152742536,5.564148055726583,1.1187352,0.39477932,1.1579756,0.07576728
48.04,-7.1800003,,,1.0,-1.147921693108319,5.5637007440206565,1.12797,0.39915407,1.1687031,0.0763967
48.04,-7.1600003,,,1.0,-1.146447195548214,5.563253867415941,1.1371857,0.40348208,1.1794364,0.08042455
48.04,-7.1400003,,,1.0,-1.1449726601282952,5.562807425827938,1.1463785,0.40774876,1.19017,0.08064246
48.04,-7.12,,,1.0,-1.1434980517575002,5.562361408543759,1.1555308,0.41195834,1.2008868,0.08535993
48.04,-7.1,,,1.0,-1.1420234408149177,5.5619158367463095,1.1646303,0.4160989,1.2115695,0.0883348
48.04,-7.08,,,1.0,-1.1405487922101998,5.561470699712466,1.1736631,0.4201615,1.2222124,0.091041565
48.04,-7.06,,,1.0,-1.1390741060090588,5.561025997357993,1.1826335,0.4241433,1.2327954,0.09428811
48.04,-7.04,,,1.0,-1.137599382277111,5.560581729598723,1.191514,0.42803633,1.2433091,0.09674811
48.04,-7.02,,,1.0,-1.136124621079886,5.56013789635055,1.2002968,0.4318391,1.253739,0.09951997
48.04,-7.0,,,1.0,-1.1346498224828196,5.55969449752944,1.2089658,0.43554455,1.2640625,0.10294032
48.04,-6.98,,,1.0,-1.1331749865512577,5.559251533051421,1.2175243,0.43913466,1.2742726,0.1054337
48.04,-6.96,,,1.0,-1.131700113350456,5.558809002832588,1.2259554,0.4426182,1.2843573,0.10650253
48.04,-6.94,,,1.0,-1.1302252029455793,5.558366906789102,1.2342412,0.44598132,1.2943032,0.11172414
48.04,-6.92,,,1.0,-1.1287502554017022,5.557925244837195,1.242374,0.4492253,1.3040905,0.11424303
48.04,-6.9,,,1.0,-1.1272752707838058,5.5574840168931585,1.2503422,0.45234513,1.313701,0.115038395
48.04,-6.88,,,1.0,-1.1258002491567876,5.5570432228733555,1.2581455,0.45532435,1.3231255,0.120726466
48.04,-6.86,,,1.0,-1.124325190585448,5.5566028626942146,1.2657602,0.45817065,1.3323512,0.1242007
48.04,-6.84,,,1.0,-1.1228500951345026,5.556162936272227,1.2731615,0.46089035,1.3413572,0.12506092
48.04,-6.82,,,1.0,-1.1213749628685723,5.555723443523955,1.2803732,0.46344924,1.3501353,0.12911654
48.04,-6.8,,,1.0,-1.1198997938521933,5.555284384366029,1.2873658,0.4658615,1.358664,0.13241935
48.04,-6.78,,,1.0,-1.1184245881498074,5.554845758715137,1.2941222,0.4681272,1.3669297,0.13433003
48.04,-6.76,,,1.0,-1.1169493458257684,5.554407566488046,1.3006359,0.4702345,1.3749133,0.13710952
48.04,-6.7400002,,,1.0,-1.115474066944344,5.55396980760158,1.3069001,0.4721836,1.3826039,0.1411537
48.04,-6.7200003,,,1.0,-1.113998751569706,5.553532481972636,1.3129048,0.47396582,1.3899932,0.14222598
48.04,-6.7000003,,,1.0,-1.112523399765941,5.55309558951817,1.3186266,0.47559315,1.3970404,0.14532042
48.04,-6.6800003,,,1.0,-1.111048011597047,5.552659130155215,1.3240626,0.47705102,1.4037527,0.14743102
48.04,-6.6600003,,,1.0,-1.1095725871269295,5.552223103800864,1.3292054,0.47833073,1.4101152,0.14972317
48.04,-6.6400003,,,1.0,-1.1080971264194088,5.551787510372279,1.3340325,0.47944373,1.4160908,0.1520741
48.04,-6.62,,,1.0,-1.1066215943591615,5.5513523394168,1.338537,0.4803834,1.4216816,0.15502024
48.04,-6.6,,,1.0,-1.1051460613670718,5.5509176116018155,1.3426961,0.4811573,1.4268632,0.15359712
48.04,-6.58,,,1.0,-1.1036704923285017,5.550483316464482,1.3465179,0.48174518,1.4316264,0.15599704
48.04,-6.56,,,1.0,-1.102194887306915,5.550049453922227,1.3499705,0.4821623,1.4359415,0.15789223
48.04,-6.54,,,1.0,-1.1007192463656856,5.5496160238925505,1.3530533,0.482396,1.4398022,0.15999949
48.04,-6.52,,,1.0,-1.099243569568101,5.549183026293016,1.3557329,0.4824648,1.4431971,0.16339052
48.04,-6.5,,,1.0,-1.0977678569773583,5.548750461041251,1.3580168,0.4823569,1.4460988,0.16219234
48.04,-6.48,,,1.0,-1.0962921086565685,5.548318328054957,1.3598975,0.48205644,1.4484974,0.16279244
48.04,-6.46,,,1.0,-1.0948163246687534,5.547886627251899,1.3613405,0.48159087,1.4503833,0.16380858
48.04,-6.44,,,1.0,-1.093340505076847,5.547455358549909,1.3623246,0.4809664,1.4517289,0.16289079
48.04,-6.42,,,1.0,-1.091864649943694,5.547024521866888,1.3628651,0.48015243,1.4525317,0.16208851
48.04,-6.4,,,1.0,-1.090388759332055,5.5465941171208035,1.362933,0.47917295,1.4527615,0.1653111
48.04,-6.38,,,1.0,-1.0889128333045983,5.546164144229687,1.3625165,0.47802603,1.4524131,0.16675389
48.04,-6.36,,,1.0,-1.0874368719239085,5.5457346031116455,1.3616042,0.47670907,1.4514756,0.16652918
48.04,-6.34,,,1.0,-1.08596087525248,5.545305493684846,1.3601782,0.47523278,1.4499329,0.16396439
48.04,-6.32,,,1.0,-1.084484843352722,5.544876815867523,1.3582271,0.47359473,1.4477668,0.1648252
48.04,-6.3,,,1.0,-1.0830087762869554,5.5444485695779875,1.3557334,0.47180492,1.4449701,0.16407716
48.04,-6.28,,,1.0,-1.0815326741174136,5.544020754734606,1.3526936,0.46985435,1.4415277,0.16342211
48.04,-6.26,,,1.0,-1.080056536906242,5.543593371255822,1.3490839,0.4677617,1.4374244,0.16244745
48.04,-6.2400002,,,1.0,-1.078580364715503,5.543166419060141,1.3448933,0.4655282,1.4326621,0.16052389
48.04,-6.2200003,,,1.0,-1.0771041576071678,5.542739898066138,1.3401191,0.46315396,1.4272219,0.15861392
48.04,-6.2000003,,,1.0,-1.075627915643123,5.542313808192456,1.3347498,0.46063423,1.4210918,0.15876281
48.04,-6.1800003,,,1.0,-1.0741516388851675,5.541888149357805,1.3287573,0.45799792,1.4142648,0.15726781
48.04,-6.1600003,,,1.0,-1.0726753273950154,5.541462921480963,1.3221432,0.45523238,1.4067346,0.15676618
48.04,-6.1400003,,,1.0,-1.0711989812342926,5.541038124480778,1.3148845,0.45235908,1.3984972,0.15459275
48.04,-6.1200004,,,1.0,-1.0697226004645393,5.540613758276162,1.306991,0.4493708,1.3895336,0.15151215
48.04,-6.1,,,1.0,-1.0682461499462808,5.540189812683813,1.2984393,0.44627118,1.3798629,0.14879191
48.04,-6.08,,,1.0,-1.0667697001419203,5.539766307837614,1.289229,0.44307393,1.3694555,0.14820397
48.04,-6.06,,,1.0,-1.0652932159126356,5.539343233544133,1.2793472,0.4397897,1.3583146,0.14478838
48.04,-6.04,,,1.0,-1.0638166973196208,5.538920589722555,1.2687778,0.43643135,1.3464468,0.14354873
48.04,-6.02,,,1.0,-1.0623401444239868,5.5384983762921305,1.2575278,0.43299395,1.333843,0.13951015
48.04,-6.0,,,1.0,-1.0608635572867582,5.538076593172183,1.2455789,0.42949235,1.320514,0.13700354
48.04,-5.98,,,1.0,-1.059386935968873,5.537655240282104,1.2329437,0.425923,1.3064493,0.13465238
48.04,-5.96,,,1.0,-1.0579102805311844,5.537234317541348,1.2195988,0.42231822,1.2916551,0.13438964
48.04,-5.94,,,1.0,-1.056433591034461,5.536813824869442,1.2055575,0.41866267,1.276131,0.13020456
48.04,-5.9,,,1.0,-1.0534801101065523,5.535974129410624,1.1753495,0.41128194,1.2429447,0.12438166
48.04,-5.88,,,1.0,-1.0520033187964768,5.5355549264631065,1.159204,0.40754795,1.2252913,0.12314618
48.04,-5.86,,,1.0,-1.0505264936695848,5.535136153263222,1.1423416,0.40382642,1.2069417,0.12148571
48.04,-5.84,,,1.0,-1.0490496347862193,5.534717809730842,1.1248033,0.40009654,1.1879112,0.118528366
48.04,-5.82,,,1.0,-1.0475727422066368,5.5342998957859,1.1065445,0.39641416,1.1682147,0.11547136
48.04,-5.8,,,1.0,-1.046095815991011,5.5338824113484,1.0876057,0.39273638,1.147861,0.11085701
48.04,-5.76,,,1.0,-1.043141862891895,5.533048730676082,1.0477246,0.3854847,1.1052577,0.10741103
48.04,-5.7400002,,,1.0,-1.0416648361283285,5.532632534281614,1.0267912,0.38195038,1.0830456,0.105196714
48.04,-5.6800003,,,1.0,-1.0372335556993604,5.531386519908511,0.9602164,0.3717649,1.0130283,0.0976187
48.04,-5.6600003,,,1.0,-1.0357563957091704,5.530972039788959,0.93682635,0.36854464,0.98864967,0.091971755
48.04,-5.6400003,,,1.0,-1.034279202561282,5.5305579885393445,0.9128726,0.36542374,0.9637857,0.09485793
48.04,-5.58,,,1.0,-1.029847389543335,5.529318397380689,0.8378291,0.35683,0.88664997,0.08543134
48.04,-5.52,,,1.0,-1.0254153154594932,5.528082673064568,0.75866455,0.34950572,0.806381,0.08036935
48.04,-5.44,,,1.0,-1.0195054252116311,5.526441036695818,0.64824116,0.3421545,0.69618994,0.07575011
48.04,-5.42,,,1.0,-1.0180278712313096,5.526031697801811,0.62002486,0.34079957,0.6683424,0.07453036
48.04,-5.4,,,1.0,-1.0165502848007697,5.525622786829727,0.5916524,0.33964533,0.64046216,0.0743233
48.04,-5.38,,,1.0,-1.0150726659784275,5.525214303701015,0.5631599,0.3386966,0.61257654,0.073299766
48.04,-5.36,,,1.0,-1.01359501482262,5.524806248337192,0.53458947,0.3379773,0.5847383,0.072818875
48.04,-5.34,,,1.0,-1.012117331391599,5.5243986206598406,0.5060099,0.33746576,0.556986,0.0724448
48.04,-5.2200003,,,1.0,-1.003250556277778,5.521961831629175,0.3364734,0.33929276,0.39454532,0.07168305
48.04,-5.1800003,,,1.0,-1.000294708998948,5.521152986567157,0.2817942,0.34179425,0.3428828,0.07369268
48.04,-5.1600003,,,1.0,-0.998816737698829,5.520749204550829,0.2550101,0.34340543,0.3176748,0.075439215
48.04,-5.1400003,,,1.0,-0.9973387347015142,5.520345849440637,0.22863819,0.34525293,0.2929335,0.07644677
48.04,-5.1200004,,,1.0,-0.995860700064356,5.519942921158929,0.20270994,0.34732544,0.26868945,0.07649863
48.04,-5.1000004,,,1.0,-0.9943826338446266,5.519540419628121,0.17729595,0.34965646,0.24495551,0.07876456
48.04,-5.08,,,1.0,-0.9929045008585116,5.5191383351895675,0.15239921,0.35220587,0.22178392,0.08004403
48.04,-5.06,,,1.0,-0.991426371644382,5.518736686938259,0.12805854,0.35497856,0.19917735,0.08056688
48.04,-5.04,,,1.0,-0.9899482110190124,5.518335465205522,0.10432553,0.3579867,0.1771836,0.08365035
48.04,-5.02,,,1.0,-0.9884700190393508,5.517934669914047,0.08120779,0.36120832,0.15580623,0.08387923
48.04,-5.0,,,1.0,-0.9869917957622644,5.5175343009866005,0.05873952,0.3646493,0.13507535,0.08584905
48.04,-4.98,,,1.0,-0.985513541244542,5.517134358346019,0.036957655,0.36831737,0.11499802,0.0879693
48.04,-4.96,,,1.0,-0.9840352555428872,5.516734841915203,0.015842099,0.37215316,0.09559066,0.09031153
48.04,-4.94,,,1.0,-0.9825569387139288,5.516335751617132,-0.004534925,0.3762288,0.076871395,0.09264004
48.04,-4.92,,,1.0,-0.9810785908142116,5.515937087374846,-0.024193777,0.38047647,0.058862828,0.09579468
48.04,-4.9,,,1.0,-0.9796002119002007,5.515538849111461,-0.04308803,0.38492787,0.041548565,0.09862137
48.04,-4.88,,,1.0,-0.9781218020282828,5.515141036750162,-0.061231803,0.38954914,0.024958275,0.10312116
48.04,-4.86,,,1.0,-0.9766433612547628,5.514743650214198,-0.078625634,0.394333,0.00908266,0.106454015
48.04,-4.84,,,1.0,-0.9751648896358668,5.514346689426896,-0.09522501,0.39930457,-0.0060632247,0.108095884
48.04,-4.82,,,1.0,-0.9736863872277406,5.513950154311649,-0.11105597,0.40441895,-0.020485578,0.112743855
48.04,-4.8,,,1.0,-0.9722078540864504,5.51355404479192,-0.1260922,0.4096974,-0.0341813,0.115760684
48.04,-4.78,,,1.0,-0.9707292902679828,5.51315836079124,-0.14035079,0.41509712,-0.047143754,0.119923115
48.04,-4.76,,,1.0,-0.9692506958282464,5.512763102233217,-0.15382008,0.42065144,-0.059394184,0.12420416
48.06,-10.0,,,1.0,-1.354654325871991,5.6332963849962265,0.2324802,0.5960983,0.2556296,0.11521518
48.06,-9.9800005,,,1.0,-1.353186575078846,5.632787378989312,0.23935868,0.58734894,0.2637341,0.1087029
48.06,-9.96,,,1.0,-1.351718706026002,5.632278796164781,0.24637821,0.57865953,0.2719958,0.10256541
48.06,-9.94,,,1.0,-1.3502507887818984,5.631770660712036,0.25353405,0.5700393,0.28041628,0.09678054
48.06,-9.92,,,1.0,-1.348782893424066,5.631262996735219,0.26082903,0.56148875,0.28898817,0.091340184
48.06,-9.9,,,1.0,-1.3473148800394514,5.630755755725483,0.2682551,0.55302334,0.2977043,0.08626962
48.06,-9.88,,,1.0,-1.3458468887052373,5.630248985963014,0.2758164,0.5446472,0.3065628,0.081528425
48.06,-9.84,,,1.0,-1.3429106925068677,5.629236763104589,0.29129073,0.5281942,0.32467753,0.07304692
48.06,-9.82,,,1.0,-1.3414424877970652,5.628731309865596,0.29920566,0.5201211,0.33391175,0.06927705
48.06,-9.8,,,1.0,-1.3399743054646058,5.628226327417326,0.30722037,0.5121721,0.34325388,0.06581926
48.06,-9.78,,,1.0,-1.33850600556843,5.627721767507023,0.31532988,0.50433993,0.3527014,0.062657356
48.06,-9.76,,,1.0,-1.3370377282124075,5.627217678159557,0.3235341,0.4966396,0.36223394,0.05976653
48.06,-9.74,,,1.0,-1.3355693334462089,5.626714011207465,0.3318141,0.48907256,0.37184265,0.05713749
48.06,-9.72,,,1.0,-1.3341009613825352,5.6262108145905785,0.34017536,0.48163605,0.3815223,0.05480671
48.06,-9.7,,,1.0,-1.332632472061815,5.625708040226697,0.3486,0.47434318,0.39125755,0.052695274
48.06,-9.68,,,1.0,-1.3311640056055594,5.6252057359706455,0.3570743,0.4671986,0.40102986,0.05084753
48.06,-9.66,,,1.0,-1.32969542204498,5.624703853825451,0.36558902,0.46019894,0.41083804,0.049205303
48.06,-9.64,,,1.0,-1.3282268615103656,5.624202441560974,0.37413225,0.45335275,0.42066437,0.047785997
48.06,-9.62,,,1.0,-1.3267581840237477,5.623701451265429,0.38270319,0.44666535,0.4304854,0.046563506
48.06,-9.58,,,1.0,-1.323820758624483,5.622700831809288,0.399848,0.43375647,0.45009536,0.044727683
48.06,-9.56,,,1.0,-1.3223520108724671,5.622201202422099,0.4084104,0.42754513,0.4598451,0.04407525
48.06,-9.42,,,1.0,-1.3120691957157695,5.618716170310655,0.46691215,0.38858968,0.52585566,0.043641686
48.06,-9.4,,,1.0,-1.3106000072069264,5.6182200786237955,0.47493577,0.3836732,0.53480273,0.044042706
48.06,-9.38,,,1.0,-1.309130842763243,5.617724455347728,0.48284402,0.37890238,0.54359394,0.044559002
48.06,-9.36,,,1.0,-1.3076615623478016,5.617229253123549,0.4906318,0.37427288,0.5522126,0.045278788
48.06,-9.34,,,1.0,-1.3061923061557814,5.616734519084995,0.4982909,0.3698089,0.5606529,0.046036363
48.06,-9.32,,,1.0,-1.3047229341413074,5.616240205958093,0.5058144,0.36549115,0.56890744,0.046730638
48.06,-9.3,,,1.0,-1.3032535865080874,5.615746360791913,0.5131911,0.36130065,0.57696885,0.047694325
48.06,-9.28,,,1.0,-1.3017841232013183,5.615252936397375,0.5204235,0.35725516,0.5848282,0.048472166
48.06,-9.26,,,1.0,-1.3003146844332087,5.614759979738917,0.5275076,0.35333836,0.59247184,0.049522877
48.06,-9.24,,,1.0,-1.2988451301400596,5.614267443712314,0.53443474,0.3495587,0.5999094,0.050470233
48.06,-9.22,,,1.0,-1.297375600542548,5.613775375197415,0.5412065,0.3458922,0.6071273,0.0514791
48.06,-9.2,,,1.0,-1.2959059555681085,5.613283727174817,0.5478201,0.34234613,0.6141281,0.052672148
48.06,-9.18,,,1.0,-1.2944363354458612,5.6127925464398025,0.5542777,0.3389144,0.62090665,0.053793192
48.06,-9.16,,,1.0,-1.2929666000944011,5.612301786057763,0.5605786,0.335595,0.6274625,0.054876447
48.06,-9.14,,,1.0,-1.2914968897512635,5.611811492739452,0.5667271,0.33237052,0.6337955,0.055912018
48.06,-9.12,,,1.0,-1.2900270643262337,5.611321619635019,0.5727212,0.32924736,0.6399149,0.057055473
48.06,-9.1,,,1.0,-1.2885572640652323,5.610832213370721,0.57856387,0.32621646,0.64580846,0.058059216
48.06,-9.08,,,1.0,-1.287087348869265,5.610343227181431,0.58426136,0.32326627,0.65148866,0.059095502
48.06,-9.06,,,1.0,-1.2856174589926108,5.609854707608952,0.58981466,0.32041126,0.6569599,0.05990386
48.06,-9.04,,,1.0,-1.2841474543275238,5.609366607972838,0.5952291,0.31762743,0.6622181,0.060958624
48.06,-9.02,,,1.0,-1.2826774751366108,5.608878974730471,0.60050845,0.3149094,0.66727495,0.06171286
48.06,-9.0,,,1.0,-1.281207381303408,5.608391761286059,0.6056601,0.31226546,0.6721301,0.06272924
48.06,-8.9800005,,,1.0,-1.2797373130988192,5.607905014012595,0.61068285,0.30968106,0.67679834,0.06361306
48.06,-8.96,,,1.0,-1.2782671303976885,5.607418686398907,0.6155869,0.30715728,0.6812792,0.064282656
48.06,-8.940001,,,1.0,-1.2767969734791964,5.606932824733629,0.6203779,0.30467767,0.6855784,0.06485653
48.06,-8.92,,,1.0,-1.2753267022095198,5.606447382590178,0.62505966,0.30225277,0.6897061,0.065434456
48.06,-8.9,,,1.0,-1.273856386766533,5.6059623830573715,0.6296392,0.29987872,0.6936726,0.06585038
48.06,-8.88,,,1.0,-1.2723860973364325,5.605477849139669,0.634127,0.29754567,0.69748026,0.066432
48.06,-8.86,,,1.0,-1.2709156937724573,5.604993734537299,0.6385197,0.29525143,0.70114774,0.06648195
48.06,-8.84,,,1.0,-1.2694453163743449,5.604510085328164,0.64283305,0.29299754,0.7046722,0.06647599
48.06,-8.82,,,1.0,-1.267974824986743,5.604026855296989,0.6470675,0.29078168,0.7080617,0.06644809
48.06,-8.8,,,1.0,-1.266504359917564,5.603544090437443,0.65124065,0.28858966,0.71133983,0.066364646
48.06,-8.78,,,1.0,-1.2650337810028929,5.603061744618717,0.6553443,0.28643894,0.7145094,0.06635809
48.06,-8.76,,,1.0,-1.2635632285587888,5.602579863750282,0.65940094,0.28431255,0.7175788,0.06630707
48.06,-8.72,,,1.0,-1.2606219228891125,5.601617404550456,0.66736865,0.28016585,0.7234636,0.06585288
48.06,-8.7,,,1.0,-1.2591511698067657,5.6011368260823895,0.6713033,0.2781353,0.7263011,0.06484544
48.06,-8.68,,,1.0,-1.257680443498029,5.6006567121227375,0.6752137,0.27613556,0.7290841,0.06453788
48.06,-8.66,,,1.0,-1.2562096037734756,5.600177016793879,0.67910486,0.274171,0.7318192,0.06371498
48.06,-8.64,,,1.0,-1.2547387909734358,5.599697785752899,0.6829953,0.2722305,0.73452204,0.06321561
48.06,-8.62,,,1.0,-1.2532678649000335,5.599218973206506,0.68688256,0.27032393,0.73720187,0.06264317
48.06,-8.6,,,1.0,-1.251796965901634,5.59874062472772,0.6907749,0.26845574,0.739878,0.06143987
48.06,-8.58,,,1.0,-1.250325953771943,5.598262694607543,0.69468355,0.26662493,0.74254197,0.060584784
48.06,-8.56,,,1.0,-1.2488549688673365,5.597785228334974,0.6986086,0.26484358,0.74521846,0.05899167
48.06,-8.54,,,1.0,-1.2473838709731253,5.597308180285277,0.70256746,0.26309752,0.7479118,0.058007717
48.06,-8.52,,,1.0,-1.245912800453667,5.596831595863452,0.7065586,0.26140392,0.75064665,0.057192564
48.06,-8.5,,,1.0,-1.2444416170859118,5.596355429528991,0.71058625,0.25977004,0.7534038,0.056235433
48.06,-8.4800005,,,1.0,-1.242970461242168,5.59587972660294,0.7146726,0.2581734,0.756217,0.055272818
48.06,-8.46,,,1.0,-1.241499192691054,5.595404441628985,0.71881,0.25664246,0.75908756,0.05434358
48.06,-8.440001,,,1.0,-1.2400279518128032,5.594929619844239,0.72300696,0.25517416,0.7620204,0.05214095
48.06,-8.42,,,1.0,-1.2385565983677254,5.594455215876556,0.7272668,0.25377607,0.765025,0.05136776
48.06,-8.4,,,1.0,-1.2370852025829349,5.593981252289828,0.73160213,0.2524413,0.7681053,0.05005431
48.06,-8.38,,,1.0,-1.235613834693524,5.593507751564021,0.7360039,0.25119007,0.7712733,0.048585296
48.06,-8.36,,,1.0,-1.2341423544473933,5.593034668453163,0.7404795,0.2500196,0.7745381,0.04875183
48.06,-8.34,,,1.0,-1.2326709022444775,5.592562047984706,0.7450391,0.24893212,0.7778918,0.045956373
48.06,-8.32,,,1.0,-1.2311993378244408,5.592089844996751,0.74967635,0.24793684,0.78134364,0.045449495
48.06,-8.3,,,1.0,-1.229727801595046,5.591618104432947,0.7543968,0.24703622,0.784896,0.04477966
48.06,-8.28,,,1.0,-1.2282561532877512,5.5911467812154365,0.7591872,0.2462405,0.7885533,0.043547153
48.06,-8.26,,,1.0,-1.226784533318125,5.590675920204095,0.76407063,0.24554443,0.7923206,0.04255879
48.06,-8.2,,,1.0,-1.2223692827600634,5.589265929862555,0.77918255,0.24412864,0.8042722,0.039548397
48.06,-8.12,,,1.0,-1.2164817474225582,5.587392108773603,0.80030656,0.24397838,0.82171416,0.037222147
48.06,-7.98,,,1.0,-1.2061769745049458,5.584129821592135,0.83932817,0.24907696,0.85614234,0.034432173
48.06,-7.9,,,1.0,-1.200287634241438,5.582275304879451,0.8626319,0.25528133,0.87808496,0.034291387
48.06,-7.84,,,1.0,-1.195870203592016,5.580889017521893,0.88069504,0.26153755,0.89579463,0.034583688
48.06,-7.76,,,1.0,-1.1899797323550856,5.57904676350011,0.9058877,0.2719128,0.9213656,0.03528905
48.06,-7.6800003,,,1.0,-1.1840886209376134,5.577211509119916,0.93272555,0.28446603,0.94955605,0.037052512
48.06,-7.62,,,1.0,-1.1796698347845402,5.575839647644977,0.95416623,0.29514605,0.9726073,0.039079428
48.06,-7.54,,,1.0,-1.1737776136173772,5.57401662942082,0.98466057,0.31080478,1.0059632,0.043374658
48.06,-7.46,,,1.0,-1.1678847643083266,5.572200595714313,1.0172937,0.3277235,1.0422233,0.04735279
48.06,-7.4,,,1.0,-1.1634647177157071,5.570843150733923,1.0430162,0.3409689,1.0711234,0.051630497
48.06,-7.36,,,1.0,-1.160517825945801,5.569940367229939,1.0606785,0.3499453,1.0910766,0.05446863
48.06,-7.32,,,1.0,-1.1575707795695611,5.569039326785,1.0786496,0.35898077,1.111496,0.057648182
48.06,-7.3,,,1.0,-1.1560971985715125,5.568589459997328,1.0877286,0.36350375,1.1218524,0.058816433
48.06,-7.28,,,1.0,-1.15462357912263,5.568140028719736,1.0968491,0.3680281,1.1322829,0.061625004
48.06,-7.26,,,1.0,-1.153149921289641,5.567691032867467,1.1060196,0.37252074,1.1427932,0.064070344
48.06,-7.2400002,,,1.0,-1.1516762251391754,5.567242472355828,1.1152195,0.37699395,1.1533614,0.06570792
48.06,-7.2200003,,,1.0,-1.1502024907377757,5.566794347100193,1.1244249,0.38143855,1.1639689,0.066675425
48.06,-7.2000003,,,1.0,-1.148728718151889,5.566346657016003,1.1336458,0.38584232,1.1746144,0.07072103
48.06,-7.1800003,,,1.0,-1.1472549074478724,5.56589940201876,1.1428521,0.39020836,1.1852801,0.07161164
48.06,-7.1600003,,,1.0,-1.145781058691992,5.565452582024039,1.1520482,0.3945145,1.1959528,0.0757153
48.06,-7.1400003,,,1.0,-1.1443071719504203,5.565006196947475,1.1612068,0.39877242,1.2066153,0.07586205
48.06,-7.12,,,1.0,-1.1428332121476537,5.564560236077661,1.1703265,0.40295565,1.2172585,0.07849014
48.06,-7.1,,,1.0,-1.1413592496319545,5.564114720594949,1.1793861,0.407076,1.2278683,0.082307816
48.06,-7.08,,,1.0,-1.139885249328538,5.563669639777697,1.1883943,0.41110754,1.2384301,0.0843811
48.06,-7.06,,,1.0,-1.138411211303214,5.563224993541805,1.1973093,0.41506696,1.2489321,0.08733499
48.06,-7.04,,,1.0,-1.1369371356216966,5.562780781803243,1.2061486,0.41892076,1.2593616,0.08915579
48.06,-7.02,,,1.0,-1.1354630223496165,5.56233700447804,1.2148803,0.4226904,1.2697006,0.09373903
48.06,-7.0,,,1.0,-1.1339888715525055,5.561893661482296,1.2235105,0.4263429,1.2799324,0.095920324
48.06,-6.98,,,1.0,-1.13251468329581,5.561450752732174,1.2320061,0.4299041,1.2900442,0.09966898
48.06,-6.96,,,1.0,-1.131040457644885,5.561008278143906,1.2403796,0.4333393,1.3000381,0.101392984
48.06,-6.94,,,1.0,-1.1295661946649913,5.56056623763379,1.2485965,0.43666178,1.3098722,0.10400534
48.06,-6.92,,,1.0,-1.1280918944213043,5.560124631118188,1.2566731,0.43985146,1.3195473,0.107100725
48.06,-6.9,,,1.0,-1.1266175569789063,5.559683458513531,1.2645688,0.44292104,1.3290564,0.11015153
48.06,-6.88,,,1.0,-1.125143182402789,5.559242719736313,1.2722929,0.44585,1.3383648,0.11293197
48.06,-6.86,,,1.0,-1.1236687707578572,5.558802414703095,1.2798258,0.448645,1.3474679,0.1135273
48.06,-6.84,,,1.0,-1.122194322108921,5.558362543330508,1.2871615,0.45129424,1.3563553,0.117767096
48.06,-6.82,,,1.0,-1.1207198365207036,5.557923105535246,1.2942928,0.45379192,1.365007,0.12075591
48.06,-6.8,,,1.0,-1.1192453140578384,5.5574841012340706,1.3011869,0.45614898,1.3734056,0.12373781
48.06,-6.78,,,1.0,-1.117770754784868,5.55704553034381,1.3078544,0.45834672,1.3815376,0.12631428
48.06,-6.76,,,1.0,-1.116296158766246,5.556607392781357,1.3142846,0.46038264,1.3893836,0.1282947
48.06,-6.7400002,,,1.0,-1.114821526066336,5.556169688463673,1.3204538,0.46225625,1.3969332,0.13193274
48.06,-6.7200003,,,1.0,-1.113346856749413,5.555732417307788,1.3263621,0.4639659,1.4041725,0.13371634
48.06,-6.7000003,,,1.0,-1.1118721508796627,5.555295579230795,1.3319687,0.4655257,1.4110749,0.13617444
48.06,-6.6800003,,,1.0,-1.110397408521181,5.554859174149854,1.3373097,0.46689177,1.4176348,0.13767862
48.06,-6.6600003,,,1.0,-1.108922629737975,5.554423201982192,1.3423402,0.46809435,1.4238336,0.1420542
48.06,-6.6400003,,,1.0,-1.1074478145939624,5.553987662645105,1.3470551,0.46912253,1.4296489,0.14323711
48.06,-6.62,,,1.0,-1.105972927989308,5.55355254568735,1.3514385,0.46998113,1.4350709,0.14216423
48.06,-6.6,,,1.0,-1.1044980403142193,5.5531178717738765,1.3554738,0.47066617,1.4400736,0.14492893
48.06,-6.58,,,1.0,-1.1030231164695472,5.552683630443258,1.3591756,0.47115588,1.4446574,0.14608765
48.06,-6.56,,,1.0,-1.1015481565188552,5.552249821613059,1.3624859,0.4714918,1.4487883,0.14858627
48.06,-6.54,,,1.0,-1.100073160525618,5.551816445200906,1.3654199,0.47164398,1.452456,0.15057278
48.06,-6.52,,,1.0,-1.0985981285532234,5.551383501124493,1.3679698,0.47161102,1.4556526,0.15228987
48.06,-6.5,,,1.0,-1.0971230606649671,5.5509509893015885,1.3701066,0.47139865,1.458347,0.1529522
48.06,-6.48,,,1.0,-1.0956479569240618,5.550518909650015,1.3718174,0.47101676,1.4605331,0.15401506
48.06,-6.46,,,1.0,-1.0941728173936291,5.550087262087675,1.3730931,0.4704575,1.4621949,0.1550926
48.06,-6.44,,,1.0,-1.0926976421367012,5.5496560465325295,1.3739171,0.46972203,1.4633099,0.15499878
48.06,-6.42,,,1.0,-1.0912224312162266,5.549225262902608,1.3742877,0.4688052,1.4638731,0.15412188
48.06,-6.4,,,1.0,-1.0897471846950637,5.548794911116012,1.3741719,0.4677232,1.463858,0.15576982
48.06,-6.38,,,1.0,-1.088271902635982,5.5483649910909065,1.3735685,0.4664684,1.4632577,0.15545309
48.06,-6.36,,,1.0,-1.086796585101666,5.5479355027455215,1.3724514,0.46505266,1.4620528,0.15563083
48.06,-6.34,,,1.0,-1.0853212321547123,5.54750644599816,1.3708163,0.4634707,1.4602324,0.15647733
48.06,-6.32,,,1.0,-1.0838458438576288,5.547077820767188,1.3686464,0.46173072,1.4577837,0.1546464
48.06,-6.3,,,1.0,-1.082370420272837,5.54664962697104,1.3659352,0.4598238,1.4546921,0.1538558
48.06,-6.28,,,1.0,-1.0808949614626724,5.546221864528216,1.3626496,0.457779,1.4509469,0.15246606
48.06,-6.26,,,1.0,-1.0794194674893811,5.5457945333572916,1.3588016,0.45557028,1.4465394,0.14919162
48.06,-6.2400002,,,1.0,-1.0779439384151248,5.545367633376896,1.3543565,0.45323014,1.4414445,0.15145004
48.06,-6.2200003,,,1.0,-1.0764683743019758,5.544941164505739,1.3493166,0.45074314,1.4356669,0.15115571
48.06,-6.2000003,,,1.0,-1.0749927752119226,5.544515126662591,1.3436625,0.44812942,1.4291892,0.14904428
48.06,-6.1800003,,,1.0,-1.073517141206865,5.544089519766293,1.3373849,0.44538152,1.4220048,0.14590919
48.06,-6.1600003,,,1.0,-1.0720414723486165,5.543664343735748,1.3304724,0.44251245,1.4140987,0.14692748
48.06,-6.1400003,,,1.0,-1.070565768698906,5.543239598489935,1.3229119,0.4395244,1.4054797,0.14317036
48.06,-6.1200004,,,1.0,-1.0690900303193729,5.542815283947894,1.3147006,0.4364224,1.396122,0.13956785
48.06,-6.1,,,1.0,-1.0676142220859557,5.542391389927681,1.3058058,0.43322957,1.3860266,0.14006186
48.06,-6.08,,,1.0,-1.0661384144305346,5.541967936560848,1.2962415,0.42994082,1.3752021,0.13503265
48.06,-6.06,,,1.0,-1.064662572229701,5.541544913655322,1.2859993,0.42655408,1.3636281,0.13594425
48.06,-6.04,,,1.0,-1.0631866955447515,5.541122321130413,1.2750626,0.42308664,1.3513105,0.1325897
48.06,-6.02,,,1.0,-1.0617107844368974,5.540700158905504,1.2634281,0.41955227,1.3382462,0.13125598
48.06,-6.0,,,1.0,-1.060234838967265,5.540278426900044,1.2510788,0.41595358,1.3244318,0.12553406
48.06,-5.98,,,1.0,-1.0587588591968935,5.53985712503355,1.2380279,0.412297,1.3098797,0.1272707
48.06,-5.96,,,1.0,-1.0572828451867389,5.539436253225609,1.224267,0.40858757,1.2945793,0.123949885
48.06,-5.94,,,1.0,-1.0558067969976694,5.539015811395871,1.209775,0.40484905,1.278542,0.118463755
48.06,-5.92,,,1.0,-1.0543307146904697,5.538595799464061,1.1945823,0.40107352,1.2617733,0.12048745
48.06,-5.9,,,1.0,-1.0528545983258386,5.538176217349964,1.1786629,0.39728546,1.2442819,0.114545345
48.06,-5.88,,,1.0,-1.0513784479643895,5.537757064973439,1.162024,0.39348274,1.2260661,0.11482477
48.06,-5.8,,,1.0,-1.045473507759723,5.536084751242598,1.0883961,0.3783406,1.1462731,0.09985304
48.06,-5.7400002,,,1.0,-1.041044448597101,5.534835024272121,1.0259115,0.36738038,1.0795689,0.09692383
48.06,-5.6600003,,,1.0,-1.0351385674492102,5.533174728658888,0.9335809,0.3537594,0.98250896,0.08461332
48.06,-5.58,,,1.0,-1.0292321186762785,5.531521283711136,0.8320934,0.34189564,0.87775284,0.079780936
48.06,-5.44,,,1.0,-1.0188946252187154,5.528644265187019,0.63808036,0.32716703,0.6824482,0.067394495
48.06,-5.38,,,1.0,-1.0144637803140475,5.527417677519226,0.55117446,0.32375824,0.59687316,0.0641309
48.06,-5.36,,,1.0,-1.0129867670337886,5.527009670423535,0.5220328,0.32306594,0.5684066,0.06449318
48.06,-5.2200003,,,1.0,-1.0026467703528792,5.524165589166169,0.3203568,0.32468987,0.37439096,0.065405965
48.06,-5.1800003,,,1.0,-0.9996921968459777,5.523356839170982,0.26489913,0.32731307,0.3218535,0.066408396
48.06,-5.1600003,,,1.0,-0.9982148622579492,5.522953104559311,0.23775746,0.32899666,0.29625493,0.067376375
48.06,-5.1400003,,,1.0,-0.996737495856948,5.522549796768096,0.21106543,0.3309163,0.27114964,0.06909466
48.06,-5.1200004,,,1.0,-0.9952600977004296,5.522146915719809,0.18486159,0.3330781,0.24657659,0.06940091
48.06,-5.1000004,,,1.0,-0.9937826678457692,5.521744461336985,0.15917309,0.33547056,0.22254288,0.07023454
48.06,-5.08,,,1.0,-0.9923051711244248,5.521342423962221,0.13406442,0.33811468,0.19910252,0.07234597
48.06,-5.06,,,1.0,-0.9908276780445314,5.5209408226883845,0.10953111,0.3409658,0.17626879,0.07359719
48.06,-5.04,,,1.0,-0.9893501534381384,5.520539647848044,0.08563655,0.3440646,0.1540687,0.07557845
48.06,-5.02,,,1.0,-0.9878725973622984,5.520138899364015,0.062386032,0.34737325,0.13252217,0.077032566
48.06,-5.0,,,1.0,-0.986395009873982,5.519738577159179,0.03982898,0.35090125,0.111646935,0.0784564
48.06,-4.98,,,1.0,-0.9849173910300804,5.519338681156494,0.01797733,0.35464388,0.091466,0.08106661
48.06,-4.96,,,1.0,-0.9834397408874032,5.518939211278982,-0.0031416207,0.35860348,0.071984686,0.08371675
48.06,-4.92,,,1.0,-0.9804843469325648,5.51814154959193,-0.043140706,0.36712098,0.035200622,0.09004605
48.06,-4.86,,,1.0,-0.9760510226751398,5.516948251079776,-0.09728584,0.38127112,-0.014430767,0.09896672
48.06,-4.82,,,1.0,-0.9730953182781932,5.516154847189971,-0.12938574,0.39154917,-0.043764323,0.10477948
48.06,-4.8,,,1.0,-0.9716174197808718,5.515758783551094,-0.14422049,0.3969211,-0.05730108,0.107973576
48.06,-4.78,,,1.0,-0.9701394904924658,5.515363145347749,-0.15824558,0.40242362,-0.07008597,0.113758326
48.06,-4.76,,,1.0,-0.9686615304689872,5.5149679325036525,-0.17146316,0.40806806,-0.08212209,0.116544485
48.06,-4.7400002,,,1.0,-0.9671835397663672,5.514573144942602,-0.18387434,0.41383624,-0.09342139,0.12119174
48.08,-10.0,,,1.0,-1.3538945633887662,5.635485866354312,0.23153463,0.5879562,0.25020918,0.10968578
48.08,-9.96,,,1.0,-1.350960278584396,5.634468421770131,0.24537902,0.5703003,0.2663847,0.097290754
48.08,-9.94,,,1.0,-1.349493028668722,5.633960358263534,0.252516,0.5615731,0.2747197,0.09163904
48.08,-9.9,,,1.0,-1.3465584541351736,5.632945596808238,0.2672084,0.54436314,0.29185882,0.081395864
48.08,-9.86,,,1.0,-1.3436236872493754,5.631932623162635,0.28242174,0.52752304,0.30958712,0.072509766
48.08,-9.84,,,1.0,-1.3421562668610427,5.631426818590905,0.29021373,0.519249,0.3186556,0.06856251
48.08,-9.8,,,1.0,-1.3392212126433871,5.630416525247914,0.3061449,0.5030619,0.33716232,0.061578512
48.08,-9.76,,,1.0,-1.336285967663322,5.629408017861837,0.32248062,0.48736686,0.35610828,0.055756688
48.08,-9.74,,,1.0,-1.33481823884211,5.628904421670454,0.33078748,0.47971445,0.3657171,0.053254128
48.08,-9.7,,,1.0,-1.331882708902473,5.627898591854863,0.3476141,0.46484804,0.3851567,0.049003005
48.08,-9.66,,,1.0,-1.3289469897797117,5.626894546149362,0.36467072,0.45056272,0.40481412,0.045685053
48.08,-9.64,,,1.0,-1.3274790944699923,5.62639320405544,0.37326434,0.44365436,0.41468862,0.044341207
48.08,-9.6,,,1.0,-1.3245430927531856,5.625391833112161,0.39050123,0.43030763,0.43446892,0.042273283
48.08,-9.56,,,1.0,-1.3216069034220057,5.624392244438167,0.4077574,0.41762072,0.45420253,0.040905356
48.08,-9.54,,,1.0,-1.320138703591901,5.623893106327738,0.41635618,0.41151285,0.46401602,0.040455222
48.08,-9.440001,,,1.0,-1.3127972159795809,5.621404164690305,0.45863643,0.383488,0.51196676,0.040450096
48.08,-9.4,,,1.0,-1.3098602123957082,5.620411674115628,0.4750057,0.37341702,0.5303826,0.04116428
48.08,-9.36,,,1.0,-1.3069230943234804,5.61942098583017,0.49094865,0.3639667,0.5482159,0.042369127
48.08,-9.34,,,1.0,-1.3054545013048486,5.618926320225234,0.49874333,0.35947347,0.5568827,0.043066263
48.08,-9.3,,,1.0,-1.3025171076275115,5.617938298459127,0.5139366,0.35092056,0.57368964,0.0446496
48.08,-9.26,,,1.0,-1.2995795309795384,5.616952053476097,0.5285691,0.34291506,0.5897266,0.046583652
48.08,-9.24,,,1.0,-1.2981106392120676,5.616459585315104,0.53566605,0.33911777,0.59744436,0.047464132
48.08,-9.2,,,1.0,-1.2951727892532046,5.615476004164354,0.5494139,0.33187604,0.6122523,0.049620986
48.08,-9.16,,,1.0,-1.2922347578509583,5.6144941979801075,0.5625607,0.32509422,0.6262054,0.051705956
48.08,-9.14,,,1.0,-1.2907657093248923,5.61400397195675,0.5689143,0.32186747,0.6328634,0.052837014
48.08,-9.1,,,1.0,-1.287827406899262,5.613024826842207,0.58117986,0.31569648,0.6455344,0.0550189
48.08,-9.06,,,1.0,-1.2848889245472486,5.612047454883728,0.5928823,0.30986685,0.6573726,0.05692196
48.08,-9.04,,,1.0,-1.2834195810560345,5.611559421982144,0.59852916,0.3070792,0.66297483,0.057895064
48.08,-8.96,,,1.0,-1.2775419004128288,5.6096117662187925,0.6198629,0.2965933,0.6834632,0.061054707
48.08,-8.940001,,,1.0,-1.2760724039642584,5.609125970725049,0.6249065,0.2941137,0.6881284,0.061630726
48.08,-8.9,,,1.0,-1.273133137851874,5.608155661063766,0.6346806,0.28931707,0.69694775,0.062461376
48.08,-8.86,,,1.0,-1.2701937648904826,5.6071871441106715,0.6440791,0.28469074,0.70514774,0.06331158
48.08,-8.84,,,1.0,-1.268724047292174,5.60670356051702,0.64865404,0.28244305,0.70903593,0.06313932
48.08,-8.8,,,1.0,-1.2657844100653162,5.605737696528263,0.65758526,0.27803814,0.71643287,0.063274264
48.08,-8.76,,,1.0,-1.262844597402213,5.60477360030122,0.66627514,0.27376455,0.7233813,0.06303084
48.08,-8.74,,,1.0,-1.261374590419666,5.604292203402983,0.67054516,0.2716782,0.72671777,0.06260574
48.08,-8.7,,,1.0,-1.2584345157093153,5.603330757499194,0.6789694,0.26759678,0.7331548,0.061862588
48.08,-8.66,,,1.0,-1.255494267039324,5.602371077571399,0.6872909,0.26364183,0.7393618,0.06048286
48.08,-8.64,,,1.0,-1.2540241127058236,5.601891911045035,0.6914356,0.26170868,0.74240196,0.059647083
48.08,-8.6,,,1.0,-1.2510836042001447,5.600934878724506,0.6997143,0.2579614,0.7484099,0.058206916
48.08,-8.56,,,1.0,-1.2481429232014505,5.599979610600515,0.70803595,0.25437528,0.75439924,0.056320667
48.08,-8.54,,,1.0,-1.2466724831420126,5.599502626523625,0.7122376,0.25264144,0.7574102,0.055416703
48.08,-8.5,,,1.0,-1.2437315444960213,5.598550003384457,0.7207419,0.24932665,0.76351696,0.05270803
48.08,-8.46,,,1.0,-1.2407904348137428,5.597599142668617,0.7294229,0.24623829,0.7697966,0.05137813
48.08,-8.440001,,,1.0,-1.2393198510781085,5.597124384312458,0.73384166,0.24478853,0.7730233,0.049073458
48.08,-8.4,,,1.0,-1.2363784158005895,5.596176143298015,0.7428721,0.24209559,0.7796834,0.047439694
48.08,-8.36,,,1.0,-1.2334368810593035,5.595229685568283,0.7521727,0.23971272,0.78666323,0.044817924
48.08,-8.34,,,1.0,-1.2319660853405647,5.594757127990903,0.75692666,0.23865515,0.7902862,0.04366076
48.08,-8.3,,,1.0,-1.2290242972966663,5.593813309903253,0.7666726,0.23680401,0.7978082,0.041582346
48.08,-8.26,,,1.0,-1.2260823411004051,5.5928712507114176,0.776716,0.2353617,0.80572474,0.040575862
48.08,-8.24,,,1.0,-1.224611265051095,5.592400869272596,0.78183883,0.23481071,0.80983925,0.038774133
48.08,-8.04,,,1.0,-1.2098985667019289,5.587721322973841,0.8364255,0.23621345,0.85635686,0.032970667
48.08,-7.96,,,1.0,-1.20401233217604,5.585861789775081,0.85948354,0.24076647,0.8775726,0.03194952
48.08,-7.9,,,1.0,-1.199597227271251,5.584471741693064,0.8771954,0.24578285,0.8945095,0.03182602
48.08,-7.76,,,1.0,-1.1892938971850688,5.581243621406549,0.92067015,0.26272452,0.9382739,0.032668114
48.08,-7.54,,,1.0,-1.173098949997645,5.576214138877007,0.99945104,0.30206537,1.023001,0.039851308
48.08,-7.46,,,1.0,-1.167208704685309,5.574398339046556,1.0320523,0.31908214,1.0591826,0.044208884
48.08,-7.4,,,1.0,-1.1627906097544052,5.573041068414283,1.0577548,0.33237273,1.0879819,0.048279285
48.08,-7.3,,,1.0,-1.1554263408431005,5.570787666251954,1.1023809,0.35493875,1.1384939,0.05478263
48.08,-7.26,,,1.0,-1.1524803627688391,5.569889353852947,1.1206458,0.3639347,1.1593246,0.05868101
48.08,-7.2400002,,,1.0,-1.1510073160328096,5.569440850557531,1.1298133,0.3683964,1.169841,0.060293198
48.08,-7.2000003,,,1.0,-1.1480611074961462,5.568545149352429,1.1481766,0.37722123,1.1909696,0.06403494
48.08,-7.1600003,,,1.0,-1.1451147459831943,5.567651188099139,1.1665207,0.38584733,1.2121568,0.06880319
48.08,-7.1400003,,,1.0,-1.143641508026461,5.567204859743732,1.1756419,0.39007717,1.2227468,0.0720191
48.08,-7.1,,,1.0,-1.140694882916354,5.566313496539196,1.1937461,0.3983218,1.243834,0.075433016
48.08,-7.06,,,1.0,-1.1377481412787904,5.565423882239368,1.2115774,0.40623707,1.2647259,0.081759214
48.08,-7.04,,,1.0,-1.1362747137549651,5.5649797267303045,1.2203571,0.41005778,1.2750556,0.08348143
48.08,-7.0,,,1.0,-1.1333277456258537,5.564092718574724,1.2376051,0.41739804,1.2954303,0.08979523
48.08,-6.96,,,1.0,-1.130380627158566,5.563207447011089,1.2543511,0.4242885,1.3153173,0.095054865
48.08,-6.94,,,1.0,-1.128907011711681,5.562765462242207,1.2625018,0.4275596,1.3250406,0.09761214
48.08,-6.9,,,1.0,-1.1259596687177895,5.561882794312807,1.2783295,0.43370026,1.3439884,0.10402846
48.08,-6.86,,,1.0,-1.1230121766911616,5.561001861305316,1.2934244,0.43930638,1.3621564,0.10778284
48.08,-6.84,,,1.0,-1.1215383749530197,5.5605620451890685,1.3006778,0.44189107,1.3709104,0.110289335
48.08,-6.8,,,1.0,-1.1185906603511846,5.559683713315714,1.314526,0.44660765,1.3876934,0.11339688
48.08,-6.76,,,1.0,-1.1156427980130477,5.558807114700847,1.3274314,0.45069104,1.4033892,0.12150884
48.08,-6.7400002,,,1.0,-1.1141688116041917,5.558369465157958,1.3335036,0.45249236,1.4107896,0.12178838
48.08,-6.7000003,,,1.0,-1.111220728628775,5.557495465187074,1.3448279,0.45558327,1.424624,0.12782454
48.08,-6.6600003,,,1.0,-1.1082724992045363,5.5566231968178945,1.3549579,0.45799863,1.4370528,0.13255501
48.08,-6.6400003,,,1.0,-1.106798329734321,5.556187711777388,1.3595502,0.45894718,1.4426994,0.13441014
48.08,-6.6,,,1.0,-1.103849846448198,5.555318029215007,1.3677347,0.46029985,1.4527669,0.1374551
48.08,-6.56,,,1.0,-1.1009012531392466,5.55445008698182,1.3744684,0.46095055,1.4611043,0.13995981
48.08,-6.54,,,1.0,-1.0994269022050351,5.554016764391342,1.3772671,0.461003,1.4645754,0.14114547
48.08,-6.5,,,1.0,-1.0964780920945696,5.553151415851751,1.3816512,0.460567,1.4700435,0.14372993
48.08,-6.46,,,1.0,-1.0935291380836,5.552287795620279,1.3843195,0.4594226,1.4734455,0.14561343
48.08,-6.44,,,1.0,-1.092054607273425,5.5518566334151975,1.3849778,0.4585817,1.4743266,0.14547634
48.08,-6.4,,,1.0,-1.089105438358929,5.550995604417157,1.3848675,0.45637846,1.4743834,0.14597273
48.08,-6.36,,,1.0,-1.0861561268048574,5.550136302090475,1.3827507,0.45349956,1.4720507,0.14739585
48.08,-6.34,,,1.0,-1.0846814176948858,5.549707298224841,1.3809055,0.45181096,1.4699599,0.14659965
48.08,-6.3,,,1.0,-1.081731893122117,5.548850584681478,1.3755692,0.44796187,1.463836,0.14376783
48.08,-6.26,,,1.0,-1.0787822271619574,5.5479955961794225,1.3679597,0.44348717,1.455049,0.14263129
48.08,-6.2400002,,,1.0,-1.077307341317422,5.5475687486156735,1.3632582,0.4410392,1.4496354,0.14104664
48.08,-6.2000003,,,1.0,-1.074357464210312,5.546716346456907,1.3520201,0.43572384,1.4366827,0.13915765
48.08,-6.1600003,,,1.0,-1.0714074469593016,5.5458656677161215,1.3382369,0.42989516,1.420858,0.13686585
48.08,-6.1400003,,,1.0,-1.0699323859345675,5.545440974425106,1.3303653,0.4268049,1.411848,0.13146293
48.08,-6.1,,,1.0,-1.0669821242250457,5.544592869497859,1.3125976,0.4203043,1.3915908,0.12893343
48.08,-6.06,,,1.0,-1.0640317587751214,5.543746496492366,1.2920821,0.4134314,1.3683271,0.12627757
48.08,-6.04,,,1.0,-1.0625565241129216,5.543323955463619,1.2807688,0.40986872,1.3555622,0.12285495
48.08,-6.0,,,1.0,-1.059605951220614,5.542480163951678,1.2560102,0.40253937,1.3277386,0.1199317
48.08,-5.96,,,1.0,-1.0566552406455108,5.541638092631322,1.2283448,0.3950001,1.2968916,0.11120796
48.08,-5.94,,,1.0,-1.0551798338794978,5.541217701842314,1.2134342,0.39116144,1.280338,0.11355317
48.08,-5.86,,,1.0,-1.0492778650453725,5.539540435957979,1.1464345,0.37566817,1.2067358,0.10060716
48.08,-5.8,,,1.0,-1.0448510312588566,5.538286996441482,1.0885969,0.36412585,1.1440804,0.09324622
48.08,-5.6600003,,,1.0,-1.0345205717384007,5.535377324209018,0.92976034,0.3391651,0.975766,0.07652712
48.08,-5.5,,,1.0,-1.0227122946062264,5.532077694692312,0.71439373,0.31765366,0.7551272,0.06385803
48.08,-5.46,,,1.0,-1.0197599037404297,5.531257071968182,0.65661865,0.3139677,0.6972443,0.061234117
48.08,-5.44,,,1.0,-1.0182836590753772,5.530847402501409,0.62737596,0.3124296,0.6681228,0.062196493
48.08,-5.36,,,1.0,-1.0123783535715725,5.529213002106709,0.5089652,0.30840516,0.5515121,0.060914993
48.08,-5.2000003,,,1.0,-1.0005661858698236,5.525964716929198,0.27554977,0.3116045,0.3268323,0.05818844
48.08,-5.1600003,,,1.0,-0.997612822345868,5.525156916085601,0.22017275,0.31484795,0.27439535,0.0609864
48.08,-5.1400003,,,1.0,-0.996136092662147,5.52475365580443,0.19317499,0.3168397,0.24895132,0.061558962
48.08,-5.1000004,,,1.0,-0.9931825377390164,5.523948415136292,0.14078984,0.32155418,0.1997583,0.06363177
48.08,-5.06,,,1.0,-0.9902288205796672,5.523144870909776,0.09077018,0.32721508,0.15301129,0.06775999
48.08,-5.04,,,1.0,-0.988751932113893,5.52274374315196,0.06673755,0.33038515,0.13062966,0.06953049
48.08,-5.0,,,1.0,-0.9857980604860136,5.521942766372837,0.020773442,0.33740234,0.08794311,0.07288754
48.08,-4.96,,,1.0,-0.982844062976456,5.521143494062778,-0.022232046,0.3453024,0.04815023,0.07708025
48.08,-4.86,,,1.0,-0.9754585214529478,5.519152766309422,-0.11590586,0.3684188,-0.038050465,0.09046221
48.08,-4.84,,,1.0,-0.9739813197012211,5.51875589780687,-0.13218321,0.37357068,-0.052959453,0.09384143
48.08,-4.8,,,1.0,-0.9710268232020556,5.517963437238514,-0.1622152,0.38434505,-0.08044034,0.10175204
48.08,-4.76,,,1.0,-0.9680722030833724,5.517172678077511,-0.18891348,0.3956884,-0.1048252,0.11061561
48.08,-4.7400002,,,1.0,-0.9665948468069516,5.51677793633441,-0.20102407,0.40154183,-0.11586945,0.114237785
48.08,-4.7000003,,,1.0,-0.9636400420997384,5.515989728142912,-0.22278844,0.4135903,-0.13569792,0.12296057
48.1,-10.0,,,1.0,-1.3531347566710354,5.637674790007436,0.23076826,0.5800868,0.24511403,0.10477185
48.1,-9.9800005,,,1.0,-1.3516683409816663,5.637165928585603,0.23758803,0.57112575,0.2530172,0.09853029
48.1,-9.96,,,1.0,-1.3502018068186274,5.636657490113738,0.24455415,0.5622325,0.26108706,0.092644334
48.1,-9.94,,,1.0,-1.3487352241868682,5.636149498774667,0.25166416,0.5534094,0.26932377,0.08712649
48.1,-9.92,,,1.0,-1.347268663100473,5.635641978665993,0.25892162,0.5446652,0.27772605,0.08196068
48.1,-9.9,,,1.0,-1.3458019837738198,5.635134881292907,0.26631144,0.5360143,0.28628734,0.077136636
48.1,-9.88,,,1.0,-1.3443353261570443,5.634628254922219,0.27383646,0.5274492,0.2950049,0.07265663
48.1,-9.78,,,1.0,-1.3370011076506518,5.632101749886262,0.3133285,0.48628747,0.34068498,0.05499375
48.1,-9.76,,,1.0,-1.3355341623543324,5.631597802509079,0.3215504,0.47843188,0.35018453,0.052348375
48.1,-9.74,,,1.0,-1.3340670994356767,5.631094277298217,0.32986635,0.47071177,0.3597751,0.049943805
48.1,-9.72,,,1.0,-1.3326000588805549,5.630591222180305,0.3382608,0.46313047,0.36945862,0.047795415
48.1,-9.7,,,1.0,-1.3311329008565584,5.630088589086952,0.346734,0.45570016,0.3792152,0.04589033
48.1,-9.68,,,1.0,-1.329665765358417,5.629586425859826,0.35525987,0.44841838,0.38904622,0.044215918
48.1,-9.66,,,1.0,-1.328198512544457,5.629084684515715,0.36384007,0.44129407,0.39891726,0.04275632
48.1,-9.64,,,1.0,-1.3267312824182371,5.628583412811367,0.3724696,0.4343258,0.40883216,0.041481614
48.1,-9.62,,,1.0,-1.3252639351288498,5.628082562848714,0.38112375,0.4275229,0.41876832,0.040424347
48.1,-9.6,,,1.0,-1.323796610688655,5.627582182299615,0.38979882,0.42087215,0.42872572,0.039540052
48.1,-9.58,,,1.0,-1.3223291692375383,5.627082223351112,0.39847693,0.41439658,0.43867794,0.038818598
48.1,-9.56,,,1.0,-1.3208617507966312,5.626582733590213,0.40716088,0.40808034,0.44861618,0.038285255
48.1,-9.54,,,1.0,-1.3193942154966485,5.626083665289036,0.41582054,0.4019366,0.45852223,0.037894726
48.1,-9.46,,,1.0,-1.3135237469622834,5.624091890540774,0.45008844,0.3790264,0.49759135,0.037723303
48.1,-9.440001,,,1.0,-1.3120560483904808,5.6235950709469975,0.45850474,0.37371188,0.50715,0.037975788
48.1,-9.42,,,1.0,-1.3105882334127226,5.623098672391656,0.4668382,0.36856484,0.5166002,0.038357735
48.1,-9.4,,,1.0,-1.3091203720923423,5.6226027184849166,0.47508618,0.36357558,0.52592635,0.0388155
48.1,-9.38,,,1.0,-1.3076525345014134,5.622107232752202,0.48323503,0.3587528,0.5351189,0.039402246
48.1,-9.36,,,1.0,-1.306184580729738,5.621612167848035,0.49127212,0.3540821,0.54416746,0.039966583
48.1,-9.34,,,1.0,-1.3047166508461634,5.621117570893365,0.49919552,0.3495561,0.5530606,0.040806532
48.1,-9.32,,,1.0,-1.3032486049314842,5.6206233946276,0.5069993,0.3451879,0.5617902,0.041587234
48.1,-9.3,,,1.0,-1.3017805830631273,5.620129686087067,0.5146784,0.340962,0.57034427,0.0424273
48.1,-9.28,,,1.0,-1.30031244531291,5.619636398096022,0.52222145,0.3368731,0.5787195,0.043252707
48.1,-9.26,,,1.0,-1.2988443317668106,5.619143577606203,0.5296304,0.33292246,0.5869067,0.044233084
48.1,-9.24,,,1.0,-1.2973761024876975,5.61865117752668,0.5368954,0.329095,0.5949007,0.045086265
48.1,-9.2,,,1.0,-1.2944395770678814,5.6176677321939295,0.5510124,0.3218351,0.61029524,0.04717183
48.1,-9.18,,,1.0,-1.292971281084124,5.617176686717217,0.55785835,0.31838417,0.61768556,0.04831183
48.1,-9.16,,,1.0,-1.2915028696638593,5.616686061373098,0.5645577,0.315036,0.62486994,0.049212098
48.1,-9.14,,,1.0,-1.2900344829185486,5.616195902859756,0.5711172,0.31179625,0.63185203,0.050368667
48.1,-9.12,,,1.0,-1.2885659808843908,5.615706164340497,0.57753956,0.30865765,0.63862365,0.051438212
48.1,-9.1,,,1.0,-1.2870975036812853,5.615216892429052,0.5838216,0.3056082,0.64519244,0.052300096
48.1,-9.08,,,1.0,-1.2856289113366004,5.614728040373409,0.5899684,0.30264968,0.65155685,0.053284645
48.1,-9.06,,,1.0,-1.2841603439786444,5.614239654702881,0.59598374,0.2997725,0.65771145,0.054232955
48.1,-9.04,,,1.0,-1.2826916616259842,5.6137516887501,0.6018713,0.29697835,0.6636758,0.0552485
48.1,-8.9800005,,,1.0,-1.2782854855943313,5.612290494480152,0.6187925,0.2890153,0.6804112,0.057435274
48.1,-8.96,,,1.0,-1.2768166241301229,5.611804299652803,0.62420624,0.28647172,0.68561554,0.0580014
48.1,-8.940001,,,1.0,-1.2753477881171502,5.611318570544055,0.6295045,0.2840019,0.690648,0.058619976
48.1,-8.92,,,1.0,-1.2738788375477503,5.610833260740262,0.63470346,0.28157616,0.69550806,0.059188128
48.1,-8.9,,,1.0,-1.2724098425369867,5.610348393324218,0.6398063,0.27920145,0.70020974,0.059775233
48.1,-8.88,,,1.0,-1.2709408732083,5.609863991294401,0.6448157,0.27687293,0.7047519,0.06013322
48.1,-8.86,,,1.0,-1.2694717895410117,5.609380008363916,0.649739,0.27457774,0.7091529,0.060227156
48.1,-8.84,,,1.0,-1.2680027317091709,5.6088964905984104,0.6545831,0.27232897,0.7134095,0.06055665
48.1,-8.82,,,1.0,-1.266533559683458,5.608413391795444,0.6593502,0.2701134,0.7175362,0.060968876
48.1,-8.8,,,1.0,-1.2650644136461495,5.607930757936471,0.6640518,0.26793355,0.7215361,0.060317874
48.1,-8.78,,,1.0,-1.2635951535593126,5.607448542903474,0.6686924,0.2657839,0.7254291,0.060267568
48.1,-8.76,,,1.0,-1.2621259196134202,5.606966792593754,0.673274,0.26367354,0.72921646,0.060067415
48.1,-8.74,,,1.0,-1.2606565717619556,5.606485460973677,0.6778126,0.26159245,0.7329086,0.05985105
48.1,-8.72,,,1.0,-1.2591872502035617,5.606004593856423,0.6823036,0.25954568,0.7365186,0.059413552
48.1,-8.7,,,1.0,-1.2577178148831671,5.605524145292712,0.6867607,0.25753117,0.7400554,0.0590564
48.1,-8.68,,,1.0,-1.2562484060075565,5.605044161011636,0.691197,0.25554073,0.74352986,0.05871296
48.1,-8.66,,,1.0,-1.2547788835131295,5.604564595148235,0.695609,0.25358772,0.7469529,0.05734408
48.1,-8.64,,,1.0,-1.2533093876147896,5.604085493347545,0.700004,0.25167155,0.7503326,0.056970596
48.1,-8.62,,,1.0,-1.2518397782404371,5.6036068098288965,0.70440006,0.2497868,0.7536801,0.055797935
48.1,-8.6,,,1.0,-1.2503701956130582,5.603128590153301,0.7087915,0.24794573,0.7570073,0.055403233
48.1,-8.58,,,1.0,-1.248900499652087,5.602650788624344,0.71319836,0.24613619,0.7603244,0.054704428
48.1,-8.56,,,1.0,-1.247430830588568,5.602173450719052,0.717617,0.24437499,0.7636413,0.053843737
48.1,-8.54,,,1.0,-1.2459610483334935,5.601696530825229,0.7220575,0.24265915,0.76697457,0.052364588
48.1,-8.52,,,1.0,-1.2444912931259406,5.601220074335947,0.72652197,0.2409966,0.7703227,0.051814437
48.1,-8.5,,,1.0,-1.2430214248684883,5.600744035723196,0.73102844,0.23938203,0.7737045,0.05037272
48.1,-8.4800005,,,1.0,-1.241551583808218,5.600268460296134,0.73556876,0.23783016,0.7771187,0.050243855
48.1,-8.46,,,1.0,-1.240081629839323,5.5997933026109,0.7401598,0.23633146,0.78057885,0.04761052
48.1,-8.440001,,,1.0,-1.2386117032168629,5.599318607892767,0.7448083,0.23489606,0.7840972,0.046678543
48.1,-8.42,,,1.0,-1.2371416638266732,5.598844330781993,0.7495097,0.23353124,0.78767735,0.046209335
48.1,-8.4,,,1.0,-1.2356715818333814,5.598370493836702,0.75426334,0.23224682,0.79132456,0.045228004
48.1,-8.38,,,1.0,-1.2342015274096412,5.597897119531133,0.7590831,0.23103994,0.7950485,0.043673992
48.1,-8.36,,,1.0,-1.232731360428807,5.5974241626316585,0.76397437,0.22991031,0.79884857,0.042571902
48.1,-8.34,,,1.0,-1.2312612211657612,5.596951668153986,0.76892656,0.22887301,0.8027299,0.04153192
48.1,-8.32,,,1.0,-1.2297909694855715,5.596479590948529,0.77395093,0.2279265,0.806706,0.040709734
48.1,-8.3,,,1.0,-1.2283207456710017,5.596007975947227,0.7790398,0.22708046,0.81076443,0.04021442
48.1,-8.28,,,1.0,-1.2268504095788608,5.595536778084492,0.7841985,0.22633415,0.8149132,0.039010525
48.1,-8.26,,,1.0,-1.2253801014997692,5.595066042208535,0.78942496,0.2256965,0.819161,0.03786719
48.1,-8.24,,,1.0,-1.2239096812823014,5.594595723337736,0.79472315,0.22516,0.8234991,0.037739277
48.1,-8.22,,,1.0,-1.222439289224909,5.594125866236606,0.8000713,0.22475314,0.8279339,0.036155462
48.1,-8.18,,,1.0,-1.2194983094177148,5.593187447331143,0.8109503,0.22429824,0.8370757,0.03474593
48.1,-8.12,,,1.0,-1.2150864917664623,5.591783100798203,0.82766056,0.22457588,0.851471,0.032513857
48.1,-8.1,,,1.0,-1.213615849483738,5.591315877923505,0.8333041,0.22495145,0.85644186,0.0314281
48.1,-7.96,,,1.0,-1.2033199161491372,5.58805750865477,0.8737811,0.23164308,0.8935811,0.029463768
48.1,-7.88,,,1.0,-1.19743564295044,5.586205230597187,0.89764684,0.23882073,0.9167664,0.02954483
48.1,-7.82,,,1.0,-1.1930220106178189,5.584820619138765,0.9161102,0.24577653,0.93530345,0.030050278
48.1,-7.7400002,,,1.0,-1.1871366011658464,5.582980595544111,0.9417772,0.25708264,0.96187484,0.031222343
48.1,-7.7000003,,,1.0,-1.1841936549680876,5.582063207204344,0.9552248,0.26352358,0.97607654,0.03198123
48.1,-7.6600003,,,1.0,-1.1812505485248328,5.581147566919925,0.9691253,0.27046263,0.99094427,0.032562256
48.1,-7.6,,,1.0,-1.176835554513694,5.579777371723126,0.99094325,0.28168863,1.0145745,0.03434658
48.1,-7.52,,,1.0,-1.1709483868732908,5.5779565711337415,1.0219078,0.29793656,1.0485792,0.038255453
48.1,-7.46,,,1.0,-1.1665325967243034,5.576595551553984,1.0465058,0.31084502,1.0758866,0.041298628
48.1,-7.38,,,1.0,-1.160644327450155,5.5747869622271775,1.0809005,0.32865465,1.1144077,0.046167374
48.1,-7.34,,,1.0,-1.1576999587107974,5.573885281797833,1.0986513,0.33768284,1.1344259,0.04869294
48.1,-7.32,,,1.0,-1.1562277160511392,5.573435094845015,1.107626,0.342205,1.1445825,0.050712466
48.1,-7.3,,,1.0,-1.1547554346209996,5.572985343287264,1.1166621,0.34671658,1.1548295,0.05237627
48.1,-7.28,,,1.0,-1.153283114487388,5.572536027040028,1.1257458,0.3512107,1.165158,0.0540179
48.1,-7.26,,,1.0,-1.151810755717226,5.572087146018829,1.1348542,0.355695,1.1755487,0.05461335
48.1,-7.2400002,,,1.0,-1.150338358377342,5.571638700139246,1.1440009,0.3601383,1.1859854,0.058137655
48.1,-7.2200003,,,1.0,-1.1488659225344702,5.57119068931693,1.1531535,0.36454773,1.1964644,0.058585405
48.1,-7.2000003,,,1.0,-1.147393448255256,5.570743113467592,1.162303,0.3689133,1.2069718,0.0606277
48.1,-7.1800003,,,1.0,-1.1459209356062523,5.570295972507011,1.171442,0.37322837,1.2174845,0.063981056
48.1,-7.1600003,,,1.0,-1.1444483846539193,5.569849266351032,1.180565,0.37748563,1.2280055,0.06583655
48.1,-7.1400003,,,1.0,-1.142975795464627,5.569402994915566,1.1896443,0.38168275,1.2385151,0.06815171
48.1,-7.12,,,1.0,-1.1415031329939935,5.5689571474921795,1.1986763,0.38580692,1.248991,0.06877518
48.1,-7.1,,,1.0,-1.1400304675286184,5.568511745256087,1.207653,0.3898487,1.2594242,0.07196832
48.1,-7.08,,,1.0,-1.138557764024846,5.568066777488628,1.2165505,0.39381135,1.2698039,0.07459247
48.1,-7.06,,,1.0,-1.137085022548682,5.567622244105975,1.2253746,0.3976807,1.280116,0.07543993
48.1,-7.04,,,1.0,-1.1356122431660396,5.5671781450243625,1.234094,0.40146023,1.290347,0.07798922
48.1,-7.02,,,1.0,-1.1341394259427422,5.566734480160098,1.2427166,0.405133,1.3004813,0.08164573
48.1,-7.0,,,1.0,-1.1326665709445216,5.566291249429548,1.251223,0.40869224,1.3105026,0.08511734
48.1,-6.98,,,1.0,-1.1311936782370198,5.565848452749148,1.2595949,0.4121467,1.3204019,0.086128116
48.1,-6.96,,,1.0,-1.1297207478857885,5.565406090035401,1.2678264,0.41547883,1.3301598,0.08883965
48.1,-6.94,,,1.0,-1.1282477799562858,5.564964161204872,1.2759064,0.41868544,1.3397729,0.09246886
48.1,-6.92,,,1.0,-1.126774774513886,5.564522666174194,1.2838304,0.42176378,1.3492085,0.09417653
48.1,-6.9,,,1.0,-1.1253017316238654,5.564081604860067,1.2915742,0.42470402,1.3584678,0.0964514
48.1,-6.88,,,1.0,-1.1238286513514166,5.563640977179254,1.2991384,0.42750943,1.3675239,0.09662998
48.1,-6.86,,,1.0,-1.1223555337616389,5.563200783048587,1.3065118,0.43016696,1.3763702,0.101724744
48.1,-6.84,,,1.0,-1.1208823789195428,5.562761022384961,1.3136629,0.43268842,1.3849922,0.105704546
48.1,-6.82,,,1.0,-1.119409186890047,5.562321695105341,1.3206062,0.43505347,1.3933665,0.106708884
48.1,-6.8,,,1.0,-1.1179359577379857,5.561882801126755,1.3273315,0.4372496,1.4014852,0.10950172
48.1,-6.78,,,1.0,-1.116462691528096,5.561444340366299,1.3338138,0.4392972,1.4093298,0.111837745
48.1,-6.76,,,1.0,-1.1149893883250326,5.561006312741133,1.3400434,0.4411803,1.4168874,0.115721345
48.1,-6.7400002,,,1.0,-1.1135160481933557,5.560568718168486,1.3460093,0.4429009,1.4241316,0.11610103
48.1,-6.7200003,,,1.0,-1.1120426711975393,5.560131556565652,1.3517015,0.44445264,1.4310557,0.11832166
48.1,-6.7000003,,,1.0,-1.110569257401968,5.559694827849991,1.3571116,0.44582993,1.4376427,0.120291114
48.1,-6.6800003,,,1.0,-1.1090958068709351,5.55925853193893,1.3622204,0.44703543,1.4438738,0.122558475
48.1,-6.6600003,,,1.0,-1.107622319668646,5.55882266874996,1.367019,0.44806737,1.4497346,0.12452209
48.1,-6.6400003,,,1.0,-1.106148795859219,5.558387238200644,1.3714944,0.4489221,1.4552048,0.12639451
48.1,-6.62,,,1.0,-1.1046752003737976,5.55795222984259,1.3756382,0.44959307,1.4602692,0.12516832
48.1,-6.6,,,1.0,-1.103201603541221,5.557517664335832,1.3794217,0.45009243,1.4649075,0.12886143
48.1,-6.58,,,1.0,-1.1017279702933265,5.557083531221802,1.3828388,0.4504153,1.4691066,0.13080287
48.1,-6.56,,,1.0,-1.1002543006938772,5.556649830418326,1.385884,0.45055294,1.4728487,0.13256598
48.1,-6.54,,,1.0,-1.0987805948065452,5.556216561843296,1.3885446,0.450504,1.4761151,0.13337684
48.1,-6.52,,,1.0,-1.0973068526949177,5.5557837254146705,1.3907981,0.4502762,1.4788954,0.13336599
48.1,-6.5,,,1.0,-1.0958330744224931,5.555351321050475,1.3926406,0.44985884,1.4811661,0.13328338
48.1,-6.48,,,1.0,-1.0943592600526804,5.554919348668803,1.3940338,0.4492755,1.4829134,0.13561857
48.1,-6.46,,,1.0,-1.0928854096488023,5.554487808187813,1.3949736,0.44852054,1.4841146,0.13717937
48.1,-6.44,,,1.0,-1.0914115232740915,5.554056699525731,1.3954614,0.4475736,1.4847652,0.13588321
48.1,-6.42,,,1.0,-1.0899376009916966,5.553626022600847,1.3954679,0.44645667,1.4848342,0.13663864
48.1,-6.4,,,1.0,-1.088463642864674,5.553195777331526,1.394977,0.44516867,1.4843179,0.1380701
48.1,-6.38,,,1.0,-1.0869896489559965,5.552765963636192,1.3939887,0.44370353,1.4831915,0.13728285
48.1,-6.36,,,1.0,-1.0855156193285458,5.552336581433338,1.3924701,0.44207263,1.4814513,0.13623846
48.1,-6.34,,,1.0,-1.0840415540451205,5.551907630641526,1.3904157,0.4402796,1.4790748,0.13624597
48.1,-6.32,,,1.0,-1.0825674531684286,5.551479111179381,1.3878045,0.43833017,1.4760544,0.1336124
48.1,-6.3,,,1.0,-1.081093316761094,5.5510510229656,1.3846378,0.436212,1.4723642,0.13623405
48.1,-6.28,,,1.0,-1.0796191448856496,5.550623365918946,1.3808832,0.43394595,1.4680027,0.13442194
48.1,-6.26,,,1.0,-1.0781449376045449,5.550196139958242,1.3765353,0.4315344,1.4629521,0.13377392
48.1,-6.2400002,,,1.0,-1.0766706949801417,5.549769345002389,1.3715788,0.4289742,1.4571992,0.1327368
48.1,-6.2200003,,,1.0,-1.075196417074714,5.549342980970349,1.3660115,0.42627162,1.4507433,0.13129163
48.1,-6.2000003,,,1.0,-1.07372210395045,5.548917047781153,1.3597957,0.42344636,1.4435647,0.12857652
48.1,-6.1800003,,,1.0,-1.0722477556694523,5.548491545353896,1.352941,0.42048752,1.4356483,0.12671447
48.1,-6.1600003,,,1.0,-1.0707733722937351,5.548066473607746,1.345423,0.41741133,1.426997,0.12628567
48.1,-6.1400003,,,1.0,-1.0692989538852289,5.5476418324619345,1.3372412,0.41422063,1.4175981,0.12589037
48.1,-6.1200004,,,1.0,-1.067824500505775,5.5472176218357605,1.3283738,0.41092473,1.4074457,0.12161958
48.1,-6.1,,,1.0,-1.0663499770621414,5.546793831550006,1.3188106,0.40752017,1.3965311,0.12174654
48.1,-6.08,,,1.0,-1.0648754539251477,5.546370481731536,1.3085523,0.4040295,1.3848559,0.11896253
48.1,-6.06,,,1.0,-1.0634008960022203,5.545947562191006,1.2975869,0.40044534,1.3724022,0.117979646
48.1,-6.04,,,1.0,-1.06192630335486,5.545525072847984,1.2859029,0.39678872,1.3591834,0.11722231
48.1,-6.02,,,1.0,-1.0604516760444789,5.545103013622109,1.2734932,0.39306378,1.3451923,0.11160827
48.1,-6.0,,,1.0,-1.0589770141324055,5.544681384433085,1.2603518,0.3892756,1.3304291,0.11223376
48.1,-5.98,,,1.0,-1.0575023176798817,5.5442601852006845,1.2464657,0.38545048,1.314893,0.10825825
48.1,-5.96,,,1.0,-1.056027586748065,5.5438394158447455,1.2318568,0.3815632,1.298583,0.10463786
48.1,-5.94,,,1.0,-1.0545528213980278,5.543419076285179,1.216502,0.37763953,1.2815137,0.104403734
48.1,-5.92,,,1.0,-1.0530780216907552,5.542999166441957,1.2003958,0.3737048,1.2636888,0.10041165
48.1,-5.9,,,1.0,-1.05160318768715,5.542579686235125,1.1835469,0.36975157,1.2451037,0.09895539
48.1,-5.86,,,1.0,-1.0486534170341226,5.541742014411138,1.1476151,0.36183548,1.205716,0.092700005
48.1,-5.82,,,1.0,-1.0457035099244614,5.540906060174918,1.1087466,0.35398078,1.1634511,0.08769512
48.1,-5.8,,,1.0,-1.0442285053497458,5.5404887269530505,1.0882305,0.35009485,1.1412792,0.0856092
48.1,-5.78,,,1.0,-1.0427534668423264,5.540071822889253,1.0669824,0.34626448,1.1184323,0.082702994
48.1,-5.7200003,,,1.0,-1.0383281483265143,5.53882368485182,0.9991323,0.33514988,1.046053,0.07596302
48.1,-5.6400003,,,1.0,-1.0324272522300406,5.5371655042008046,0.8995882,0.32159364,0.9415365,0.06980538
48.1,-5.56,,,1.0,-1.0265257857136456,5.535514170114901,0.791084,0.31007355,0.8296358,0.061395645
48.1,-5.5,,,1.0,-1.022099363245463,5.534280173416204,0.70504177,0.3031574,0.7422869,0.05705297
48.1,-5.42,,,1.0,-1.0161970043797095,5.532640835741284,0.5861234,0.2966476,0.623441,0.053949714
48.1,-5.2000003,,,1.0,-0.999962822665503,5.528167924037083,0.25833786,0.29763466,0.30535397,0.05242443
48.1,-5.1800003,,,1.0,-0.9984867938443877,5.527763858073391,0.23008485,0.29919708,0.2784983,0.05463004
48.1,-5.1600003,,,1.0,-0.9970107329214276,5.527360218835611,0.20229778,0.3010013,0.25217488,0.054047108
48.1,-5.1400003,,,1.0,-0.995534639954368,5.526957006246385,0.17503473,0.3030703,0.22640054,0.056217313
48.1,-5.1200004,,,1.0,-0.9940585150008714,5.526554220228425,0.14831066,0.30538654,0.20121732,0.057567
48.1,-5.1000004,,,1.0,-0.99258235811852,5.52615186070451,0.12219372,0.307939,0.17665668,0.057951212
48.1,-5.08,,,1.0,-0.9911061341693194,5.525749918019732,0.09669936,0.31072742,0.15273942,0.059138298
48.1,-5.06,,,1.0,-0.9896299136009232,5.525348411262686,0.07186588,0.31376028,0.12949875,0.06161058
48.1,-5.04,,,1.0,-0.9881536612759342,5.524947330768439,0.047729935,0.31701052,0.10695948,0.06339145
48.1,-5.02,,,1.0,-0.9866773772516116,5.524546676460049,0.024312975,0.32049477,0.085135765,0.06481874
48.1,-5.0,,,1.0,-0.985201061585134,5.524146448260637,0.0016481256,0.3241967,0.064059496,0.06662202
48.1,-4.98,,,1.0,-0.9837247143335986,5.523746646093402,-0.020244522,0.32812333,0.043735985,0.069538
48.1,-4.96,,,1.0,-0.9822483355540232,5.523347269881605,-0.041330755,0.3322519,0.02418338,0.07079935
48.1,-4.94,,,1.0,-0.980771925303346,5.522948319548583,-0.061607856,0.33659798,0.0054056705,0.07342291
48.1,-4.9,,,1.0,-0.9778190106160324,5.522151696212538,-0.099686615,0.3458599,-0.029733844,0.07868731
48.1,-4.84,,,1.0,-0.973389403970624,5.520959953386596,-0.15043558,0.36108553,-0.076421514,0.08854771
48.1,-4.82,,,1.0,-0.9719128060845346,5.5205635567201,-0.16564056,0.36647892,-0.09036875,0.091734886
48.1,-4.8,,,1.0,-0.970436177123666,5.520167585397656,-0.17997532,0.3720368,-0.10351009,0.094860554
48.1,-4.76,,,1.0,-0.9674828262027076,5.519376918480544,-0.20608412,0.38354337,-0.12739724,0.10287261
48.1,-4.7400002,,,1.0,-0.9660061043549774,5.518982222733864,-0.21785885,0.38948625,-0.13816342,0.10739136
48.1,-4.7200003,,,1.0,-0.9645293516571884,5.518587952027207,-0.22879432,0.39554143,-0.14814317,0.11160374
48.1,-4.7000003,,,1.0,-0.963052568165322,5.518194106284741,-0.2389011,0.40169168,-0.15735957,0.11678553
48.1,-4.6800003,,,1.0,-0.9615757539352816,5.517800685430705,-0.24818219,0.40794623,-0.16582496,0.121147394
48.1,-4.6600003,,,1.0,-0.960098909022892,5.517407689389404,-0.25665632,0.41427737,-0.17354116,0.12523997
48.1,-4.6400003,,,1.0,-0.9586220334838994,5.517015118085212,-0.26432732,0.4206952,-0.18052584,0.13031721
48.1,-4.6200004,,,1.0,-0.95714512737397,5.516622971442579,-0.27122772,0.4271646,-0.18680027,0.13528144
48.1,-4.6000004,,,1.0,-0.955668190748692,5.5162312493860215,-0.27735904,0.43369478,-0.19237952,0.14051902
48.1,-4.5800004,,,1.0,-0.9541912236635754,5.515839951840123,-0.28275046,0.44026077,-0.19727331,0.14621627
48.1,-4.56,,,1.0,-0.9527141909592928,5.515449069415448,-0.28739646,0.4468732,-0.20150647,0.15213764
48.1,-4.54,,,1.0,-0.9512371631199936,5.515058620675022,-0.29134297,0.45350838,-0.20508249,0.15783668
48.1,-4.52,,,1.0,-0.9497601049869172,5.514668596219433,-0.29460177,0.46015084,-0.20803064,0.16357923
48.1,-4.5,,,1.0,-0.948283016615261,5.514278995973544,-0.29717577,0.4668249,-0.21037127,0.16995192
48.1,-4.48,,,1.0,-0.946805898060144,5.51388981986229,-0.29910275,0.47349167,-0.21211855,0.17526972
48.1,-4.3,,,1.0,-0.9335104818645454,5.51040630856865,-0.29085588,0.53218323,-0.20429431,0.23745632
48.12,-10.0,,,1.0,-1.35237461593939,5.639863991133856,0.23020554,0.57250756,0.24040279,0.10042977
48.12,-9.96,,,1.0,-1.3494430014583727,5.638846836428897,0.24392802,0.5544669,0.25615075,0.08856559
48.12,-9.94,,,1.0,-1.347977086320482,5.638338917506185,0.25100958,0.54555345,0.26428837,0.083176136
48.12,-9.9,,,1.0,-1.3450451804483028,5.637324444495012,0.26560807,0.52798086,0.28106254,0.073443055
48.12,-9.86,,,1.0,-1.3421130811176625,5.636311758339984,0.28075895,0.51078784,0.29848728,0.06505096
48.12,-9.8,,,1.0,-1.3377146057415918,5.63479608987536,0.30443323,0.48585236,0.32571733,0.05484438
48.12,-9.76,,,1.0,-1.334782025557376,5.633787867607073,0.32078212,0.46985692,0.34452072,0.04947996
48.12,-9.74,,,1.0,-1.3333156287527883,5.63328441362355,0.32909864,0.4620729,0.3540856,0.047176957
48.12,-9.7,,,1.0,-1.3303827619576651,5.632278867509629,0.34599057,0.4469362,0.37350115,0.043311834
48.12,-9.66,,,1.0,-1.3274497048803178,5.631275104564867,0.36314425,0.4324137,0.39321825,0.040320516
48.12,-9.64,,,1.0,-1.3259831401498698,5.630773903495888,0.37179536,0.425395,0.4031555,0.039151907
48.12,-9.6,,,1.0,-1.3230497988325274,5.629772813906661,0.3891993,0.4118424,0.42313275,0.03731799
48.12,-9.56,,,1.0,-1.320116268805291,5.6287735056520445,0.40664825,0.39895153,0.44315064,0.036208272
48.12,-9.54,,,1.0,-1.3186493982484764,5.628274507404916,0.4153711,0.39276147,0.45314512,0.035847187
48.12,-9.46,,,1.0,-1.3127815872583484,5.6262830117030385,0.44992915,0.36971164,0.4926762,0.03582573
48.12,-9.440001,,,1.0,-1.3113145527159638,5.6257862615792,0.45843333,0.36436415,0.50238377,0.03612113
48.12,-9.4,,,1.0,-1.3083802041316344,5.624794047716685,0.47521994,0.3541758,0.52150077,0.03692329
48.12,-9.36,,,1.0,-1.3054457399073247,5.6238036352145295,0.4916391,0.34462804,0.540126,0.038152456
48.12,-9.34,,,1.0,-1.303978473373364,5.623309107152894,0.49969152,0.34008676,0.54922795,0.03881693
48.12,-9.3,,,1.0,-1.3010437319142043,5.622321359791342,0.5154555,0.33144784,0.56698525,0.04043603
48.12,-9.26,,,1.0,-1.2981088063997206,5.621335388296773,0.5307291,0.3233754,0.58406246,0.042310476
48.12,-9.24,,,1.0,-1.296641239824282,5.6208430565404885,0.5381657,0.31954402,0.5923296,0.043148637
48.12,-9.2,,,1.0,-1.2937060393745905,5.61985974750865,0.5526507,0.31224442,0.60830337,0.04511249
48.12,-9.16,,,1.0,-1.290770656400466,5.618878212533341,0.5666,0.30542457,0.623503,0.04712069
48.12,-9.14,,,1.0,-1.2893029316519655,5.618388121770755,0.57337314,0.3021791,0.6308044,0.048298836
48.12,-9.1,,,1.0,-1.286367276035636,5.617409246504783,0.5865212,0.2959721,0.64481705,0.050136566
48.12,-9.04,,,1.0,-1.2819634184182285,5.615944244726769,0.6052817,0.2873314,0.66435593,0.05291128
48.12,-9.0,,,1.0,-1.2790273114249533,5.614969798762636,0.61718583,0.28195202,0.676427,0.054341674
48.12,-8.96,,,1.0,-1.276091024938397,5.613997123252451,0.628634,0.27682632,0.6877638,0.055824876
48.12,-8.940001,,,1.0,-1.2746228495785568,5.613511460767419,0.63420147,0.27434927,0.69317055,0.05636859
48.12,-8.9,,,1.0,-1.2716862249661431,5.612541416465878,0.6450352,0.2695518,0.70348245,0.057243824
48.12,-8.86,,,1.0,-1.2687494923716898,5.611573163974401,0.65550816,0.26493967,0.71317434,0.057953358
48.12,-8.84,,,1.0,-1.2672810945245836,5.611089712274748,0.6606219,0.26269054,0.71780455,0.058161855
48.12,-8.8,,,1.0,-1.2643440960623813,5.610124111414443,0.67064375,0.25829798,0.7266823,0.058197618
48.12,-8.76,,,1.0,-1.261406921097589,5.609160277430059,0.6804058,0.2540574,0.73509157,0.058027744
48.12,-8.74,,,1.0,-1.2599382325962103,5.608679011324844,0.6852089,0.25198525,0.7391493,0.057391047
48.12,-8.7,,,1.0,-1.2570007939874177,5.607717826339494,0.69470394,0.24793106,0.7470108,0.056782603
48.12,-8.66,,,1.0,-1.254063180356349,5.606758406450312,0.7040725,0.24401295,0.7546118,0.05531335
48.12,-8.64,,,1.0,-1.252594343112886,5.606279369610974,0.70873433,0.24210298,0.7583325,0.0546844
48.12,-8.6,,,1.0,-1.249656468054979,5.605322596013777,0.7180226,0.23841012,0.76567817,0.053324103
48.12,-8.56,,,1.0,-1.2467184194451453,5.6043675857392214,0.72733617,0.23487335,0.7729657,0.051464558
48.12,-8.54,,,1.0,-1.24524929521488,5.603890730263138,0.73202,0.2331711,0.7766073,0.051133156
48.12,-8.5,,,1.0,-1.2423109873721725,5.6029383636669765,0.7414563,0.22993201,0.78395087,0.048084497
48.12,-8.46,,,1.0,-1.2393725074380024,5.6019877586261435,0.75104076,0.22691625,0.79142016,0.047018528
48.12,-8.440001,,,1.0,-1.2379032381498647,5.601513127779684,0.755897,0.22550982,0.79522747,0.045597553
48.12,-8.4,,,1.0,-1.2349644311031664,5.600565141148716,0.76577604,0.22290069,0.8030131,0.04292226
48.12,-8.36,,,1.0,-1.2320255234786068,5.59961893693425,0.7758706,0.22062194,0.8110711,0.040806174
48.12,-8.34,,,1.0,-1.2305560408931122,5.599146505788922,0.7810144,0.21960676,0.81521124,0.039743185
48.12,-8.3,,,1.0,-1.2276168783916426,5.5982029399277256,0.7914812,0.21787107,0.8237358,0.037927747
48.12,-8.26,,,1.0,-1.224677546690152,5.59726113210604,0.8021892,0.21654427,0.83259195,0.035907745
48.12,-8.24,,,1.0,-1.2232077825271013,5.596790876034896,0.8076284,0.21604508,0.8371503,0.034996152
48.12,-8.16,,,1.0,-1.2173284459011633,5.594914288218065,0.82989895,0.21527195,0.8562322,0.031995535
48.12,-7.94,,,1.0,-1.2011568353276845,5.58978986410049,0.8938799,0.22465211,0.91519356,0.028091073
48.12,-7.86,,,1.0,-1.19527501403947,5.587939581523538,0.91804177,0.23259342,0.93910927,0.02765119
48.12,-7.84,,,1.0,-1.1938044566834622,5.587478105090917,0.92419916,0.23495567,0.9453444,0.02742362
48.12,-7.8,,,1.0,-1.1908632200184774,5.586556464676326,0.93671626,0.24012935,0.95818144,0.02852869
48.12,-7.7400002,,,1.0,-1.1864510611802388,5.58517728389069,0.956099,0.24892908,0.97842723,0.028905153
48.12,-7.7000003,,,1.0,-1.183509420202216,5.58426001558898,0.9695285,0.25544566,0.9926676,0.030190945
48.12,-7.6600003,,,1.0,-1.1805676184665708,5.583344494931222,0.983409,0.26244634,1.0075517,0.031266212
48.12,-7.6,,,1.0,-1.1761545805738325,5.581974478406922,1.005173,0.2737571,1.0311565,0.03370118
48.12,-7.5,,,1.0,-1.1687987798606014,5.5796998642377735,1.044114,0.2943434,1.0739845,0.037024498
48.12,-7.44,,,1.0,-1.1643848248292363,5.57834032910736,1.0690037,0.30743796,1.101656,0.04037893
48.12,-7.34,,,1.0,-1.1570274479848808,5.576083152147904,1.1125617,0.32985592,1.1505249,0.04588878
48.12,-7.3,,,1.0,-1.1540842240282856,5.575183329611703,1.1305197,0.33885622,1.1708153,0.048864365
48.12,-7.26,,,1.0,-1.1511408447533258,5.574285247917368,1.1486483,0.34779155,1.1913885,0.052761793
48.12,-7.2400002,,,1.0,-1.1496690970389456,5.573836859675076,1.1577501,0.352215,1.2017592,0.054142833
48.12,-7.2000003,,,1.0,-1.1467254857905511,5.57294138797917,1.175972,0.36092865,1.222589,0.05755472
48.12,-7.1600003,,,1.0,-1.1437817205604657,5.572047655440831,1.1941428,0.36943018,1.2434556,0.060501814
48.12,-7.1400003,,,1.0,-1.1423097803686284,5.571601441145742,1.2031802,0.3735776,1.2538656,0.06354678
48.12,-7.1,,,1.0,-1.1393657500671432,5.570710305471594,1.2210718,0.38166827,1.2745869,0.06736374
48.12,-7.06,,,1.0,-1.1364216022057747,5.569820917910646,1.2386729,0.38940644,1.2950705,0.071100235
48.12,-7.04,,,1.0,-1.1349494711949786,5.569376875475904,1.2473425,0.3931179,1.3051873,0.07232666
48.12,-7.0,,,1.0,-1.1320050953427714,5.568490092880085,1.264326,0.40024012,1.3251208,0.07884705
48.12,-6.96,,,1.0,-1.1290605681548247,5.567605046092843,1.2807835,0.40689754,1.3445326,0.08379018
48.12,-6.94,,,1.0,-1.1275882479740162,5.5671631734190665,1.2887821,0.41004193,1.3540128,0.08539629
48.12,-6.9,,,1.0,-1.1246434947660713,5.566280729095047,1.3042862,0.4159274,1.3724421,0.09117794
48.12,-6.86,,,1.0,-1.121698591531765,5.565400018914955,1.3190379,0.4212457,1.3900791,0.09592152
48.12,-6.84,,,1.0,-1.120226083817666,5.564960313921335,1.3261101,0.42368108,1.3985516,0.09919906
48.12,-6.8,,,1.0,-1.117280956520672,5.564082203712433,1.3395832,0.42808867,1.4147496,0.10169983
48.12,-6.76,,,1.0,-1.1143356804976987,5.563205825989393,1.3520786,0.43186462,1.4298415,0.106184006
48.12,-6.7400002,,,1.0,-1.1128629868757896,5.562768286603352,1.3579428,0.43349475,1.4369271,0.10848141
48.12,-6.7000003,,,1.0,-1.109917488733987,5.56189450636936,1.3688285,0.43624455,1.4501065,0.11323774
48.12,-6.6600003,,,1.0,-1.1069718431576452,5.56102245696978,1.3785037,0.43829936,1.4618486,0.117096424
48.12,-6.6400003,,,1.0,-1.1054989652422291,5.560587081126999,1.3828512,0.4390626,1.4671347,0.11858559
48.12,-6.6,,,1.0,-1.1025530643591794,5.5597176163898405,1.3905271,0.44004142,1.476465,0.12140083
48.12,-6.56,,,1.0,-1.0996070524407642,5.558849891217278,1.3967272,0.4402954,1.4840124,0.12425017
48.12,-6.54,,,1.0,-1.0981339918341615,5.558416676872021,1.3992425,0.44014776,1.4870713,0.12690127
48.12,-6.5,,,1.0,-1.0951877616445955,5.557551544254009,1.4030192,0.43931347,1.4916843,0.12702632
48.12,-6.46,,,1.0,-1.0922413865767575,5.556688139187382,1.4050444,0.43774873,1.4941764,0.12805378
48.12,-6.44,,,1.0,-1.0907681448719844,5.556257084281605,1.4053551,0.4367028,1.4945793,0.12898469
48.12,-6.4,,,1.0,-1.0878215534369633,5.55539626931724,1.4045115,0.43408185,1.4936304,0.1289953
48.12,-6.36,,,1.0,-1.0848748183885926,5.5545371802727335,1.4015996,0.43077934,1.4902328,0.13012052
48.12,-6.34,,,1.0,-1.0834013971668062,5.554108282767029,1.3993423,0.4288724,1.4875698,0.13014865
48.12,-6.3,,,1.0,-1.0804544476420777,5.553251781382502,1.3931125,0.42459613,1.4802699,0.12600946
48.12,-6.26,,,1.0,-1.077507355760188,5.552397004292989,1.3845253,0.41970617,1.4702233,0.12362814
48.12,-6.2400002,,,1.0,-1.0760337565916245,5.551970262156298,1.3793114,0.4170431,1.4641441,0.12418842
48.12,-6.2000003,,,1.0,-1.0730864521111354,5.551118070294516,1.3669828,0.4113046,1.4498072,0.119458795
48.12,-6.1600003,,,1.0,-1.0701390065209886,5.550267601109597,1.352022,0.40506667,1.432501,0.11929405
48.12,-6.1400003,,,1.0,-1.0686652309650293,5.549843012319236,1.343525,0.40176702,1.4227173,0.11857104
48.12,-6.1,,,1.0,-1.0657175395013847,5.548995115842516,1.3244454,0.39487743,1.4008373,0.11327803
48.12,-6.06,,,1.0,-1.0627697433049588,5.548148950549079,1.3025074,0.3876121,1.375849,0.108044386
48.12,-6.04,,,1.0,-1.0612957929093618,5.5477265131010105,1.2904514,0.38386297,1.3621829,0.10726881
48.12,-6.0,,,1.0,-1.0583477878309762,5.546882928200999,1.2641191,0.37617123,1.3324889,0.10108566
48.12,-5.96,,,1.0,-1.0553996441120952,5.546041062761706,1.2347757,0.36829776,1.2996564,0.09752607
48.12,-5.9,,,1.0,-1.050977169653746,5.544781487191931,1.1851112,0.35624593,1.2445946,0.09002566
48.12,-5.84,,,1.0,-1.0465543860029185,5.5435257768136355,1.128651,0.34419572,1.1827304,0.08201575
48.12,-5.7000003,,,1.0,-1.036233364269816,5.54061080516466,0.97143805,0.31754518,1.0141672,0.06687105
48.12,-5.6400003,,,1.0,-1.0318095617849243,5.539367963261547,0.8940693,0.3074298,0.9329705,0.061468124
48.12,-5.56,,,1.0,-1.02591065360212,5.537716828625078,0.78308475,0.2958697,0.81834537,0.052900672
48.12,-5.34,,,1.0,-1.00968601429048,5.5332115403204565,0.4507056,0.27961326,0.48614195,0.0467515
48.12,-5.3,,,1.0,-1.006735652698688,5.53239795441389,0.38948804,0.27961498,0.42653432,0.046496272
48.12,-5.26,,,1.0,-1.003785160842379,5.531586076925052,0.32906795,0.28059554,0.36812758,0.04713607
48.12,-5.2000003,,,1.0,-0.9993591798317496,5.530371462617078,0.24084626,0.28397274,0.28354132,0.04816878
48.12,-5.1600003,,,1.0,-0.9964083643516148,5.529563853458442,0.18421157,0.28748262,0.22966306,0.05156851
48.12,-5.1400003,,,1.0,-0.994932908343418,5.529160688761214,0.15670335,0.28962767,0.20359027,0.050644994
48.12,-5.1000004,,,1.0,-0.9919819000795956,5.528355638745093,0.10346644,0.2946208,0.15333188,0.05371034
48.12,-5.06,,,1.0,-0.9890307286889518,5.5275522844866405,0.052885283,0.30060387,0.10580289,0.055880904
48.12,-5.04,,,1.0,-0.9875551127475146,5.527151251454996,0.028664352,0.30393362,0.08313432,0.058466315
48.12,-5.0,,,1.0,-0.984603785479665,5.526350463615965,-0.01745221,0.31129682,0.040068734,0.062176704
48.12,-4.96,,,1.0,-0.9816523314133228,5.525551379564596,-0.060355064,0.3195181,0.00016472062,0.0664314
48.12,-4.94,,,1.0,-0.9801765569734688,5.525152476267789,-0.08055126,0.3239342,-0.018570922,0.06936848
48.12,-4.9,,,1.0,-0.9772249135652,5.524355946749542,-0.11835117,0.33336377,-0.053553686,0.07392812
48.12,-4.86,,,1.0,-0.974273144497653,5.523561119489405,-0.15264602,0.34351826,-0.085203074,0.07986522
48.12,-4.84,,,1.0,-0.9727972129834032,5.5231643440154965,-0.16846721,0.34883893,-0.09977288,0.08248854
48.12,-4.8,,,1.0,-0.9698452562767584,5.522372068999347,-0.19744843,0.35995674,-0.12641954,0.09077501
48.12,-4.76,,,1.0,-0.9668931750420712,5.521581494718682,-0.22289664,0.37163615,-0.14975762,0.09735155
48.12,-4.7400002,,,1.0,-0.9654170878674716,5.5211868451643955,-0.23431839,0.37765193,-0.16020808,0.10088515
48.12,-4.7000003,,,1.0,-0.9624648206845836,5.5203988208489845,-0.2545857,0.39001673,-0.1787272,0.10977781
48.12,-4.6600003,,,1.0,-0.9595124300969576,5.519612495753377,-0.27150196,0.40274358,-0.194164,0.11903596
48.12,-4.6400003,,,1.0,-0.9580361886661406,5.519219970224104,-0.2787461,0.409217,-0.20075725,0.12363839
48.12,-4.6000004,,,1.0,-0.955083613809352,5.518436192825441,-0.29084557,0.42235518,-0.21177582,0.13404071
48.12,-4.56,,,1.0,-0.9521308814635954,5.517654103824846,-0.29992357,0.43567163,-0.22002424,0.14443612
48.12,-4.54,,,1.0,-0.9506544871701172,5.517263700444796,-0.30338868,0.44234562,-0.22315261,0.15064466
48.12,-4.5,,,1.0,-0.947701607420657,5.51648416621651,-0.30822447,0.45578122,-0.2275217,0.16258276
48.12,-4.46,,,1.0,-0.9447486064894804,5.515706328197539,-0.31045473,0.4691983,-0.22949924,0.17422712
48.12,-4.44,,,1.0,-0.9432720607185644,5.515318045079394,-0.31065023,0.47588402,-0.22964536,0.1804471
48.12,-4.4,,,1.0,-0.9403188788410276,5.514542750252093,-0.30930403,0.48917842,-0.22834973,0.1934359
48.12,-4.36,,,1.0,-0.9373655768815836,5.513769150139336,-0.30582857,0.50228417,-0.22507922,0.20660293
48.12,-4.34,,,1.0,-0.9358888810079928,5.5133829854146335,-0.30334198,0.50876135,-0.22274569,0.21298611
48.12,-4.32,,,1.0,-0.9344121552779868,5.512997244145171,-0.30039492,0.5151659,-0.21997288,0.22021627
48.12,-4.3,,,1.0,-0.9329353997460922,5.5126119262566355,-0.29700172,0.52151334,-0.2167936,0.22718108
48.14,-10.0,,,1.0,-1.3516142862342586,5.642053052176098,0.22988366,0.5652283,0.23612967,0.09662986
48.14,-9.9800005,,,1.0,-1.3501492061051683,5.641544336294825,0.23663567,0.55608726,0.24380003,0.09063852
48.14,-9.96,,,1.0,-1.3486840072891686,5.641036043130418,0.24353866,0.54701746,0.25164795,0.085012674
48.14,-9.94,,,1.0,-1.347218759727691,5.640528196859075,0.25059018,0.5380216,0.2596732,0.079759
48.14,-9.92,,,1.0,-1.3457535333713582,5.640020821571813,0.25779128,0.5291063,0.26787204,0.07483482
48.14,-9.9,,,1.0,-1.3442881885620157,5.639513868787956,0.26513684,0.52028656,0.27624556,0.07027364
48.14,-9.88,,,1.0,-1.3428228651227103,5.639007386760839,0.27261978,0.51155984,0.2847807,0.06604099
48.14,-9.86,,,1.0,-1.341357423385816,5.638501327095089,0.28024027,0.50294423,0.29348224,0.06213069
48.14,-9.84,,,1.0,-1.339892003183409,5.637995737958994,0.28799298,0.49443316,0.30233675,0.058533907
48.14,-9.78,,,1.0,-1.3354953135574883,5.636481599892945,0.31198665,0.46965927,0.32977834,0.049551964
48.14,-9.76,,,1.0,-1.33402970078511,5.635977795433407,0.32020745,0.46166658,0.33919033,0.04710555
48.14,-9.74,,,1.0,-1.3325639701789571,5.635474412910442,0.32852656,0.4538154,0.34871623,0.04491067
48.14,-9.72,,,1.0,-1.3310982615980207,5.6349715002373895,0.33693308,0.44611543,0.3583537,0.04295647
48.14,-9.7,,,1.0,-1.3296324353370998,5.634469009359753,0.34542865,0.4385687,0.3680811,0.04123223
48.14,-9.68,,,1.0,-1.3281666312640985,5.633966988105956,0.35398316,0.4311701,0.37789613,0.039734006
48.14,-9.66,,,1.0,-1.3267007096644987,5.633465388506637,0.36260852,0.42393792,0.38778502,0.038416505
48.14,-9.64,,,1.0,-1.3252348104150882,5.632964258305342,0.3712798,0.4168663,0.3977286,0.037308812
48.14,-9.62,,,1.0,-1.3237687937920608,5.632463549617807,0.37999564,0.40995556,0.4077294,0.036372185
48.14,-9.6,,,1.0,-1.3223027996810568,5.631963310102736,0.38874015,0.40322065,0.41775987,0.035618305
48.14,-9.58,,,1.0,-1.3208366883490148,5.631463491960931,0.39750618,0.39664656,0.427818,0.03502989
48.14,-9.56,,,1.0,-1.3193705996903973,5.630964142766284,0.40627247,0.39024848,0.43788454,0.034598827
48.14,-9.54,,,1.0,-1.317904393962919,5.630465214804629,0.41503707,0.3840242,0.44794613,0.034286737
48.14,-9.52,,,1.0,-1.3164382110698332,5.629966755565084,0.423792,0.37797117,0.45799553,0.03411615
48.14,-9.5,,,1.0,-1.3149719112596614,5.62946871741848,0.43252286,0.3720863,0.46800518,0.034073234
48.14,-9.4800005,,,1.0,-1.313505634444422,5.628971147769198,0.44121543,0.36637408,0.47798073,0.03418088
48.14,-9.440001,,,1.0,-1.3105728704375543,5.627977318649636,0.45845535,0.35546422,0.49773687,0.03462982
48.14,-9.42,,,1.0,-1.3091063833969008,5.627481059039752,0.46698293,0.35026228,0.5074972,0.03497672
48.14,-9.4,,,1.0,-1.3076398497416837,5.626985243847205,0.47543266,0.34522396,0.51716167,0.035514712
48.14,-9.38,,,1.0,-1.306173339480866,5.626489896591128,0.4838036,0.34034312,0.52672166,0.03608656
48.14,-9.36,,,1.0,-1.3047067128310212,5.6259949699395575,0.4920814,0.33562875,0.5361601,0.036692977
48.14,-9.34,,,1.0,-1.3032401097346138,5.6255005110005705,0.5002618,0.3310666,0.5454679,0.037359
48.14,-9.32,,,1.0,-1.3017733903991564,5.625006472527042,0.5083408,0.32665235,0.55464643,0.0381701
48.14,-9.3,,,1.0,-1.3003066947757458,5.624512901542469,0.5163056,0.32239068,0.56367224,0.038942218
48.14,-9.24,,,1.0,-1.2959061914372771,5.623034804287856,0.53950894,0.31044722,0.5897863,0.041563153
48.14,-9.22,,,1.0,-1.2944393116823294,5.622543008126012,0.5470031,0.306728,0.5981529,0.042615175
48.14,-9.2,,,1.0,-1.2929723161358828,5.622051632013828,0.5543685,0.3031307,0.60633665,0.04362154
48.14,-9.18,,,1.0,-1.29150534477476,5.621560722721267,0.5616041,0.29965484,0.6143371,0.044409275
48.14,-9.16,,,1.0,-1.2900382577705307,5.62107023334022,0.5687225,0.29628813,0.6221498,0.04542184
48.14,-9.14,,,1.0,-1.2885711951085383,5.620580210556204,0.57570577,0.2930287,0.6297783,0.046491146
48.14,-9.08,,,1.0,-1.284169594287192,5.619112753910232,0.5959211,0.28384954,0.6515125,0.049328923
48.14,-9.04,,,1.0,-1.2812349903847444,5.618136671714271,0.60879207,0.27816027,0.665052,0.050953865
48.14,-9.02,,,1.0,-1.2797676556438178,5.617649306296329,0.6150541,0.27543014,0.6715442,0.05164337
48.14,-9.0,,,1.0,-1.27830020584943,5.617162360239571,0.6212022,0.272775,0.6778546,0.052662134
48.14,-8.9800005,,,1.0,-1.276832781020708,5.616675879892091,0.62724334,0.27018708,0.6839834,0.05320382
48.14,-8.96,,,1.0,-1.2753652412849583,5.616189818768782,0.6331729,0.26765597,0.68993765,0.05391693
48.14,-8.940001,,,1.0,-1.2738977266696838,5.615704223133468,0.63900566,0.2651794,0.69571626,0.054370046
48.14,-8.92,,,1.0,-1.2724300972934257,5.615219046585536,0.6447446,0.2627523,0.70133126,0.054684877
48.14,-8.9,,,1.0,-1.2709624232084158,5.614734312201712,0.6503873,0.2603795,0.7067861,0.055283666
48.14,-8.88,,,1.0,-1.2694947744753111,5.6142500429744455,0.6559388,0.25805545,0.71208996,0.05549836
48.14,-8.86,,,1.0,-1.2680270111995626,5.61376619262981,0.6614097,0.2557727,0.71724105,0.05584979
48.14,-8.84,,,1.0,-1.2665592734294848,5.613282807221107,0.66679984,0.25353217,0.7222437,0.055848956
48.14,-8.82,,,1.0,-1.2650914212618358,5.612799840558818,0.672117,0.25132716,0.7271232,0.05615139
48.14,-8.8,,,1.0,-1.2636235947532088,5.612317338612099,0.6773679,0.24915528,0.7318741,0.05614984
48.14,-8.78,,,1.0,-1.2621556539916976,5.611835255275806,0.682553,0.24702519,0.73650944,0.05612862
48.14,-8.76,,,1.0,-1.260687739042145,5.611353636434982,0.6876797,0.24492854,0.7410285,0.05597794
48.14,-8.74,,,1.0,-1.2592197099840077,5.610872436068832,0.6927564,0.24286592,0.74545616,0.05556822
48.14,-8.72,,,1.0,-1.2577517068903503,5.610391699978315,0.6977881,0.2408346,0.7497857,0.055221796
48.14,-8.7,,,1.0,-1.2562835898320264,5.6099113822269455,0.7027852,0.23883355,0.75403947,0.054525733
48.14,-8.68,,,1.0,-1.2548154988902902,5.609431528531635,0.70774204,0.23687506,0.75822014,0.0542233
48.14,-8.66,,,1.0,-1.2533472941274195,5.608952093040179,0.71268094,0.23494238,0.76233834,0.053889155
48.14,-8.64,,,1.0,-1.2518791156328348,5.608473121385474,0.717595,0.23305237,0.76640254,0.052845478
48.14,-8.62,,,1.0,-1.2504108234602636,5.607994567799561,0.72250026,0.23119539,0.77042603,0.052403808
48.14,-8.6,,,1.0,-1.248942557707264,5.607516477831357,0.72739303,0.2293827,0.77441895,0.051267028
48.14,-8.58,,,1.0,-1.2474741784190455,5.607038805797109,0.73229694,0.22760409,0.7783912,0.05013752
48.14,-8.56,,,1.0,-1.2460058257012745,5.606561597161795,0.7371982,0.22587895,0.78234994,0.049438596
48.14,-8.54,,,1.0,-1.2445373595906688,5.606084806325839,0.74211043,0.22420347,0.78631073,0.04886532
48.14,-8.52,,,1.0,-1.243068920200978,5.6056084786703035,0.7470489,0.22257221,0.7902773,0.047947645
48.14,-8.5,,,1.0,-1.241600367560456,5.605132568679757,0.75200814,0.22100079,0.79426163,0.046669126
48.14,-8.4800005,,,1.0,-1.2401318417909075,5.604657121651386,0.7570096,0.21947849,0.7982689,0.045654416
48.14,-8.46,,,1.0,-1.2386632029121525,5.60418209215387,0.7620313,0.2180295,0.80231607,0.044674158
48.14,-8.440001,,,1.0,-1.2371945910540216,5.603707525400549,0.7671005,0.21664184,0.8063987,0.0439744
48.14,-8.42,,,1.0,-1.2357258662279305,5.603233376044181,0.7722128,0.2153297,0.8105379,0.042564154
48.14,-8.4,,,1.0,-1.2342570985359882,5.602759666637075,0.77737236,0.21409279,0.81473035,0.041479588
48.14,-8.38,,,1.0,-1.2327883580883885,5.602286419647695,0.78258055,0.21293795,0.8189863,0.04041803
48.14,-8.36,,,1.0,-1.2313195048839862,5.6018135898548485,0.7878502,0.21185815,0.8233047,0.038834214
48.14,-8.34,,,1.0,-1.229850679072563,5.601341222262413,0.79317373,0.2108711,0.827691,0.038454533
48.14,-8.32,,,1.0,-1.228381740644638,5.600869271733195,0.79854685,0.20998108,0.8321478,0.03746414
48.14,-8.3,,,1.0,-1.2269128297579242,5.600397783187346,0.8039674,0.20919329,0.83668274,0.036161423
48.14,-8.28,,,1.0,-1.225443806394632,5.599926711571629,0.80944663,0.20850551,0.84129685,0.03543651
48.14,-8.26,,,1.0,-1.2239748107203818,5.599456101722502,0.8149795,0.20792389,0.845983,0.0342921
48.14,-8.24,,,1.0,-1.2225057027091015,5.59898590867066,0.82055587,0.20745975,0.85074526,0.033735633
48.14,-8.22,,,1.0,-1.22103662253429,5.598516177168902,0.8261716,0.20711684,0.8555864,0.032874107
48.14,-8.16,,,1.0,-1.2166289893242217,5.59710957185761,0.843275,0.20682198,0.8705775,0.030424356
48.14,-8.08,,,1.0,-1.210751605060017,5.5952402557183,0.8665,0.20832145,0.89156723,0.027216554
48.14,-7.94,,,1.0,-1.2004645819518278,5.591985829257686,0.90789074,0.2166161,0.93093324,0.025998354
48.14,-7.86,,,1.0,-1.1945853761322671,5.590135791353397,0.9320839,0.2247284,0.9551328,0.026526093
48.14,-7.84,,,1.0,-1.1931154723215929,5.589674375828181,0.9382491,0.2271291,0.961426,0.026245117
48.14,-7.82,,,1.0,-1.1916455277082063,5.589213397711192,0.9444729,0.22968036,0.9678282,0.026384115
48.14,-7.7400002,,,1.0,-1.1857653426188155,5.5873738576075045,0.9701166,0.24128032,0.9946846,0.027699947
48.14,-7.7200003,,,1.0,-1.1842951950344969,5.586915065243714,0.9767662,0.24450332,1.0017366,0.028433561
48.14,-7.64,,,1.0,-1.1784141664688104,5.585084252976659,1.0044564,0.25861073,1.0315242,0.030391574
48.14,-7.58,,,1.0,-1.1740029999302146,5.583715736067822,1.026541,0.27027434,1.0556139,0.032407165
48.14,-7.54,,,1.0,-1.171062022599404,5.582805573083536,1.0419264,0.27847356,1.072517,0.033891797
48.14,-7.52,,,1.0,-1.16959147424771,5.582351145822533,1.0498186,0.2826783,1.0812213,0.033908367
48.14,-7.5,,,1.0,-1.168120886196154,5.581897154602292,1.0578468,0.28693843,1.0900892,0.03520906
48.14,-7.48,,,1.0,-1.1666502585128693,5.5814435993378915,1.0659925,0.2912619,1.0991186,0.036343575
48.14,-7.42,,,1.0,-1.1622381383525613,5.5800855484315015,1.0911328,0.30447948,1.127106,0.03946376
48.14,-7.38,,,1.0,-1.1592965279986132,5.579182359385817,1.1084166,0.31341922,1.1464375,0.0418756
48.14,-7.36,,,1.0,-1.1578256639505191,5.578731418076757,1.1171829,0.31791514,1.1562806,0.04278183
48.14,-7.32,,,1.0,-1.1548838184495085,5.577830841463865,1.1349471,0.32688618,1.1762592,0.045570135
48.14,-7.3,,,1.0,-1.1534128371312795,5.577381205991294,1.1439108,0.33135772,1.1863778,0.046502948
48.14,-7.26,,,1.0,-1.1504707576954096,5.576483240292534,1.1619546,0.34023803,1.2068033,0.049959064
48.14,-7.2400002,,,1.0,-1.1489996597119043,5.576034909897996,1.1710155,0.3446222,1.2170917,0.051455736
48.14,-7.2200003,,,1.0,-1.147528522973959,5.575587014361226,1.1800818,0.34897238,1.2274153,0.05305934
48.14,-7.2000003,,,1.0,-1.14605734754841,5.575139553598213,1.1891439,0.3532651,1.2377524,0.054550886
48.14,-7.1800003,,,1.0,-1.1445861335020064,5.574692527525007,1.1981913,0.35750705,1.2481008,0.05672884
48.14,-7.1600003,,,1.0,-1.143114880901405,5.5742459360577294,1.2072092,0.36168444,1.2584347,0.058758736
48.14,-7.1400003,,,1.0,-1.1416435898131685,5.5737997791125595,1.2161901,0.36578578,1.2687491,0.05994916
48.14,-7.12,,,1.0,-1.1401722252240518,5.57335404598406,1.2251077,0.3698213,1.2790366,0.061840296
48.14,-7.1,,,1.0,-1.138700857358964,5.572908757842273,1.2339709,0.37376785,1.2892661,0.061916113
48.14,-7.08,,,1.0,-1.1372294512053909,5.5724639039715305,1.2427521,0.3776244,1.299435,0.06453228
48.14,-7.06,,,1.0,-1.135758006829533,5.572019484288277,1.2514434,0.38138908,1.3095299,0.06771517
48.14,-7.04,,,1.0,-1.1342865242975009,5.571575498709024,1.2600428,0.3850438,1.3195354,0.06904173
48.14,-7.02,,,1.0,-1.1328150036753122,5.571131947150345,1.268516,0.38860667,1.3294376,0.07216239
48.14,-7.0,,,1.0,-1.131343445028896,5.570688829528878,1.2768781,0.39204204,1.3392252,0.074763894
48.14,-6.98,,,1.0,-1.1298718484240893,5.570246145761332,1.2850871,0.39537364,1.348876,0.07679498
48.14,-6.96,,,1.0,-1.1284002139266402,5.569803895764476,1.2931724,0.39856768,1.3583851,0.078765154
48.14,-6.94,,,1.0,-1.126928541602206,5.569362079455146,1.3010933,0.40163982,1.3677307,0.078900576
48.14,-6.92,,,1.0,-1.1254568315163525,5.568920696750245,1.3088455,0.40457326,1.3769054,0.08310485
48.14,-6.9,,,1.0,-1.1239850837345562,5.568479747566742,1.3164178,0.4073738,1.3858885,0.08527565
48.14,-6.88,,,1.0,-1.1225132983222053,5.56803923182167,1.3238035,0.41002786,1.3946674,0.08741212
48.14,-6.86,,,1.0,-1.1210414753445974,5.567599149432126,1.3309923,0.41253316,1.403228,0.088876605
48.14,-6.84,,,1.0,-1.1195696148669363,5.567159500315278,1.3379625,0.41489196,1.4115561,0.091950536
48.14,-6.82,,,1.0,-1.118097716954343,5.566720284388356,1.3447207,0.4170891,1.4196341,0.09364796
48.14,-6.8,,,1.0,-1.116625781671844,5.566281501568654,1.3512315,0.41913682,1.4274455,0.09578657
48.14,-6.78,,,1.0,-1.1151538090843758,5.565843151773538,1.3575133,0.42101294,1.4349802,0.09566593
48.14,-6.76,,,1.0,-1.113681799256791,5.565405234920434,1.3635342,0.4227268,1.4422168,0.100518465
48.14,-6.7400002,,,1.0,-1.1122097522538452,5.56496775092684,1.3692908,0.42426276,1.4491354,0.10298228
48.14,-6.7200003,,,1.0,-1.1107376681402128,5.564530699710311,1.3747616,0.425637,1.4557283,0.104845524
48.14,-6.7000003,,,1.0,-1.1092655469804735,5.564094081188477,1.379941,0.42683935,1.4619775,0.10687733
48.14,-6.6800003,,,1.0,-1.1077933888391205,5.56365789527903,1.3848246,0.42785418,1.4678618,0.108232975
48.14,-6.6600003,,,1.0,-1.1063211937805555,5.563222141899727,1.3893881,0.42869508,1.4733596,0.111492395
48.14,-6.6400003,,,1.0,-1.104848961869097,5.562786820968395,1.393608,0.429366,1.4784685,0.11151004
48.14,-6.62,,,1.0,-1.103376658066876,5.5623519220395155,1.3974992,0.42984867,1.4831569,0.110504866
48.14,-6.6,,,1.0,-1.101904352641342,5.5619174657681665,1.4010267,0.43014818,1.4874096,0.114893675
48.14,-6.58,,,1.0,-1.1004320105553278,5.561483441698655,1.40418,0.43026656,1.4912122,0.115347266
48.14,-6.56,,,1.0,-1.098959631872794,5.5610498497490735,1.4069554,0.43019694,1.4945563,0.11793089
48.14,-6.54,,,1.0,-1.097487216657614,5.560616689837575,1.4093212,0.42995465,1.4974043,0.11507201
48.14,-6.52,,,1.0,-1.096014764973572,5.560183961882383,1.4112753,0.42952317,1.4997556,0.11917579
48.14,-6.5,,,1.0,-1.094542276884365,5.559751665801786,1.4127989,0.42890823,1.5015818,0.11989796
48.14,-6.48,,,1.0,-1.0930697524536015,5.559319801514139,1.4138767,0.42811286,1.5028676,0.12042165
48.14,-6.46,,,1.0,-1.0915971917448026,5.558888368937863,1.4144944,0.42713672,1.5036018,0.12045205
48.14,-6.44,,,1.0,-1.0901245948214018,5.558457367991447,1.4146413,0.4259765,1.50377,0.12176645
48.14,-6.42,,,1.0,-1.0886519617467436,5.558026798593444,1.4142834,0.42465317,1.5033379,0.12050104
48.14,-6.4,,,1.0,-1.0871792925840875,5.557596660662477,1.4134244,0.42315066,1.502307,0.11873281
48.14,-6.38,,,1.0,-1.085706587396603,5.557166954117232,1.4120464,0.42147195,1.5006523,0.11967373
48.14,-6.36,,,1.0,-1.084233846247374,5.556737678876464,1.410127,0.41962516,1.4983679,0.12121177
48.14,-6.34,,,1.0,-1.082761069199397,5.556308834858992,1.4076496,0.41762096,1.4954228,0.11858952
48.14,-6.32,,,1.0,-1.0812882563155797,5.5558804219837095,1.4046097,0.4154482,1.4918181,0.119446516
48.14,-6.3,,,1.0,-1.0798154076587456,5.555452440169563,1.4009811,0.41312426,1.4875256,0.11752522
48.14,-6.28,,,1.0,-1.078342523291629,5.555024889335582,1.3967546,0.4106437,1.482545,0.11903238
48.14,-6.26,,,1.0,-1.0768696032768792,5.554597769400848,1.3919116,0.40802503,1.4768511,0.119460225
48.14,-6.2400002,,,1.0,-1.0753966476770571,5.554171080284518,1.3864399,0.40525806,1.4704354,0.11610937
48.14,-6.2200003,,,1.0,-1.073923656554638,5.5537448219058145,1.3803316,0.4023528,1.4632926,0.112183094
48.14,-6.2000003,,,1.0,-1.0724506299720102,5.553318994184027,1.3735704,0.39931202,1.4554068,0.11350703
48.14,-6.1800003,,,1.0,-1.0709775679914773,5.552893597038509,1.3661393,0.39614797,1.4467608,0.109659195
48.14,-6.1600003,,,1.0,-1.0695044706752534,5.552468630388685,1.3580121,0.39287776,1.4373664,0.11099005
48.14,-6.1400003,,,1.0,-1.0680313380854696,5.552044094154043,1.349205,0.38948798,1.4271852,0.10909581
48.14,-6.1200004,,,1.0,-1.0665581702841689,5.55161998825414,1.3396996,0.38598555,1.4162343,0.106974125
48.14,-6.1,,,1.0,-1.0650849322089615,5.551196302512508,1.3294778,0.38239038,1.4044988,0.10506356
48.14,-6.08,,,1.0,-1.0636116941695788,5.5507730570512805,1.3185184,0.37871194,1.3919797,0.10203695
48.14,-6.06,,,1.0,-1.0621384211042972,5.550350241683864,1.3068275,0.3749504,1.3786559,0.09884679
48.14,-6.04,,,1.0,-1.0606651130748157,5.549927856330084,1.2943988,0.37111872,1.3645439,0.09946442
48.14,-6.02,,,1.0,-1.05919177014275,5.549505900909834,1.2812153,0.3672186,1.3496279,0.09606278
48.14,-6.0,,,1.0,-1.0577183923696296,5.549084375343071,1.2672837,0.3632589,1.3339138,0.09300423
48.14,-5.98,,,1.0,-1.0562449798168985,5.548663279549825,1.2525803,0.35925853,1.3174112,0.09038937
48.14,-5.96,,,1.0,-1.0547715325459142,5.548242613450192,1.2371129,0.3552233,1.3001081,0.08916855
48.14,-5.92,,,1.0,-1.0518245340942003,5.547402570012469,1.203878,0.34705913,1.2631291,0.08547592
48.14,-5.9,,,1.0,-1.0503509830357618,5.546983192514909,1.1861047,0.3429649,1.2434725,0.085460305
48.14,-5.84,,,1.0,-1.0459301232620903,5.545727635952005,1.1281849,0.33071488,1.1799337,0.07574189
48.14,-5.78,,,1.0,-1.041508954867835,5.544475941614959,1.0634727,0.3187636,1.1098309,0.06878793
48.14,-5.76,,,1.0,-1.040035163770376,5.544059568071478,1.0404487,0.31488252,1.0850874,0.06712985
48.14,-5.7000003,,,1.0,-1.0356135864258638,5.542813020039356,0.96716356,0.30375516,1.0070487,0.061184406
48.14,-5.6600003,,,1.0,-1.0326656987551297,5.541984131059779,0.9150127,0.29684174,0.95212376,0.05711913
48.14,-5.6200004,,,1.0,-1.0297176760922118,5.541156955777516,0.86044645,0.29043257,0.89516276,0.0539279
48.14,-5.56,,,1.0,-1.0252953548886758,5.539919394839382,0.77461225,0.28196,0.80655545,0.04920435
48.14,-5.48,,,1.0,-1.019398505463443,5.538275318794355,0.6543042,0.27312565,0.68426013,0.04495144
48.14,-5.46,,,1.0,-1.0179242099296404,5.537865369273609,0.6234552,0.27142918,0.6532466,0.044356942
48.14,-5.34,,,1.0,-1.009077742589377,5.535414649855084,0.43589744,0.2659167,0.4673567,0.04218328
48.14,-5.26,,,1.0,-1.0031794409265995,5.533789381396365,0.31245625,0.26710284,0.34730637,0.043930292
48.14,-5.2200003,,,1.0,-1.0002300944698943,5.532979308649977,0.2525189,0.269212,0.28961074,0.04321456
48.14,-5.2000003,,,1.0,-0.9987553725392476,5.5325749123765995,0.22317466,0.27065986,0.26149932,0.04429543
48.14,-5.1800003,,,1.0,-0.9972806182179136,5.532170942733406,0.19432025,0.272357,0.23392808,0.04511428
48.14,-5.1600003,,,1.0,-0.9958058315639248,5.531767399643214,0.16600181,0.27430594,0.20695287,0.04591596
48.14,-5.1400003,,,1.0,-0.99433101263523,5.531364283028906,0.13826008,0.27651262,0.18059403,0.046278715
48.14,-5.1200004,,,1.0,-0.9928561614896986,5.530961592813436,0.11114747,0.27895796,0.15489495,0.04781556
48.14,-5.1000004,,,1.0,-0.9913812781851185,5.530559328919823,0.084688134,0.28165817,0.12988664,0.0493201
48.14,-5.08,,,1.0,-0.9899063276140564,5.530157481695678,0.058929723,0.28459847,0.105586804,0.050099015
48.14,-5.06,,,1.0,-0.9884313801636554,5.529756070225285,0.033902515,0.28778696,0.08203973,0.051839232
48.14,-5.04,,,1.0,-0.986956400727085,5.529355084846229,0.009653075,0.29120433,0.059253376,0.0541867
48.14,-5.02,,,1.0,-0.985481389361812,5.528954525481804,-0.013818732,0.2948388,0.037264057,0.055636644
48.14,-5.0,,,1.0,-0.98400634612522,5.528554392055379,-0.036477607,0.2987032,0.0160824,0.057439685
48.14,-4.98,,,1.0,-0.9825312710746132,5.528154684490388,-0.058271423,0.30279005,-0.0042738803,0.059915543
48.14,-4.96,,,1.0,-0.981056164267216,5.5277554027103335,-0.07922203,0.30709136,-0.02379726,0.0616014
48.14,-4.94,,,1.0,-0.9795810257601733,5.527356546638791,-0.099295355,0.31158876,-0.04246604,0.06353474
48.14,-4.92,,,1.0,-0.9781058556105467,5.5269581161994,-0.118465886,0.31628883,-0.060278893,0.06659877
48.14,-4.9,,,1.0,-0.9766306538753216,5.526560111315873,-0.13676564,0.3211658,-0.07723803,0.06932485
48.14,-4.88,,,1.0,-0.9751554206114024,5.526162531911991,-0.15413341,0.32624888,-0.09332309,0.071606636
48.14,-4.84,,,1.0,-0.9722048597246974,5.525368649238622,-0.18615022,0.33689117,-0.1229117,0.077962995
48.14,-4.82,,,1.0,-0.9707295322153208,5.5249723458170426,-0.20078623,0.34245116,-0.13640197,0.08113921
48.14,-4.8,,,1.0,-0.9692541734040704,5.524576467570918,-0.21451318,0.3481605,-0.14904028,0.08425462
48.14,-4.78,,,1.0,-0.9677787833474506,5.524181014424375,-0.22733639,0.35400623,-0.16082932,0.08815324
48.14,-4.76,,,1.0,-0.9663033621018896,5.5237859863016086,-0.23926656,0.35997623,-0.17178413,0.09175074
48.14,-4.7400002,,,1.0,-0.9648279097237348,5.523391383126883,-0.25030032,0.36607146,-0.18189718,0.0957917
48.14,-4.7200003,,,1.0,-0.9633524262692558,5.522997204824535,-0.26046032,0.37226754,-0.19120346,0.09997976
48.14,-4.7000003,,,1.0,-0.9618769117946404,5.522603451318963,-0.26974738,0.37856877,-0.19969985,0.10383642
48.14,-4.6800003,,,1.0,-0.9604013663560022,5.522210122534642,-0.27817535,0.38496578,-0.20740807,0.10843933
48.14,-4.6600003,,,1.0,-0.9589257900093716,5.521817218396117,-0.28577384,0.39143085,-0.21434051,0.11263883
48.14,-4.6400003,,,1.0,-0.9574501828107028,5.521424738827993,-0.2925496,0.39797115,-0.22051664,0.11765456
48.14,-4.6200004,,,1.0,-0.9559745448158709,5.521032683754957,-0.29852048,0.40456414,-0.22594976,0.122394085
48.14,-4.6000004,,,1.0,-0.9544988760806724,5.5206410531017545,-0.30369714,0.41121984,-0.23066024,0.12753224
48.14,-4.5800004,,,1.0,-0.953023176660825,5.5202498467932095,-0.30812374,0.41789925,-0.234672,0.13268626
48.14,-4.56,,,1.0,-0.9515474114274248,5.519859055442289,-0.31178573,0.4246294,-0.2379912,0.13806987
48.14,-4.54,,,1.0,-0.950071650804394,5.519468697607906,-0.31473878,0.43137062,-0.24065152,0.14319026
48.14,-4.52,,,1.0,-0.9485958596634,5.519078763893057,-0.31698534,0.4381286,-0.24267069,0.14918816
48.14,-4.5,,,1.0,-0.9471200380598496,5.518689254222835,-0.31855282,0.44489402,-0.2440655,0.15556061
48.14,-4.48,,,1.0,-0.9456441860490704,5.518300168522412,-0.31947678,0.45163512,-0.24486165,0.16032922
48.14,-4.46,,,1.0,-0.9441683036863124,5.517911506717024,-0.31976053,0.45838654,-0.24507463,0.16697073
48.14,-4.44,,,1.0,-0.9426923910267484,5.517523268731982,-0.31944203,0.46510804,-0.24474297,0.17223191
48.14,-4.42,,,1.0,-0.9412164481254722,5.517135454492659,-0.31854764,0.471794,-0.24386711,0.17902291
48.14,-4.4,,,1.0,-0.9397404750375008,5.516748063924505,-0.31709066,0.47845292,-0.24247938,0.18454659
48.14,-4.38,,,1.0,-0.9382644718177748,5.516361096953034,-0.3150999,0.48506796,-0.24060015,0.1918757
48.14,-4.34,,,1.0,-0.9353123752024302,5.515588433502565,-0.3096418,0.4981134,-0.23544423,0.2041899
48.14,-4.32,,,1.0,-0.933836281916305,5.51520273687495,-0.30620763,0.50455284,-0.23221225,0.21007419
48.14,-4.3,,,1.0,-0.932360158717412,5.514817463546784,-0.30234116,0.510915,-0.22857201,0.21756649
48.16,-10.0,,,1.0,-1.3508537676681327,5.644241973164258,0.22983709,0.5582692,0.23235361,0.09329486
48.16,-9.9800005,,,1.0,-1.3493893554423202,5.643733330406214,0.23655327,0.54904836,0.23989655,0.087435484
48.16,-9.96,,,1.0,-1.3479248244232604,5.643225110248233,0.24342027,0.5398977,0.24762525,0.081943035
48.16,-9.94,,,1.0,-1.3464602445206182,5.642717336863181,0.25044233,0.53082514,0.25553927,0.0768075
48.16,-9.92,,,1.0,-1.3449956856532814,5.642210034338773,0.25760788,0.521838,0.26363006,0.072021246
48.16,-9.9,,,1.0,-1.3435310082268386,5.641703154201425,0.26492602,0.51293623,0.27189264,0.067573905
48.16,-9.88,,,1.0,-1.3420663520007805,5.641196744697703,0.27238214,0.50414515,0.28033105,0.06345844
48.16,-9.86,,,1.0,-1.3406015773712012,5.640690757439314,0.27997908,0.4954601,0.28893638,0.05967605
48.16,-9.84,,,1.0,-1.3391368241066468,5.640185240587792,0.28771073,0.48688555,0.2977011,0.056194663
48.16,-9.82,,,1.0,-1.337671952593746,5.639680145840088,0.2955738,0.47843176,0.306627,0.053020954
48.16,-9.78,,,1.0,-1.334742134532823,5.638671318667923,0.3116603,0.46191472,0.324915,0.04752791
48.16,-9.76,,,1.0,-1.333277188148565,5.638167586017208,0.31986886,0.4538679,0.33426774,0.045176983
48.16,-9.74,,,1.0,-1.3318121238250908,5.637664275187943,0.3281851,0.445962,0.34373784,0.043090224
48.16,-9.72,,,1.0,-1.3303470813579397,5.637161434086782,0.3365885,0.43820524,0.35333106,0.041216373
48.16,-9.7,,,1.0,-1.3288819211055265,5.636659014666218,0.3450754,0.43060035,0.36302546,0.039571524
48.16,-9.68,,,1.0,-1.3274167828723298,5.636157064748012,0.35364756,0.4231602,0.37281325,0.038143396
48.16,-9.66,,,1.0,-1.3259515270074218,5.635655536369765,0.3622788,0.41588098,0.38268775,0.036907077
48.16,-9.64,,,1.0,-1.324486293324191,5.635154477268385,0.37097082,0.40876484,0.39263287,0.035850763
48.16,-9.62,,,1.0,-1.3230209421623946,5.634653839566548,0.37970024,0.40181065,0.4026371,0.03498125
48.16,-9.6,,,1.0,-1.3215556133443012,5.634153670916342,0.38847,0.3950318,0.4126907,0.03429854
48.16,-9.58,,,1.0,-1.3200901672003866,5.633653923525486,0.39726275,0.38842303,0.42277753,0.033738017
48.16,-9.56,,,1.0,-1.3186247435617673,5.633154644961278,0.40607208,0.38198876,0.43288758,0.033386707
48.16,-9.54,,,1.0,-1.317159202749668,5.6326557875164465,0.41487992,0.3757258,0.44300783,0.03310001
48.16,-9.52,,,1.0,-1.3156936846040252,5.632157398673539,0.42368123,0.369644,0.45311987,0.03297615
48.16,-9.5,,,1.0,-1.3142280494368432,5.631659430810253,0.43246946,0.3637284,0.46321627,0.03301382
48.16,-9.4800005,,,1.0,-1.312762437096847,5.631161931324424,0.44122848,0.35798872,0.47327957,0.03307545
48.16,-9.46,,,1.0,-1.3112967078868518,5.630664852678685,0.4499436,0.35241443,0.48330626,0.03324175
48.16,-9.440001,,,1.0,-1.3098310016643429,5.630168242186192,0.4586215,0.34702355,0.49327275,0.03354764
48.16,-9.42,,,1.0,-1.308365178722974,5.62967205239448,0.46723148,0.34179658,0.5031704,0.033994198
48.16,-9.4,,,1.0,-1.3068993090313368,5.629176306904203,0.47577477,0.33673155,0.51298916,0.03442979
48.16,-9.38,,,1.0,-1.3054334625668331,5.628681029231333,0.48425087,0.33182895,0.5227104,0.035002947
48.16,-9.36,,,1.0,-1.3039674996094357,5.628186172050697,0.49264944,0.32710022,0.5323372,0.035610437
48.16,-9.34,,,1.0,-1.3025015600384011,5.627691782463899,0.5009547,0.32251906,0.5418412,0.036385655
48.16,-9.28,,,1.0,-1.2981033231943748,5.626211229719966,0.52527934,0.3096813,0.5695809,0.038695216
48.16,-9.24,,,1.0,-1.2951709574345664,5.625226420795909,0.5409619,0.301826,0.58733594,0.04046166
48.16,-9.22,,,1.0,-1.2937047403943331,5.624734693296888,0.5486374,0.29809886,0.59597605,0.041206002
48.16,-9.18,,,1.0,-1.2907720985434985,5.6237525448781405,0.56362796,0.2910121,0.6127428,0.04327607
48.16,-9.14,,,1.0,-1.2878392733955517,5.622772169242853,0.57815266,0.28437555,0.62881124,0.04491353
48.16,-9.08,,,1.0,-1.2834396583593677,5.621304916540409,0.59905756,0.27517086,0.6515556,0.047649264
48.16,-9.04,,,1.0,-1.2805063776322163,5.620328969738987,0.61242175,0.26948076,0.6658061,0.04947388
48.16,-9.02,,,1.0,-1.2790397042621566,5.619841671847143,0.618936,0.2667588,0.67266434,0.050131083
48.16,-9.0,,,1.0,-1.277572915736284,5.619354793206858,0.62534255,0.26410013,0.67933977,0.050908923
48.16,-8.9800005,,,1.0,-1.2761061520107533,5.618868380159952,0.6316485,0.2615031,0.68583924,0.051563382
48.16,-8.96,,,1.0,-1.2746392732760128,5.618382386227881,0.63785124,0.2589687,0.6921707,0.052098513
48.16,-8.940001,,,1.0,-1.273172419496618,5.617896857668218,0.6439499,0.25649905,0.69832855,0.05262935
48.16,-8.92,,,1.0,-1.2717054508542287,5.617411748086895,0.6499577,0.2540816,0.7043197,0.05320227
48.16,-8.9,,,1.0,-1.2702384373696505,5.616927080557588,0.6558762,0.251715,0.7101623,0.05352354
48.16,-8.88,,,1.0,-1.2687714490721442,5.616442878069716,0.66170096,0.24939418,0.7158387,0.05378461
48.16,-8.86,,,1.0,-1.2673043461302362,5.615959094355868,0.66745365,0.2471075,0.72136885,0.05396509
48.16,-8.84,,,1.0,-1.2658372685293622,5.61547577546314,0.6731227,0.24487066,0.7267616,0.05478263
48.16,-8.82,,,1.0,-1.2643700764293315,5.61499287520851,0.6787163,0.24267286,0.73201245,0.05447018
48.16,-8.8,,,1.0,-1.2629029098238824,5.614510439554946,0.68423927,0.24051964,0.7371381,0.05416417
48.16,-8.78,,,1.0,-1.2614356288641349,5.614028422403782,0.68970174,0.23839283,0.7421491,0.05431187
48.16,-8.76,,,1.0,-1.2599683735521,5.613546869633895,0.695102,0.23630941,0.7470351,0.05396819
48.16,-8.74,,,1.0,-1.2585010040302396,5.61306573523094,0.7004522,0.2342537,0.7518314,0.053900838
48.16,-8.72,,,1.0,-1.257033660308812,5.612585064989733,0.7057526,0.23223579,0.7565238,0.05365324
48.16,-8.7,,,1.0,-1.255566202521646,5.6121048129802205,0.71101975,0.23024309,0.76112974,0.052906513
48.16,-8.68,,,1.0,-1.254098770687219,5.611625024913192,0.716245,0.22829348,0.76566046,0.05247307
48.16,-8.66,,,1.0,-1.2526312249307592,5.61114565494285,0.7214364,0.22638673,0.7701254,0.05176592
48.16,-8.64,,,1.0,-1.2511637052789326,5.610666748695991,0.7266064,0.22451025,0.7745359,0.051642537
48.16,-8.62,,,1.0,-1.2496960718483945,5.610188260411043,0.7317708,0.22266519,0.7788981,0.050667882
48.16,-8.6,,,1.0,-1.248228464673974,5.60971023563084,0.7369177,0.22086406,0.7832187,0.05007708
48.16,-8.58,,,1.0,-1.2467607438637809,5.609232628677999,0.7420471,0.21912026,0.7875144,0.049194336
48.16,-8.56,,,1.0,-1.2452930494607788,5.608755485011438,0.7471914,0.2174092,0.79179037,0.04831624
48.16,-8.54,,,1.0,-1.2438252415645634,5.608278759037922,0.75234723,0.21574652,0.79605895,0.047228575
48.16,-8.52,,,1.0,-1.2423574602262044,5.607802496132475,0.7575073,0.21414077,0.80032706,0.046663046
48.16,-8.5,,,1.0,-1.2408895655368075,5.607326650785992,0.7626872,0.21259165,0.8046118,0.045321226
48.16,-8.4800005,,,1.0,-1.2394216975555268,5.606851268289638,0.7678935,0.21110141,0.80891156,0.044097543
48.16,-8.46,,,1.0,-1.2379537163650054,5.606376303218395,0.7731393,0.20966518,0.8132384,0.04309106
48.16,-8.440001,,,1.0,-1.2364857620324488,5.6059018007796055,0.7784113,0.20830357,0.81759524,0.041968584
48.16,-8.42,,,1.0,-1.2350176946320712,5.605427715632308,0.7837131,0.20702004,0.8219988,0.041208267
48.16,-8.4,,,1.0,-1.2335495842347215,5.604954070325888,0.78906417,0.2058078,0.826453,0.040295362
48.16,-8.38,,,1.0,-1.2320815009193542,5.6044808873259075,0.7944577,0.20467591,0.8309602,0.03859973
48.16,-8.36,,,1.0,-1.230613304747585,5.604008121417422,0.7998936,0.20363206,0.83552057,0.038601995
48.16,-8.34,,,1.0,-1.2291451358066343,5.603535817598365,0.80537647,0.20267874,0.8401396,0.037612796
48.16,-8.32,,,1.0,-1.2276768541497578,5.6030639307377665,0.8108983,0.20182234,0.8448278,0.03588164
48.16,-8.3,,,1.0,-1.2262085998721322,5.602592505749856,0.8164776,0.20106018,0.8495803,0.035766363
48.16,-8.28,,,1.0,-1.2247402330186812,5.6021214975876,0.82208747,0.20040762,0.8544019,0.034718275
48.16,-8.26,,,1.0,-1.2232718936925078,5.601650951081554,0.8277475,0.19986206,0.8592928,0.033712387
48.16,-8.24,,,1.0,-1.2218034419302342,5.601180821268596,0.83344626,0.19942993,0.8642537,0.03262782
48.16,-8.2,,,1.0,-1.218866481458747,5.600241901083435,0.84494734,0.19892335,0.87438005,0.030948877
48.16,-8.14,,,1.0,-1.2144607594261934,5.598836823184703,0.8624057,0.19913387,0.89006835,0.029307246
48.16,-8.06,,,1.0,-1.2085858291919709,5.596969511054586,0.8859556,0.2013464,0.91186106,0.027070045
48.16,-8.0,,,1.0,-1.2041791583488606,5.595573617829519,0.9037392,0.20455247,0.9288353,0.025924683
48.16,-7.92,,,1.0,-1.198303063352064,5.593718573171466,0.92763877,0.21097046,0.9523686,0.025424242
48.16,-7.86,,,1.0,-1.193895559142822,5.5923318852826505,0.94584244,0.21738827,0.9708292,0.025401592
48.16,-7.84,,,1.0,-1.1924263089779823,5.591870530880759,0.9520009,0.21982652,0.9771693,0.02558422
48.16,-7.82,,,1.0,-1.1909570178820494,5.591409613782889,0.9582073,0.22241175,0.9836114,0.025100946
48.16,-7.8,,,1.0,-1.1894876859247552,5.590949133903235,0.9644853,0.22513425,0.9901638,0.026013494
48.16,-7.78,,,1.0,-1.1880183131757345,5.590489091156055,0.9708413,0.22799742,0.99683785,0.026682615
48.16,-7.7200003,,,1.0,-1.183609950873245,5.5891115848529065,0.99040675,0.2373898,1.0176305,0.027166963
48.16,-7.64,,,1.0,-1.177731532553925,5.587281013556009,1.0179813,0.2515874,1.0473982,0.02845192
48.16,-7.56,,,1.0,-1.1718525054601396,5.585457436373627,1.0475632,0.26736295,1.0797602,0.030973911
48.16,-7.52,,,1.0,-1.168912751858218,5.584548264773902,1.0631359,0.27571744,1.0969329,0.033146024
48.16,-7.5,,,1.0,-1.1674428152830312,5.584094332924668,1.0711318,0.27997708,1.1057554,0.033919573
48.16,-7.44,,,1.0,-1.163032767279036,5.582735152162293,1.0958157,0.2930534,1.1331573,0.036360502
48.16,-7.42,,,1.0,-1.1615626720783665,5.582282963221105,1.1042604,0.2974912,1.1425784,0.037528276
48.16,-7.32,,,1.0,-1.1542116051314664,5.580028549560104,1.147869,0.31978887,1.191415,0.04412961
48.16,-7.3,,,1.0,-1.152741274026436,5.579578972446586,1.1567922,0.3242271,1.2014526,0.04333043
48.16,-7.28,,,1.0,-1.151270903840109,5.579129830342829,1.1657482,0.32865137,1.2115647,0.046026707
48.16,-7.26,,,1.0,-1.1498004946397,5.578681123164763,1.1747448,0.33303285,1.2217271,0.046856403
48.16,-7.2400002,,,1.0,-1.148330046492327,5.578232850828381,1.1837454,0.33738738,1.2319318,0.04925275
48.16,-7.2200003,,,1.0,-1.1468595594650188,5.577785013249743,1.1927626,0.3416896,1.2421653,0.05108404
48.16,-7.2000003,,,1.0,-1.1453890336247106,5.577337610344974,1.201777,0.34593427,1.2524161,0.051320553
48.16,-7.1800003,,,1.0,-1.1439184690382478,5.5768906420302615,1.2107674,0.3501231,1.2626634,0.052313805
48.16,-7.1600003,,,1.0,-1.142447865772383,5.57644410822186,1.2197216,0.35425675,1.272899,0.05374229
48.16,-7.1400003,,,1.0,-1.1409772238937792,5.575998008836089,1.2286402,0.35830283,1.2831137,0.055737138
48.16,-7.12,,,1.0,-1.1395065084047615,5.575552333169017,1.237499,0.36227953,1.2932898,0.057982802
48.16,-7.08,,,1.0,-1.1365650321807086,5.574662305779112,1.2550046,0.36996937,1.3134707,0.06007099
48.16,-7.06,,,1.0,-1.1350942365150336,5.574217943258703,1.2636282,0.37366068,1.3234488,0.06379795
48.16,-7.04,,,1.0,-1.1336234025685654,5.573774014743495,1.2721552,0.37725157,1.3333306,0.06424141
48.16,-7.02,,,1.0,-1.1321525304074207,5.573330520150197,1.2805539,0.3807429,1.3431098,0.06789613
48.16,-7.0,,,1.0,-1.1306816200976255,5.5728874593955835,1.2888339,0.3841077,1.3527677,0.06996298
48.16,-6.98,,,1.0,-1.1292106717051162,5.5724448323964975,1.2969736,0.38736266,1.362291,0.0716784
48.16,-6.96,,,1.0,-1.1277396852957369,5.572002639069843,1.3049592,0.390494,1.3716645,0.07432759
48.16,-6.94,,,1.0,-1.1262686609352428,5.571560879332592,1.312797,0.3934816,1.3808774,0.07631087
48.16,-6.92,,,1.0,-1.1247975986892988,5.5711195531017825,1.3204614,0.39633983,1.3899033,0.078299284
48.16,-6.9,,,1.0,-1.12332649862348,5.570678660294516,1.327951,0.39904785,1.3987429,0.07902932
48.16,-6.86,,,1.0,-1.120384185294067,5.569798174619349,1.3423238,0.4040497,1.4157876,0.08313966
48.16,-6.84,,,1.0,-1.118912972161173,5.5693585815859805,1.3492033,0.4063146,1.4239566,0.08492255
48.16,-6.82,,,1.0,-1.1174417214698051,5.56891942164522,1.355853,0.40842748,1.431881,0.08768737
48.16,-6.8,,,1.0,-1.115970433285088,5.5684806947144985,1.3622626,0.41038883,1.4395307,0.09073126
48.16,-6.78,,,1.0,-1.1144991076720605,5.5680424007113105,1.3684393,0.4121685,1.4469042,0.09262061
48.16,-6.76,,,1.0,-1.113027744695669,5.567604539553219,1.3743516,0.41379273,1.4539739,0.094516754
48.16,-6.7400002,,,1.0,-1.1115563444207708,5.567167111157852,1.379994,0.4152397,1.4607261,0.096838236
48.16,-6.7200003,,,1.0,-1.110084906912136,5.566730115442903,1.3853582,0.4165156,1.4671409,0.09534764
48.16,-6.7000003,,,1.0,-1.1086134322344463,5.5662935523261305,1.3904258,0.41761684,1.4732165,0.10007608
48.16,-6.6800003,,,1.0,-1.1071419204522894,5.56585742172536,1.3951864,0.41853875,1.4789176,0.102035165
48.16,-6.6600003,,,1.0,-1.1056703716301708,5.56542172355848,1.399623,0.41928852,1.4842427,0.10334289
48.16,-6.6400003,,,1.0,-1.1041987858325026,5.564986457743455,1.4037347,0.4198451,1.4891568,0.102945805
48.16,-6.62,,,1.0,-1.1027271280369175,5.564551613836202,1.4074913,0.42022896,1.4936521,0.10722089
48.16,-6.6,,,1.0,-1.1012554684801603,5.564117212489315,1.4108944,0.4204241,1.4977152,0.10820198
48.16,-6.58,,,1.0,-1.0997837721405657,5.5636832432485415,1.4139048,0.42045057,1.5013151,0.10922861
48.16,-6.56,,,1.0,-1.0983120390821937,5.5632497060321064,1.4165385,0.4202764,1.5044448,0.1120975
48.16,-6.54,,,1.0,-1.0968402693690154,5.562816600758296,1.4187684,0.4199195,1.5070826,0.11104941
48.16,-6.52,,,1.0,-1.095368463064915,5.562383927345465,1.420579,0.4193799,1.5092146,0.1116004
48.16,-6.5,,,1.0,-1.093896620233688,5.561951685712032,1.4219459,0.41866302,1.5108167,0.10977483
48.16,-6.48,,,1.0,-1.0924247409390435,5.561519875776485,1.4228678,0.41776037,1.5118803,0.11227739
48.16,-6.46,,,1.0,-1.0909528252446008,5.561088497457374,1.4233136,0.41668427,1.512374,0.11312604
48.16,-6.44,,,1.0,-1.0894808732138916,5.56065755067332,1.4232906,0.4154153,1.512293,0.11546612
48.16,-6.42,,,1.0,-1.0880088849103615,5.560227035343009,1.4227601,0.4139794,1.5116119,0.11385977
48.16,-6.4,,,1.0,-1.0865368603973693,5.559796951385191,1.4217172,0.41236717,1.5103208,0.11300278
48.16,-6.38,,,1.0,-1.0850647997381833,5.5593672987186835,1.4201399,0.41058654,1.5084049,0.11029148
48.16,-6.36,,,1.0,-1.0835927029959866,5.558938077262375,1.4180119,0.40864617,1.5058441,0.113814116
48.16,-6.34,,,1.0,-1.0821205702338754,5.558509286935211,1.4153389,0.40652227,1.5026126,0.11384797
48.16,-6.32,,,1.0,-1.080648401514858,5.5580809276562135,1.4120766,0.4042505,1.4987124,0.113040924
48.16,-6.3,,,1.0,-1.0791761969018572,5.557652999344466,1.4082198,0.4018172,1.4941214,0.11241579
48.16,-6.28,,,1.0,-1.077703956457707,5.5572255019191195,1.4037702,0.39922655,1.4888247,0.11109972
48.16,-6.26,,,1.0,-1.0762316802451548,5.556798435299392,1.3986799,0.3965007,1.4828111,0.11108661
48.16,-6.2400002,,,1.0,-1.0747593683268637,5.556371799404565,1.392946,0.39364117,1.4760686,0.10710955
48.16,-6.2200003,,,1.0,-1.0732870207654068,5.555945594153995,1.3865727,0.39063454,1.4685766,0.10471034
48.16,-6.2000003,,,1.0,-1.0718146376232744,5.555519819467094,1.3795319,0.3874913,1.4603387,0.10843611
48.16,-6.1800003,,,1.0,-1.0703422189628682,5.55509447526335,1.3718058,0.38423914,1.4513406,0.104337335
48.16,-6.1600003,,,1.0,-1.0688697648465042,5.5546695614623145,1.3633999,0.3808632,1.4415667,0.099967
48.16,-6.1400003,,,1.0,-1.0673972753364116,5.554245077983604,1.3542773,0.37737894,1.4310051,0.098722935
48.16,-6.1200004,,,1.0,-1.065924750494735,5.553821024746906,1.3444464,0.37378967,1.4196625,0.10076928
48.16,-6.1,,,1.0,-1.0644521552745096,5.55339739157713,1.33389,0.37010306,1.4075174,0.09696746
48.16,-6.08,,,1.0,-1.0629795599549132,5.552974198594032,1.3225904,0.36633563,1.3945754,0.0973959
48.16,-6.06,,,1.0,-1.0615069294896513,5.5525514356124015,1.3105514,0.36248612,1.380827,0.09223282
48.16,-6.04,,,1.0,-1.0600342639405231,5.5521291025521915,1.2977488,0.3585657,1.3662673,0.089573145
48.16,-6.02,,,1.0,-1.058561563369245,5.551707199333424,1.2841834,0.35458577,1.3508983,0.09165299
48.16,-6.0,,,1.0,-1.0570888278374462,5.551285725876185,1.2698593,0.35054862,1.3347198,0.088467956
48.16,-5.98,,,1.0,-1.0556160574066706,5.550864682100628,1.2547528,0.34646332,1.3177288,0.084937334
48.16,-5.96,,,1.0,-1.0541432521383785,5.550444067926977,1.2388588,0.3423617,1.2999371,0.081526875
48.16,-5.94,,,1.0,-1.052670412093944,5.550023883275521,1.2221992,0.3382187,1.2813348,0.082074404
48.16,-5.92,,,1.0,-1.051197537334656,5.5496041280666155,1.2047559,0.33405507,1.2619389,0.07772648
48.16,-5.84,,,1.0,-1.0453056923717845,5.547929400065987,1.1271523,0.31748694,1.1765547,0.06940055
48.16,-5.78,,,1.0,-1.0408864471342327,5.5466778593197805,1.0608944,0.30538446,1.1046919,0.06140113
48.16,-5.76,,,1.0,-1.039413296852361,5.546261536792194,1.0373293,0.30146825,1.0793403,0.06195426
48.16,-5.6800003,,,1.0,-1.0335203546583067,5.544600533180404,0.9360322,0.28670484,0.9715807,0.053482533
48.16,-5.6200004,,,1.0,-1.0291002915806289,5.5433592790876975,0.8533097,0.2768675,0.88492435,0.04873538
48.16,-5.56,,,1.0,-1.0246798896599514,5.542121868773573,0.76567733,0.26837313,0.7943289,0.04398012
48.16,-5.54,,,1.0,-1.0232063668502744,5.541710257940755,0.7355658,0.26587772,0.76345,0.04319048
48.16,-5.52,,,1.0,-1.021732810533832,5.54129907497179,0.70503336,0.26358855,0.73230183,0.0423584
48.16,-5.5,,,1.0,-1.020259220770154,5.540888319788456,0.6741624,0.2614857,0.7009323,0.0413754
48.16,-5.48,,,1.0,-1.0187855976186828,5.540477992312596,0.6429938,0.25958705,0.66940516,0.04177618
48.16,-5.4,,,1.0,-1.0128907723208742,5.538840957923182,0.5163459,0.25419104,0.5425995,0.03828478
48.16,-5.32,,,1.0,-1.006995417552495,5.537210760618639,0.3891667,0.25256383,0.41728163,0.03783548
48.16,-5.26,,,1.0,-1.0025735562767777,5.5359925964872145,0.2956504,0.25397754,0.32628676,0.038429737
48.16,-5.2200003,,,1.0,-0.9996254852576704,5.535182621069906,0.23502433,0.2562151,0.267772,0.03960848
48.16,-5.2000003,,,1.0,-0.9981514008726604,5.534778273330537,0.20539364,0.2577151,0.23929922,0.040157557
48.16,-5.1800003,,,1.0,-0.99667728398166,5.534374352134495,0.17627396,0.25947785,0.21141273,0.04090464
48.16,-5.1600003,,,1.0,-0.9952031346428024,5.533970857404716,0.14772338,0.26148844,0.18414703,0.043208957
48.16,-5.1400003,,,1.0,-0.99372895291414,5.533567789064205,0.119803794,0.26375997,0.15753137,0.043072224
48.16,-5.1200004,,,1.0,-0.992254738853644,5.533165147036037,0.09251836,0.2662884,0.13161045,0.043943882
48.16,-5.1000004,,,1.0,-0.9907804925192054,5.532762931243354,0.065954894,0.2690574,0.106407754,0.04551184
48.16,-5.08,,,1.0,-0.9893061788186764,5.532361132035028,0.040105928,0.27206624,0.08196711,0.04684174
48.16,-5.06,,,1.0,-0.987831868108934,5.531959768493175,0.015026996,0.27532256,0.05830756,0.04764819
48.16,-5.04,,,1.0,-0.986357525298437,5.531558830956646,-0.009240907,0.27880633,0.03544106,0.049818277
48.16,-5.02,,,1.0,-0.9848831504447546,5.531158319348858,-0.032693163,0.28252482,0.01340082,0.052698135
48.16,-5.0,,,1.0,-0.9834087436053728,5.530758233593296,-0.05529638,0.2864642,-0.007788806,0.05372417
48.16,-4.98,,,1.0,-0.9819343048376996,5.530358573613516,-0.07700846,0.29062825,-0.028122948,0.055793047
48.16,-4.96,,,1.0,-0.9804598341990612,5.529959339333142,-0.09782807,0.2950039,-0.047584336,0.05751562
48.16,-4.94,,,1.0,-0.9789853317467064,5.529560530675866,-0.11774676,0.29958004,-0.0661681,0.06097305
48.16,-4.92,,,1.0,-0.9775107975378,5.529162147565449,-0.13675289,0.30434382,-0.08386848,0.06337905
48.16,-4.9,,,1.0,-0.9760362316294304,5.528764189925721,-0.15481466,0.3093133,-0.100665554,0.065078616
48.16,-4.88,,,1.0,-0.9745616340786044,5.528366657680585,-0.17195082,0.31444943,-0.116574384,0.06771517
48.16,-4.86,,,1.0,-0.973087004942249,5.527969550754004,-0.18814427,0.3197593,-0.13157636,0.07000804
48.16,-4.84,,,1.0,-0.9716123442772135,5.52757286907002,-0.20340177,0.32523745,-0.14570071,0.07417762
48.16,-4.82,,,1.0,-0.9701376521402644,5.527176612552735,-0.21770898,0.3308763,-0.15893061,0.07649958
48.16,-4.8,,,1.0,-0.968662928588092,5.526780781126328,-0.23109354,0.33665085,-0.17127846,0.07928252
48.16,-4.78,,,1.0,-0.9671881736773064,5.52638537471504,-0.24355495,0.34256488,-0.18275312,0.083090425
48.16,-4.76,,,1.0,-0.9657133874644368,5.525990393243187,-0.25509155,0.34860063,-0.19337848,0.08643055
48.16,-4.7400002,,,1.0,-0.9642385700059348,5.525595836635152,-0.26571858,0.3547523,-0.2031395,0.09156299
48.16,-4.7200003,,,1.0,-0.9627637213581736,5.5252017048153865,-0.2754618,0.36100167,-0.21206275,0.09394634
48.16,-4.7000003,,,1.0,-0.9612888415774458,5.52480799770841,-0.2842976,0.3673694,-0.22015886,0.09871268
48.16,-4.6800003,,,1.0,-0.9598139307199662,5.524414715238816,-0.29227185,0.37381893,-0.22745705,0.10357368
48.16,-4.6600003,,,1.0,-0.9583389888418709,5.5240218573312605,-0.299393,0.38034302,-0.23396882,0.10735619
48.16,-4.6400003,,,1.0,-0.9568640159992166,5.523629423910474,-0.30568644,0.38693482,-0.23969774,0.11193895
48.16,-4.6200004,,,1.0,-0.9553890122479828,5.523237414901256,-0.31115904,0.39358687,-0.24467921,0.116548896
48.16,-4.6000004,,,1.0,-0.9539139776440688,5.522845830228473,-0.31584087,0.4002807,-0.24892032,0.121121526
48.16,-4.5800004,,,1.0,-0.9524389122432972,5.522454669817062,-0.3197456,0.4070164,-0.25246182,0.12628126
48.16,-4.56,,,1.0,-0.95096378093198,5.522063924281199,-0.3229039,0.41377681,-0.25530812,0.13136005
48.16,-4.54,,,1.0,-0.9494886541039154,5.5216736121777314,-0.32533726,0.42055714,-0.25748312,0.13659453
48.16,-4.52,,,1.0,-0.948013496645991,5.521283724110861,-0.32705164,0.42736167,-0.2589993,0.14188242
48.16,-4.5,,,1.0,-0.9465383086137164,5.520894260005805,-0.3281008,0.434152,-0.2599061,0.14702368
48.16,-4.48,,,1.0,-0.9450630900625244,5.520505219787845,-0.32849166,0.4409424,-0.260209,0.15371501
48.16,-4.46,,,1.0,-0.943587841047768,5.520116603382337,-0.32825556,0.44771445,-0.2599309,0.15869904
48.16,-4.44,,,1.0,-0.9421125616247245,5.519728410714701,-0.32741928,0.45445573,-0.25909093,0.1645801
48.16,-4.42,,,1.0,-0.9406372518485911,5.519340641710436,-0.32599598,0.46118343,-0.25772047,0.17031634
48.16,-4.4,,,1.0,-0.9391619117744904,5.5189532962951,-0.32402557,0.46785933,-0.25583947,0.17644298
48.16,-4.38,,,1.0,-0.937686541457467,5.518566374394328,-0.32153547,0.47448337,-0.25347492,0.1828556
48.16,-4.36,,,1.0,-0.9362111409524864,5.51817987593382,-0.31854194,0.4810593,-0.25064015,0.18892348
48.16,-4.34,,,1.0,-0.9347357103144384,5.517793800839349,-0.3150771,0.48757035,-0.2473608,0.19606853
48.16,-4.32,,,1.0,-0.933260249598136,5.517408149036758,-0.31116298,0.4940107,-0.24365811,0.2013303
48.18,-10.0,,,1.0,-1.35009306035348,5.646430754128487,0.23009245,0.551644,0.22912242,0.09040415
48.18,-9.96,,,1.0,-1.3471654529728734,5.645414037812333,0.24360213,0.53312683,0.24415128,0.07930362
48.18,-9.94,,,1.0,-1.3457015408113688,5.64490633754842,0.250593,0.5239791,0.25193933,0.07429373
48.18,-9.84,,,1.0,-1.3383814569419432,5.642374605069239,0.2877182,0.47971547,0.29356936,0.05426216
48.18,-9.76,,,1.0,-1.3325244877587483,5.640357239387668,0.31980234,0.44647783,0.32980967,0.043646216
48.18,-9.74,,,1.0,-1.3310600898020764,5.639854000485163,0.32810828,0.43851763,0.33922243,0.041630864
48.18,-9.7,,,1.0,-1.3281312193735897,5.638848883457977,0.34499204,0.4230709,0.35840553,0.038284898
48.18,-9.66,,,1.0,-1.3252021570194892,5.637845548183045,0.36219954,0.40825403,0.37800163,0.03577423
48.18,-9.64,,,1.0,-1.32373758898746,5.637344560413736,0.37089586,0.40109968,0.38793036,0.034801483
48.18,-9.6,,,1.0,-1.3208082399323002,5.63634389637604,0.38842803,0.3872956,0.40798974,0.033344984
48.18,-9.56,,,1.0,-1.3178787005291974,5.635345012265432,0.40608212,0.37418288,0.42822936,0.032475352
48.18,-9.54,,,1.0,-1.316413824718402,5.634846225568693,0.41492715,0.36788845,0.4383879,0.032248974
48.18,-9.5,,,1.0,-1.313484000968389,5.633850010004448,0.43261233,0.3558333,0.45872748,0.032171607
48.18,-9.46,,,1.0,-1.3105539884376938,5.632855572548045,0.45021394,0.34447527,0.47899044,0.032503247
48.18,-9.440001,,,1.0,-1.3090889465054016,5.632359032216806,0.45895737,0.33905536,0.4890706,0.032880187
48.18,-9.4,,,1.0,-1.306158582109426,5.631367236915468,0.4762968,0.32872427,0.50904685,0.033688664
48.18,-9.34,,,1.0,-1.3017628243931954,5.629882921570438,0.50179803,0.3144626,0.53840977,0.03556049
48.18,-9.26,,,1.0,-1.2959011158559584,5.627910031506339,0.5346027,0.29757434,0.57597923,0.03872347
48.18,-9.2,,,1.0,-1.2915043134527795,5.626435008703518,0.5581634,0.28635508,0.60269415,0.041188955
48.18,-9.16,,,1.0,-1.2885729048406365,5.625453884001245,0.5733225,0.2794838,0.6197107,0.043025136
48.18,-9.14,,,1.0,-1.2871071666202722,5.6249639978575106,0.5807441,0.2762159,0.6279682,0.043926477
48.18,-9.06,,,1.0,-1.2812436166555718,5.623008834664728,0.60932344,0.26411438,0.65927255,0.04737091
48.18,-9.04,,,1.0,-1.2797775802673124,5.622521138827358,0.6162013,0.2613089,0.66666514,0.04823208
48.18,-9.0,,,1.0,-1.2768454411919454,5.621547097690792,0.6296356,0.25592017,0.68091923,0.04964006
48.18,-8.96,,,1.0,-1.2739131210177497,5.620574825655896,0.6426723,0.2508011,0.6944945,0.050694704
48.18,-8.940001,,,1.0,-1.2724469281654314,5.620089364397741,0.6490469,0.24832928,0.7010314,0.051265597
48.18,-8.9,,,1.0,-1.2695142675556783,5.619119721559432,0.6615177,0.24355388,0.71361274,0.052324295
48.18,-8.86,,,1.0,-1.2665814972693057,5.618151869178355,0.67365074,0.23896295,0.72558385,0.052878737
48.18,-8.84,,,1.0,-1.2651150799296902,5.617668617026558,0.67959845,0.23673266,0.73135513,0.052865863
48.18,-8.8,,,1.0,-1.2621820413796372,5.616703414268556,0.69127035,0.23239565,0.74248654,0.05316806
48.18,-8.76,,,1.0,-1.2592488247324518,5.615739977052219,0.7026793,0.22820747,0.7531244,0.05268383
48.18,-8.74,,,1.0,-1.257782114839784,5.615258908836516,0.7083033,0.22616446,0.75828224,0.05226624
48.18,-8.7,,,1.0,-1.2548486321609171,5.614298118624528,0.7193987,0.22218806,0.7683035,0.051519513
48.18,-8.66,,,1.0,-1.2519149728707697,5.613339092183391,0.7303357,0.2183584,0.7779937,0.050974846
48.18,-8.64,,,1.0,-1.2504481121554638,5.61286025156752,0.7357686,0.21649188,0.78274447,0.05004537
48.18,-8.6,,,1.0,-1.2475141890591546,5.611903869437085,0.74656045,0.21289569,0.7920807,0.04837644
48.18,-8.56,,,1.0,-1.244580090827469,5.610949249312864,0.75731015,0.2094773,0.80128175,0.0474658
48.18,-8.54,,,1.0,-1.2431129412402542,5.610472588424033,0.7626906,0.20783883,0.8058568,0.04678631
48.18,-8.5,,,1.0,-1.240178581404682,5.609520610010188,0.77347106,0.20472741,0.8149872,0.044305205
48.18,-8.46,,,1.0,-1.2372440478997768,5.608570391844086,0.78432214,0.20185715,0.82416904,0.041582108
48.18,-8.440001,,,1.0,-1.2357767511882425,5.608095953941153,0.78979063,0.2005189,0.82879406,0.04134953
48.18,-8.4,,,1.0,-1.2328418883022303,5.607148352239318,0.80080307,0.19808048,0.83815455,0.03924966
48.18,-8.36,,,1.0,-1.2299069231720294,5.606202531645998,0.8119628,0.19596273,0.84768957,0.037849188
48.18,-8.34,,,1.0,-1.2284394111978334,5.605730291820732,0.8175899,0.19504416,0.85253286,0.036447883
48.18,-8.3,,,1.0,-1.2255041888365397,5.604787107639075,0.82897675,0.19348073,0.8623909,0.034736156
48.18,-8.26,,,1.0,-1.2225687957085678,5.603845680206881,0.8404832,0.19234985,0.87248665,0.03260207
48.18,-8.24,,,1.0,-1.2211010002924176,5.603375613852319,0.84628993,0.19194955,0.8776262,0.03322625
48.18,-8.2,,,1.0,-1.2181653520916502,5.602436820259317,0.85797036,0.19151509,0.8880804,0.030851603
48.18,-8.14,,,1.0,-1.213761597475379,5.601031931445471,0.8756391,0.19182861,0.90420246,0.028346777
48.18,-8.06,,,1.0,-1.2078892886692287,5.599164869939804,0.8993486,0.19418752,0.9264665,0.026782036
48.18,-7.86,,,1.0,-1.1932055631708252,5.594527863333662,0.9592577,0.21058893,0.98613715,0.025074005
48.18,-7.84,,,1.0,-1.1917369667522055,5.594066570270947,0.965392,0.21305823,0.99250954,0.024542809
48.18,-7.8,,,1.0,-1.188799650806858,5.593145295658759,0.9778375,0.21842468,1.0055623,0.025148392
48.18,-7.76,,,1.0,-1.1858621711823931,5.592225769160117,0.99056345,0.22434682,1.0190645,0.026115417
48.18,-7.7000003,,,1.0,-1.181455646064746,5.590849755628998,1.0103238,0.23418146,1.0402792,0.027095199
48.18,-7.5,,,1.0,-1.1667645672188336,5.586291399226115,1.0839185,0.27345455,1.1209261,0.0328815
48.18,-7.46,,,1.0,-1.1638258776404142,5.585384961866608,1.1001716,0.2821157,1.138949,0.033435583
48.18,-7.44,,,1.0,-1.1623564731940783,5.584932396603505,1.1084689,0.28649926,1.1481739,0.03524089
48.18,-7.36,,,1.0,-1.1564784592812165,5.583126489692365,1.1426721,0.30420983,1.1863315,0.039166927
48.18,-7.34,,,1.0,-1.1550088571101955,5.582676101078459,1.1514281,0.30863965,1.1961337,0.04007244
48.18,-7.26,,,1.0,-1.1491300556824116,5.580878896554535,1.1869625,0.32618082,1.2360995,0.044775248
48.18,-7.2000003,,,1.0,-1.1447205441153216,5.579535558239753,1.2138288,0.33893383,1.2665081,0.04910946
48.18,-7.1600003,,,1.0,-1.1417806752690411,5.578642171953405,1.2316513,0.34713298,1.2867949,0.053557158
48.18,-7.1400003,,,1.0,-1.1403106827059866,5.578196130336453,1.2405044,0.35112405,1.2969015,0.054240942
48.18,-7.06,,,1.0,-1.1344302913573414,5.576416294841807,1.275202,0.36621618,1.3367752,0.05772829
48.18,-7.04,,,1.0,-1.1329601061031245,5.575972423599141,1.2836484,0.36973876,1.3465371,0.062239766
48.18,-7.0,,,1.0,-1.1300196206436843,5.575085982499908,1.3001593,0.37644124,1.3657098,0.067370415
48.18,-6.96,,,1.0,-1.1270789823566083,5.574201276028534,1.3161186,0.3826604,1.3843246,0.069624424
48.18,-6.94,,,1.0,-1.1256086060675077,5.573759573070937,1.3238671,0.3855692,1.3933935,0.07080281
48.18,-6.9,,,1.0,-1.1226677395269942,5.572877467297783,1.3388227,0.39096975,1.4109654,0.07389593
48.18,-6.84,,,1.0,-1.1182561557941832,5.571557557752683,1.3597792,0.39796686,1.4357245,0.08140969
48.18,-6.8,,,1.0,-1.1153149114539884,5.570679783169088,1.3726422,0.40184492,1.4509704,0.08573747
48.18,-6.76,,,1.0,-1.1123735169076878,5.5698037399067575,1.384519,0.40505767,1.4650767,0.08894873
48.18,-6.7400002,,,1.0,-1.1109027634698063,5.569366367315345,1.3900397,0.40641975,1.4716562,0.090613365
48.18,-6.7000003,,,1.0,-1.1079611445889184,5.568492919801159,1.4002475,0.40859205,1.4837936,0.09470761
48.18,-6.6600003,,,1.0,-1.1050193767992766,5.567621201964766,1.4092137,0.41005474,1.494447,0.096889734
48.18,-6.6400003,,,1.0,-1.10354843722512,5.5671859914708435,1.413187,0.41052192,1.4991729,0.099194765
48.18,-6.6,,,1.0,-1.1006064119680825,5.566316856571842,1.4200902,0.4108926,1.5073377,0.102133036
48.18,-6.56,,,1.0,-1.0976642741611826,5.565449460084824,1.4254717,0.410528,1.5136569,0.10088742
48.18,-6.54,,,1.0,-1.096193150060473,5.565016409652574,1.4275616,0.4100638,1.5160851,0.106693506
48.18,-6.5,,,1.0,-1.093250791784447,5.564151604003025,1.4304405,0.40859205,1.5193715,0.103583574
48.18,-6.46,,,1.0,-1.0903082871678056,5.563288524764081,1.4314919,0.4063915,1.5204635,0.10670328
48.18,-6.44,,,1.0,-1.088836980140997,5.562857632345337,1.4312795,0.40503657,1.5201359,0.1064204
48.18,-6.4,,,1.0,-1.0858942569681258,5.561997141503382,1.4293586,0.40175796,1.5176473,0.10668802
48.18,-6.36,,,1.0,-1.0829513887255229,5.561138375448355,1.425268,0.39782405,1.5126295,0.107059
48.18,-6.34,,,1.0,-1.0814799003612228,5.560709639013518,1.4223802,0.3956017,1.5091155,0.105826974
48.18,-6.3,,,1.0,-1.078536815462167,5.5598534589249375,1.4148293,0.39067996,1.5000337,0.10452378
48.18,-6.26,,,1.0,-1.0755935867555442,5.5589990020062405,1.404806,0.38516682,1.4880946,0.10324609
48.18,-6.2400002,,,1.0,-1.0741219186314603,5.558572419534007,1.3988264,0.3821975,1.4810253,0.103983164
48.18,-6.2000003,,,1.0,-1.0711784751551203,5.5577205461611765,1.3848709,0.37586123,1.4646108,0.09628618
48.18,-6.1600003,,,1.0,-1.068234889124709,5.556870394347837,1.3681614,0.36903584,1.4451056,0.09582114
48.18,-6.1400003,,,1.0,-1.0667630428077128,5.556445963825219,1.3587357,0.36546057,1.4341601,0.092648506
48.18,-6.1,,,1.0,-1.063819208787662,5.555598383053571,1.3376926,0.35801494,1.4098784,0.09016454
48.18,-6.06,,,1.0,-1.0608752685504317,5.554752532351775,1.3136638,0.35021967,1.3823497,0.086663246
48.18,-6.04,,,1.0,-1.0594032455957831,5.554330251784366,1.3004943,0.34622365,1.367353,0.08459997
48.18,-6.0,,,1.0,-1.0564590943235002,5.553486979817263,1.2718416,0.33805418,1.3348955,0.07901204
48.18,-5.96,,,1.0,-1.053514802978341,5.552645426208888,1.24004,0.32972205,1.2991515,0.07475901
48.18,-5.94,,,1.0,-1.0520426049322789,5.552225293590136,1.222939,0.3255242,1.2800537,0.07551181
48.18,-5.9,,,1.0,-1.0490981044001386,5.5513863163259245,1.1863756,0.31708324,1.2394421,0.06894493
48.18,-5.8,,,1.0,-1.041736246691321,5.549296382639977,1.0811473,0.29630363,1.1242679,0.05953622
48.18,-5.76,,,1.0,-1.0387912623367046,5.5484634112926425,1.0336936,0.2883432,1.0730681,0.057709575
48.18,-5.54,,,1.0,-1.0225913748320257,5.543912689834512,0.7256246,0.25265038,0.75017226,0.039006233
48.18,-5.46,,,1.0,-1.0166995065090183,5.542270724365308,0.5993497,0.24474901,0.6219284,0.034921885
48.18,-5.26,,,1.0,-1.0019675069779024,5.538195722212674,0.27872697,0.24123758,0.30513832,0.035112858
48.18,-5.2400002,,,1.0,-1.000494125675893,5.537790570055044,0.24787754,0.24228781,0.27523932,0.035661817
48.18,-5.2000003,,,1.0,-0.9975472649166508,5.536981545493818,0.18758154,0.24515724,0.21706991,0.036817312
48.18,-5.1600003,,,1.0,-0.9946002736726918,5.5361742267577805,0.12949543,0.24905777,0.16134828,0.03815067
48.18,-5.1400003,,,1.0,-0.9931267292644824,5.535771206881896,0.101394475,0.2513939,0.13450679,0.038721323
48.18,-5.1000004,,,1.0,-0.9901795431659736,5.534966445730374,0.047335688,0.25682652,0.083031595,0.041666508
48.18,-5.06,,,1.0,-0.9872321926086878,5.534163379304907,-0.0036630745,0.26322877,0.03471443,0.044237137
48.18,-5.04,,,1.0,-0.9857584865453618,5.5337624898007975,-0.027911156,0.26679194,0.011797894,0.047804594
48.18,-5.0,,,1.0,-0.9828109780036974,5.532961988244172,-0.07382259,0.27457952,-0.031427987,0.049421906
48.18,-4.96,,,1.0,-0.979863341292215,5.532163189447384,-0.1160894,0.28325891,-0.07109201,0.055371404
48.18,-4.94,,,1.0,-0.9783894750163176,5.531764428393331,-0.13582945,0.28789997,-0.08955356,0.05674708
48.18,-4.9,,,1.0,-0.9754416469105568,5.530968182593311,-0.17243901,0.2977661,-0.12371759,0.061113715
48.18,-4.86,,,1.0,-0.9724936917803778,5.530173638030749,-0.20519027,0.3083611,-0.15418914,0.06596923
48.18,-4.84,,,1.0,-0.971019666723658,5.529777003523775,-0.22012496,0.3139,-0.16804692,0.069524646
48.18,-4.8,,,1.0,-0.9680715219113152,5.528985009679571,-0.24710372,0.3254311,-0.1930207,0.076770544
48.18,-4.76,,,1.0,-0.9651232512119876,5.5281947155573254,-0.27028933,0.33749527,-0.21440957,0.08287525
48.18,-4.7400002,,,1.0,-0.9636490687962388,5.527800205703062,-0.28047785,0.34371388,-0.22379024,0.08599472
48.18,-4.7000003,,,1.0,-0.9607006101149496,5.527012460031098,-0.2981364,0.35644037,-0.24000505,0.09400022
48.18,-4.6600003,,,1.0,-0.9577520266761912,5.526226412572494,-0.31227446,0.36949772,-0.25292143,0.10322714
48.18,-4.6400003,,,1.0,-0.95627768831331,5.525834025485187,-0.31806162,0.37613404,-0.25819692,0.10596478
48.18,-4.6000004,,,1.0,-0.9533289185809546,5.525050524219144,-0.32718143,0.38955998,-0.26646927,0.11559713
48.18,-4.5,,,1.0,-0.945956419163136,5.52309918357875,-0.33677533,0.42358983,-0.27495062,0.14069223
48.18,-4.46,,,1.0,-0.9430072186545104,5.522321618206715,-0.3358652,0.43718612,-0.27395254,0.15280426
48.18,-4.44,,,1.0,-0.941532572593048,5.521933471040755,-0.33448857,0.4439603,-0.27261087,0.15718901
48.18,-4.4,,,1.0,-0.9385831891323402,5.521158447376991,-0.3300601,0.45738256,-0.26835293,0.16880953
48.18,-4.36,,,1.0,-0.935633684255704,5.520385117442312,-0.32355827,0.47059757,-0.26216084,0.18060112
48.18,-4.34,,,1.0,-0.9341588864240415,5.519999087437966,-0.31959423,0.47712147,-0.2584015,0.1865499
48.2,-10.0,,,1.0,-1.3493321644027498,5.648619395099001,0.2306746,0.5453598,0.22649617,0.08793521
48.2,-9.9800005,,,1.0,-1.3478690882291635,5.648110899292907,0.23732309,0.535992,0.23378484,0.08232069
48.2,-9.96,,,1.0,-1.346405893050214,5.647602825852769,0.24412107,0.526704,0.24126524,0.077064395
48.2,-9.94,,,1.0,-1.3449426487120266,5.64709519894476,0.25107422,0.51749396,0.24893327,0.07217038
48.2,-9.92,,,1.0,-1.3434794250699982,5.6465880426499435,0.2581782,0.50837207,0.25678572,0.06760883
48.2,-9.9,,,1.0,-1.3420160826572352,5.646081308508999,0.26543197,0.4993515,0.26482427,0.06340933
48.2,-9.88,,,1.0,-1.3405527611060883,5.6455750447548905,0.27282995,0.49043465,0.27303773,0.059521675
48.2,-9.86,,,1.0,-1.339089320940115,5.645069203013534,0.28037283,0.48162842,0.28144002,0.055958986
48.2,-9.84,,,1.0,-1.337625901800776,5.644563831432906,0.28805107,0.47294158,0.29000485,0.05269265
48.2,-9.82,,,1.0,-1.33616236420211,5.644058881724131,0.29586923,0.46437716,0.2987418,0.049725056
48.2,-9.8,,,1.0,-1.33469884779466,5.64355440195023,0.30381036,0.45594823,0.30763614,0.04703629
48.2,-9.78,,,1.0,-1.3332352130829768,5.643050343907495,0.3118752,0.4476558,0.3166867,0.044610023
48.2,-9.76,,,1.0,-1.3317715997266522,5.642546755574034,0.320047,0.43950677,0.32588205,0.042444468
48.2,-9.74,,,1.0,-1.3303078682207832,5.64204358883127,0.32833824,0.43150556,0.33522332,0.04051733
48.2,-9.72,,,1.0,-1.3288441582339816,5.64154089157243,0.336727,0.4236536,0.34468943,0.038841844
48.2,-9.7,,,1.0,-1.3273803302519176,5.64103861576404,0.34520575,0.41596484,0.35428485,0.037322044
48.2,-9.68,,,1.0,-1.3259165239521942,5.640536809214476,0.35376078,0.40844303,0.36398652,0.036058307
48.2,-9.66,,,1.0,-1.3244525998110872,5.64003542397533,0.36239934,0.4010775,0.37379593,0.034957647
48.2,-9.64,,,1.0,-1.3229886975151606,5.6395345077701675,0.3710968,0.3938834,0.383691,0.03406167
48.2,-9.62,,,1.0,-1.321524677531325,5.63903401273561,0.37985146,0.3868608,0.39367467,0.03328693
48.2,-9.6,,,1.0,-1.3200606795550764,5.63853398651045,0.38865027,0.38001633,0.4037214,0.032642722
48.2,-9.58,,,1.0,-1.3185965640439918,5.638034381316299,0.39749035,0.37334377,0.41382936,0.03219974
48.2,-9.56,,,1.0,-1.317132470702468,5.637535244707209,0.40634578,0.36684364,0.42398557,0.03188944
48.2,-9.54,,,1.0,-1.3156682599787806,5.637036528989754,0.41522557,0.3605231,0.4341729,0.031694055
48.2,-9.52,,,1.0,-1.3142040715861962,5.636538281633282,0.42410943,0.35438174,0.4443826,0.031647563
48.2,-9.5,,,1.0,-1.312739765963718,5.636040455029293,0.43298906,0.3484187,0.4545995,0.031674266
48.2,-9.4800005,,,1.0,-1.3112754828334563,5.6355430965624596,0.44185784,0.34262604,0.46482036,0.031783342
48.2,-9.46,,,1.0,-1.309811082625171,5.635046158709175,0.45070288,0.33701915,0.47501996,0.032018304
48.2,-9.440001,,,1.0,-1.3083467050697872,5.634549688769477,0.45951885,0.3315755,0.48519346,0.032353997
48.2,-9.42,,,1.0,-1.30688221058785,5.634053639304617,0.46828917,0.32630968,0.49533236,0.032770038
48.2,-9.4,,,1.0,-1.3054176690847663,5.633558033908845,0.47702184,0.32120943,0.50541246,0.03330481
48.2,-9.38,,,1.0,-1.3039531504748083,5.633062896091783,0.48569238,0.31627965,0.51543444,0.033750772
48.2,-9.36,,,1.0,-1.3024885151647598,5.632568178541904,0.49429974,0.31150866,0.52538264,0.03436947
48.2,-9.32,,,1.0,-1.2995591741005277,5.631580098282724,0.5113137,0.30244792,0.5450041,0.035693407
48.2,-9.26,,,1.0,-1.295164847887169,5.630101316379667,0.5362192,0.28997135,0.57364845,0.03796482
48.2,-9.22,,,1.0,-1.2922350416688315,5.629117670714552,0.55237335,0.2823481,0.5921106,0.03958583
48.2,-9.2,,,1.0,-1.2907700342236237,5.628626500942147,0.56030923,0.27872944,0.60112935,0.040498495
48.2,-9.18,,,1.0,-1.289305050465359,5.628135797636368,0.5681428,0.27522814,0.6100017,0.041543126
48.2,-9.16,,,1.0,-1.2878399507554374,5.627645513909211,0.57587814,0.27184296,0.61872435,0.042206407
48.2,-9.14,,,1.0,-1.2863748748899533,5.627155696427038,0.58350676,0.26856697,0.62728757,0.04304707
48.2,-9.12,,,1.0,-1.2849096832213172,5.626666298386444,0.5910407,0.26540065,0.63569146,0.04395318
48.2,-9.1,,,1.0,-1.2834445155541885,5.6261773663694505,0.5984687,0.2623279,0.64393413,0.044778824
48.2,-9.06,,,1.0,-1.2805139730680135,5.625200806747461,0.61301965,0.2564602,0.6599191,0.046303988
48.2,-9.04,,,1.0,-1.279048598396687,5.624713179005873,0.6201472,0.253653,0.66765785,0.047228694
48.2,-9.02,,,1.0,-1.277583248039751,5.624226016845893,0.6271731,0.25092387,0.67523146,0.04777336
48.2,-9.0,,,1.0,-1.2761177823228291,5.623739273717716,0.6341011,0.24826872,0.68263495,0.048449993
48.2,-8.9800005,,,1.0,-1.2746523410761088,5.62325299595054,0.6409316,0.24567997,0.68986815,0.049041152
48.2,-8.96,,,1.0,-1.273186784616346,5.622767137079025,0.6476678,0.24315071,0.6969398,0.049502015
48.2,-8.940001,,,1.0,-1.2717212527821782,5.622281743348165,0.6543127,0.2406863,0.7038459,0.050159335
48.2,-8.92,,,1.0,-1.2702556058815202,5.621796768377052,0.660868,0.23827147,0.71059585,0.050542593
48.2,-8.9,,,1.0,-1.268789913872319,5.621312235233225,0.6673372,0.23591006,0.717187,0.050965548
48.2,-8.88,,,1.0,-1.2673242467210266,5.6208281669000195,0.673714,0.23360598,0.7236197,0.051241636
48.2,-8.86,,,1.0,-1.265858464722348,5.620344517123109,0.6800191,0.23133862,0.72991073,0.051554084
48.2,-8.84,,,1.0,-1.26439270773593,5.619861331937125,0.68624043,0.22911698,0.7360571,0.05178988
48.2,-8.82,,,1.0,-1.262926836047713,5.61937856517209,0.6923838,0.2269414,0.74205977,0.05145538
48.2,-8.8,,,1.0,-1.2614609895256952,5.618896262778543,0.698462,0.22480369,0.74793154,0.051686645
48.2,-8.78,,,1.0,-1.2599950284470776,5.6184143786708285,0.70447433,0.22269821,0.7536801,0.05130124
48.2,-8.76,,,1.0,-1.258529092688184,5.6179329587154285,0.7104207,0.22063434,0.75930864,0.051334858
48.2,-8.74,,,1.0,-1.2570630425175062,5.617451956910968,0.7163142,0.21860361,0.76482624,0.050777674
48.2,-8.72,,,1.0,-1.255597017819664,5.616971419039913,0.72214985,0.21661317,0.7702372,0.051341176
48.2,-8.7,,,1.0,-1.2541308788544678,5.616491299185133,0.7279393,0.21465504,0.7755508,0.050507188
48.2,-8.68,,,1.0,-1.2526647655148082,5.616011643045108,0.7336809,0.2127403,0.780779,0.049870968
48.2,-8.66,,,1.0,-1.2511985380518422,5.615532404786925,0.7393923,0.21085882,0.7859304,0.049264908
48.2,-8.64,,,1.0,-1.2497323363667008,5.615053630025113,0.74506706,0.20901793,0.7910158,0.04870677
48.2,-8.62,,,1.0,-1.2482660207019187,5.614575273010932,0.7507204,0.20721364,0.7960288,0.04813409
48.2,-8.6,,,1.0,-1.24679973096684,5.6140973792750035,0.7563444,0.2054568,0.800999,0.04746282
48.2,-8.58,,,1.0,-1.2453333273954037,5.613619903152729,0.76194936,0.20375133,0.8059205,0.04608798
48.2,-8.56,,,1.0,-1.24386694990514,5.613142890090845,0.76755625,0.20208287,0.81081414,0.04587388
48.2,-8.54,,,1.0,-1.2424004587214217,5.6126662945088714,0.773155,0.20046777,0.81568414,0.045858383
48.2,-8.52,,,1.0,-1.2409339937699364,5.612190161769691,0.7787473,0.19891107,0.82053655,0.044227958
48.2,-8.5,,,1.0,-1.2394674152675198,5.611714446376904,0.7843473,0.19741124,0.8253805,0.043374658
48.2,-8.4800005,,,1.0,-1.2380008631479906,5.61123919360958,0.7899628,0.19596732,0.8302327,0.042271614
48.2,-8.46,,,1.0,-1.2365341976196738,5.610764358055365,0.79558223,0.19459713,0.83509725,0.042443752
48.2,-8.440001,,,1.0,-1.23506755862449,5.610289984909544,0.80123,0.19328868,0.8399718,0.040695786
48.2,-8.42,,,1.0,-1.233600806362285,5.609816028843779,0.8068947,0.19205838,0.8448756,0.03969109
48.2,-8.4,,,1.0,-1.2321340108413648,5.609342512401577,0.8125938,0.19089937,0.8498073,0.039668083
48.2,-8.38,,,1.0,-1.230667242078189,5.608869458042661,0.81830466,0.18983233,0.854777,0.03836286
48.2,-8.36,,,1.0,-1.229200360259934,5.608396820564653,0.8240446,0.18885005,0.859785,0.036663294
48.2,-8.34,,,1.0,-1.2277335053486589,5.607924644953524,0.8298095,0.1879589,0.86483335,0.035678625
48.2,-8.32,,,1.0,-1.2262665375231276,5.6074528860908295,0.8356019,0.18716764,0.8699326,0.035136938
48.2,-8.3,,,1.0,-1.2247995967534069,5.606981588878876,0.8414261,0.18647051,0.8750788,0.034191847
48.2,-8.28,,,1.0,-1.223332543209877,5.6065107082831105,0.8472792,0.18587905,0.88027453,0.03335166
48.2,-8.26,,,1.0,-1.2218655168705863,5.606040289122214,0.85314065,0.18540555,0.885523,0.03235936
48.2,-8.24,,,1.0,-1.2203983778975604,5.605570286445498,0.85903496,0.1850388,0.8908176,0.030335903
48.2,-8.22,,,1.0,-1.2189312662768002,5.605100744988042,0.8649381,0.18479598,0.8961648,0.030434966
48.2,-8.18,,,1.0,-1.2159968455470995,5.604162955781857,0.8767946,0.1846807,0.90702194,0.02869153
48.2,-8.12,,,1.0,-1.211594861716739,5.602759549808286,0.89463735,0.18550253,0.9236649,0.027574062
48.2,-8.04,,,1.0,-1.2057250064497858,5.600894492519018,0.9184515,0.18858314,0.94651705,0.025763988
48.2,-7.98,,,1.0,-1.20132217488653,5.599500298368925,0.9362988,0.19245917,0.96414393,0.024835587
48.2,-7.96,,,1.0,-1.1998544809122424,5.599036442491272,0.94224733,0.19406313,0.9701261,0.02463758
48.2,-7.9,,,1.0,-1.1954511496179587,5.597647500171937,0.96018887,0.19977152,0.98841995,0.02437079
48.2,-7.84,,,1.0,-1.1910474457438294,5.59626249402109,0.97839254,0.20681882,1.0073775,0.024555683
48.2,-7.82,,,1.0,-1.189579461984331,5.5958016996084075,0.9845435,0.20946401,1.013873,0.024805188
48.2,-7.8,,,1.0,-1.1881114371073835,5.595341342205266,0.990764,0.21224302,1.020466,0.025043845
48.2,-7.78,,,1.0,-1.1866433711828128,5.594881421726209,0.99704754,0.21515918,1.0271655,0.025242805
48.2,-7.76,,,1.0,-1.18517526428035,5.5944219380858415,1.0034177,0.21820492,1.0339842,0.025409818
48.2,-7.7000003,,,1.0,-1.1807706984015058,5.59304610734386,1.0230572,0.22809374,1.055188,0.02646017
48.2,-7.62,,,1.0,-1.1748973394100608,5.591217766049745,1.0507747,0.24281555,1.0854533,0.028345585
48.2,-7.54,,,1.0,-1.1690233686477314,5.589396414200401,1.0805135,0.2589326,1.1182013,0.031348705
48.2,-7.52,,,1.0,-1.167554775414407,5.588942165996984,1.0882746,0.26313084,1.126786,0.031451106
48.2,-7.48,,,1.0,-1.1646174687763888,5.588034976708653,1.1041902,0.27166492,1.1444007,0.032787085
48.2,-7.46,,,1.0,-1.1631487555084408,5.587582035454802,1.1123215,0.27599376,1.1534352,0.032786608
48.2,-7.44,,,1.0,-1.1616800023655445,5.587129529681971,1.1205704,0.28035772,1.1626002,0.03477907
48.2,-7.4,,,1.0,-1.1587423767273834,5.586225824242193,1.137382,0.2891339,1.1813172,0.036246777
48.2,-7.34,,,1.0,-1.154335640908574,5.584873530084503,1.1632587,0.3023373,1.2102219,0.038496017
48.2,-7.32,,,1.0,-1.1528666499437357,5.584423635429522,1.1720288,0.30671167,1.2200345,0.039673567
48.2,-7.3,,,1.0,-1.151397619579004,5.583974175666737,1.1808363,0.31107438,1.229926,0.041501284
48.2,-7.28,,,1.0,-1.1499285498818752,5.583525150712288,1.1896865,0.3154006,1.2398621,0.041690826
48.2,-7.26,,,1.0,-1.1484594409197533,5.583076560482379,1.1985742,0.31968498,1.2498567,0.043158054
48.2,-7.2000003,,,1.0,-1.1440518791161072,5.581733397302897,1.2252488,0.33226526,1.2799796,0.046181798
48.2,-7.1800003,,,1.0,-1.1425826137662312,5.581286545134477,1.2341034,0.33633786,1.2900318,0.048851967
48.2,-7.1600003,,,1.0,-1.1411133094870132,5.580840127272587,1.2429273,0.3403474,1.3000624,0.04852867
48.2,-7.1400003,,,1.0,-1.1396439663453093,5.580394143633817,1.2517166,0.34426677,1.3100625,0.049527884
48.2,-7.12,,,1.0,-1.1381745493745934,5.57994858351726,1.260433,0.3481114,1.3200138,0.05252397
48.2,-7.1,,,1.0,-1.1367051287071988,5.579503468085113,1.2690898,0.351851,1.3298986,0.054420233
48.2,-7.06,,,1.0,-1.1337661714515173,5.578614539057515,1.2861214,0.35905218,1.3494548,0.058342576
48.2,-7.04,,,1.0,-1.132296634996124,5.5781707252958315,1.2944745,0.36250114,1.3590794,0.057029963
48.2,-7.02,,,1.0,-1.1308270600774746,5.577727345258178,1.3027126,0.36583257,1.3686008,0.060339212
48.2,-7.0,,,1.0,-1.129357446761789,5.577284398861599,1.310823,0.36904055,1.3779868,0.062164545
48.2,-6.98,,,1.0,-1.127887795115199,5.5768418860232085,1.3187876,0.37212986,1.3872324,0.06457281
48.2,-6.96,,,1.0,-1.1264181052037443,5.576399806660179,1.3265995,0.3750881,1.3963226,0.06627774
48.2,-6.94,,,1.0,-1.124948377093376,5.575958160689753,1.3342546,0.37790912,1.4052476,0.06706345
48.2,-6.92,,,1.0,-1.1234786108499528,5.575516948029237,1.3417327,0.3805855,1.4139831,0.06959987
48.2,-6.9,,,1.0,-1.1220088065392444,5.575076168596,1.3490219,0.38313007,1.4225211,0.07138896
48.2,-6.88,,,1.0,-1.120538964226934,5.574635822307482,1.3561133,0.38552487,1.4308453,0.071956515
48.2,-6.86,,,1.0,-1.1190690839786093,5.574195909081182,1.3630058,0.3877616,1.4389449,0.07556081
48.2,-6.84,,,1.0,-1.1175991658597726,5.573756428834668,1.3696761,0.3898517,1.4468019,0.07727146
48.2,-6.82,,,1.0,-1.1161292099358353,5.573317381485573,1.3761226,0.39176702,1.4544034,0.0770973
48.2,-6.8,,,1.0,-1.1146592162721212,5.572878766951594,1.3823351,0.39352286,1.4617202,0.07978082
48.2,-6.78,,,1.0,-1.1131891849338602,5.572440585150494,1.3882883,0.39512193,1.4687576,0.082350016
48.2,-6.76,,,1.0,-1.111719115986198,5.572002836000102,1.3939791,0.396551,1.4754903,0.08414614
48.2,-6.7400002,,,1.0,-1.1102490094941884,5.571565519418313,1.3994035,0.39779848,1.481895,0.08644307
48.2,-6.7200003,,,1.0,-1.1087788655227973,5.571128635323085,1.4045397,0.39887583,1.4879587,0.088618636
48.2,-6.7000003,,,1.0,-1.1073086841369009,5.570692183632444,1.4093769,0.3997745,1.4936764,0.08870137
48.2,-6.6800003,,,1.0,-1.105838465401287,5.57025616426448,1.4139009,0.40049267,1.4990126,0.09179354
48.2,-6.6600003,,,1.0,-1.1043682093806562,5.5698205771373495,1.4181048,0.40102744,1.5039551,0.09176862
48.2,-6.6400003,,,1.0,-1.1028979161396175,5.569385422169275,1.4219688,0.4013791,1.5084894,0.09325552
48.2,-6.62,,,1.0,-1.1014275506868092,5.568950688919084,1.4254727,0.40155303,1.5125959,0.0955019
48.2,-6.6,,,1.0,-1.09995718319755,5.56851639803435,1.42861,0.401546,1.5162587,0.0954833
48.2,-6.58,,,1.0,-1.0984867786811872,5.56808253906373,1.4313668,0.40134633,1.5194552,0.0968039
48.2,-6.56,,,1.0,-1.0970163372019777,5.56764911192571,1.43373,0.40095794,1.5221683,0.09750843
48.2,-6.54,,,1.0,-1.0955458588240898,5.56721611653884,1.4356711,0.40039623,1.5243818,0.096111774
48.2,-6.52,,,1.0,-1.094075343611605,5.566783552821738,1.4371902,0.3996392,1.5260746,0.09894991
48.2,-6.5,,,1.0,-1.0926047916285182,5.566351420693085,1.4382603,0.3987043,1.5272259,0.099230886
48.2,-6.48,,,1.0,-1.0911342029387336,5.5659197200716335,1.4388666,0.39758593,1.5278201,0.09716272
48.2,-6.46,,,1.0,-1.0896635776060706,5.565488450876193,1.4389879,0.39629406,1.5278467,0.10035229
48.2,-6.44,,,1.0,-1.088192915694257,5.565057613025648,1.4386225,0.39481544,1.5272746,0.10061824
48.2,-6.42,,,1.0,-1.0867222172669393,5.564627206438945,1.4377446,0.39316374,1.5260888,0.100734234
48.2,-6.4,,,1.0,-1.0852514823876709,5.564197231035095,1.436335,0.39134187,1.5242866,0.10135007
48.2,-6.38,,,1.0,-1.0837807111199214,5.563767686733178,1.4343851,0.38933945,1.5218331,0.099894166
48.2,-6.36,,,1.0,-1.0823099035270711,5.5633385734523415,1.4318714,0.38717884,1.5187136,0.10150385
48.2,-6.34,,,1.0,-1.0808390596724151,5.562909891111794,1.4287764,0.38485307,1.5149271,0.0959301
48.2,-6.32,,,1.0,-1.07936817961916,5.562481639630814,1.4250815,0.38237602,1.5104439,0.099559546
48.2,-6.3,,,1.0,-1.0778972634304274,5.562053818928748,1.4207889,0.37973315,1.5052534,0.09461999
48.2,-6.28,,,1.0,-1.0764263111692496,5.561626428925001,1.4158574,0.3769511,1.4993411,0.09715223
48.2,-6.26,,,1.0,-1.0749553228985742,5.561199469539055,1.4102943,0.3740139,1.4926913,0.09651804
48.2,-6.2400002,,,1.0,-1.0734842986812625,5.560772940690452,1.4040656,0.37094718,1.4852885,0.09360075
48.2,-6.2200003,,,1.0,-1.072013238580088,5.560346842298799,1.3971663,0.36775208,1.4771309,0.09138441
48.2,-6.2000003,,,1.0,-1.0705421426577388,5.559921174283774,1.3895825,0.3644184,1.4681975,0.094653845
48.2,-6.1800003,,,1.0,-1.0690710109768164,5.559495936565121,1.3813033,0.36096805,1.4584789,0.09146798
48.2,-6.1600003,,,1.0,-1.067599843599836,5.5590711290626444,1.3723032,0.35741132,1.4479669,0.08888793
48.2,-6.1400003,,,1.0,-1.066128640589228,5.558646751696227,1.362572,0.353747,1.4366499,0.08700919
48.2,-6.1200004,,,1.0,-1.0646574020073347,5.558222804385804,1.3521075,0.34998846,1.4245367,0.086262226
48.2,-6.1,,,1.0,-1.0631860928380503,5.557799276959063,1.3408914,0.3461343,1.411584,0.0841769
48.2,-6.08,,,1.0,-1.0617147832994314,5.557376189530978,1.3289181,0.34220088,1.3978175,0.08207893
48.2,-6.06,,,1.0,-1.0602434383760455,5.556953531919116,1.3161724,0.3381884,1.3832246,0.08073509
48.2,-6.04,,,1.0,-1.0587720581298927,5.556531304043683,1.3026524,0.33411264,1.3678002,0.07703042
48.2,-6.02,,,1.0,-1.0573006426228897,5.556109505824958,1.2883391,0.32997906,1.351546,0.076928854
48.2,-6.0,,,1.0,-1.0558291919168656,5.555688137183283,1.2732338,0.32580525,1.3344487,0.07313216
48.2,-5.96,,,1.0,-1.0528861851546505,5.5548466883127885,1.2406218,0.31733882,1.297762,0.07176685
48.2,-5.82,,,1.0,-1.0425845617666034,5.551915137265113,1.101138,0.287659,1.1437651,0.056316018
48.2,-5.78,,,1.0,-1.0396409286135797,5.551081411495145,1.054161,0.27951276,1.092831,0.05282688
48.2,-5.76,,,1.0,-1.0381690603111466,5.550665191589165,1.0295354,0.2755376,1.0662968,0.05257678
48.2,-5.7400002,,,1.0,-1.036697157605768,5.550249400230786,1.0041807,0.27164423,1.0390781,0.048814535
48.2,-5.7200003,,,1.0,-1.03522522055809,5.549834037341292,0.97808295,0.2678628,1.0112128,0.04860699
48.2,-5.7000003,,,1.0,-1.0337532492286752,5.5494191028420286,0.951306,0.26418012,0.9827175,0.047155857
48.2,-5.6800003,,,1.0,-1.032281243678003,5.549004596654413,0.9238518,0.2606126,0.95364034,0.04223132
48.2,-5.6600003,,,1.0,-1.0308092039664682,5.548590518699931,0.8957489,0.2571739,0.9239942,0.040744424
48.2,-5.6000004,,,1.0,-1.0263928804693918,5.547350853451122,0.807859,0.24772179,0.8320818,0.03745413
48.2,-5.54,,,1.0,-1.0219762165893285,5.546115029674322,0.7153294,0.23979187,0.7365748,0.03413689
48.2,-5.46,,,1.0,-1.0160869061264377,5.544473264986758,0.58683425,0.23198187,0.60586375,0.032381177
48.2,-5.38,,,1.0,-1.0101970596298886,5.542838338283116,0.45555523,0.2277658,0.4744481,0.03099835
48.2,-5.32,,,1.0,-1.0057793252683347,5.5416166276939665,0.35755366,0.22718215,0.37762824,0.031121492
48.2,-5.28,,,1.0,-1.0028340034893573,5.540804288253821,0.2933479,0.22807229,0.3147572,0.031654477
48.2,-5.26,,,1.0,-1.0013612931149638,5.540398758587847,0.26177827,0.2289201,0.28397837,0.031605124
48.2,-5.2400002,,,1.0,-0.9998885498288792,5.5399936555217915,0.2306173,0.23002255,0.2537105,0.031956434
48.2,-5.2200003,,,1.0,-0.9984157736896844,5.539588978978629,0.19995157,0.23138297,0.22400588,0.03321433
48.2,-5.2000003,,,1.0,-0.9969429647558794,5.539184728881405,0.16982374,0.23300648,0.19489904,0.033931494
48.2,-5.1800003,,,1.0,-0.9954701230858845,5.538780905153227,0.14028345,0.23489392,0.16644046,0.034718752
48.2,-5.1600003,,,1.0,-0.9939972487380362,5.538377507717278,0.111374326,0.23703516,0.13867174,0.035708666
48.2,-5.1400003,,,1.0,-0.9925243417705926,5.537974536496803,0.08315893,0.23943925,0.11162745,0.036438346
48.2,-5.1200004,,,1.0,-0.9910514022417294,5.5375719914151205,0.0556575,0.24208474,0.08534698,0.037716746
48.2,-5.1000004,,,1.0,-0.9895784302095412,5.537169872395612,0.028936416,0.24499375,0.059859123,0.038748384
48.2,-5.08,,,1.0,-0.98810539061246,5.536768169789692,0.0030195725,0.24813724,0.035197966,0.04039395
48.2,-5.06,,,1.0,-0.9866323537468156,5.536366902675114,-0.022066962,0.2515223,0.0113869775,0.043217182
48.2,-5.04,,,1.0,-0.9851592845516488,5.535966061393273,-0.046263184,0.25515485,-0.011550813,0.04256332
48.2,-5.02,,,1.0,-0.9836861830847352,5.535565645867827,-0.069570996,0.25900698,-0.033585295,0.046067715
48.2,-5.0,,,1.0,-0.9822130494037666,5.535165656022503,-0.09196676,0.26308274,-0.054718245,0.04832995
48.2,-4.98,,,1.0,-0.9807398835663552,5.534766091781092,-0.11341548,0.26737118,-0.074919544,0.048186183
48.2,-4.96,,,1.0,-0.9792666856300328,5.534366953067463,-0.13390192,0.27187997,-0.09418743,0.050521016
48.2,-4.94,,,1.0,-0.9777934556522538,5.5339682398055405,-0.15342718,0.27658302,-0.11250596,0.05281508
48.2,-4.92,,,1.0,-0.9763201936903896,5.533569951919332,-0.1719557,0.28149688,-0.12986982,0.056367517
48.2,-4.9,,,1.0,-0.9748468998017328,5.533172089332903,-0.18952629,0.286573,-0.14629318,0.05782032
48.2,-4.88,,,1.0,-0.9733735740434968,5.532774651970392,-0.20606485,0.29185653,-0.16174415,0.060241222
48.2,-4.86,,,1.0,-0.9719002164728138,5.532377639756005,-0.22164221,0.29728544,-0.17625462,0.06325734
48.2,-4.84,,,1.0,-0.9704268271467396,5.531981052614017,-0.23622581,0.3028835,-0.18981971,0.066920996
48.2,-4.82,,,1.0,-0.9689534061222468,5.531584890468773,-0.24981186,0.30863857,-0.20244342,0.06853926
48.2,-4.8,,,1.0,-0.9674799534562316,5.531189153244683,-0.26242396,0.31452346,-0.21413416,0.07181895
48.2,-4.78,,,1.0,-0.96600646920551,5.530793840866233,-0.27407432,0.32054436,-0.22490565,0.07517493
48.2,-4.76,,,1.0,-0.964532953426818,5.5303989532579685,-0.28475374,0.32669497,-0.23477206,0.07851195
48.2,-4.7400002,,,1.0,-0.9630594061768144,5.530004490344509,-0.29449752,0.33294642,-0.24375641,0.08137822
48.2,-4.7200003,,,1.0,-0.9615858275120768,5.529610452050545,-0.30330372,0.33930635,-0.25186315,0.0852226
48.2,-4.7000003,,,1.0,-0.9601122174891058,5.529216838300831,-0.3111938,0.34576637,-0.25911087,0.089081764
48.2,-4.6800003,,,1.0,-0.9586385761643232,5.528823649020196,-0.31819862,0.3522954,-0.26552346,0.09440589
48.2,-4.6600003,,,1.0,-0.9571649035940702,5.528430884133532,-0.3243207,0.35890257,-0.27110714,0.097335815
48.2,-4.6400003,,,1.0,-0.9556911998346126,5.528038543565802,-0.32958072,0.3655815,-0.27590173,0.10224712
48.2,-4.6200004,,,1.0,-0.9542174649421352,5.527646627242042,-0.33401993,0.37229437,-0.27992234,0.10597789
48.2,-4.5800004,,,1.0,-0.9512699019824712,5.526864067026901,-0.340481,0.38586175,-0.28573185,0.11608684
48.2,-4.5,,,1.0,-0.9453743697889871,5.525304024955034,-0.34451637,0.41319227,-0.28910065,0.13392901
48.2,-4.48,,,1.0,-0.9439004185312692,5.524915076255877,-0.34382343,0.42002302,-0.28836825,0.13943481
48.2,-4.46,,,1.0,-0.9424264365872054,5.5245265512034365,-0.34251362,0.42682052,-0.28705847,0.14479613
48.2,-4.44,,,1.0,-0.9409524240122804,5.524138449723371,-0.3406013,0.43361115,-0.2852058,0.14952672
48.2,-4.42,,,1.0,-0.9394783808619008,5.523750771741401,-0.33813074,0.44033992,-0.28281468,0.15517008
48.2,-4.4,,,1.0,-0.9380043071913956,5.523363517183326,-0.3351185,0.4470356,-0.27992678,0.16190493
48.2,-4.38,,,1.0,-0.9365302030560184,5.522976685975006,-0.33159852,0.45366722,-0.2765571,0.1665268
48.22,-10.0,,,1.0,-1.348571079928375,5.650807896106069,0.2316279,0.5394215,0.22450869,0.08582461
48.22,-9.96,,,1.0,-1.3456461447674706,5.649791474399648,0.24500188,0.52065146,0.23902248,0.07518494
48.22,-9.94,,,1.0,-1.3441835683346577,5.649283921082226,0.25192082,0.5113832,0.24656232,0.07038808
48.22,-9.9,,,1.0,-1.3412583376464735,5.648270177462778,0.26621166,0.49313515,0.26221487,0.061860085
48.22,-9.86,,,1.0,-1.338332910746822,5.647258218302881,0.28109148,0.4753101,0.2785965,0.054611802
48.22,-9.84,,,1.0,-1.3368701587946026,5.646752919708415,0.28874835,0.46656895,0.28705847,0.05144906
48.22,-9.8,,,1.0,-1.333944438783566,5.645743635842567,0.30444506,0.44948995,0.304479,0.04596901
48.22,-9.76,,,1.0,-1.3310185241632495,5.644736134605612,0.32064542,0.4329614,0.3225478,0.041543484
48.22,-9.74,,,1.0,-1.329555459192065,5.644233040255491,0.32891822,0.4249189,0.3318059,0.03971815
48.22,-9.7,,,1.0,-1.326629253851121,5.643228211613472,0.3457496,0.409312,0.35072476,0.036663175
48.22,-9.66,,,1.0,-1.323702855492583,5.642225163775527,0.36292234,0.39435917,0.37012812,0.03440404
48.22,-9.64,,,1.0,-1.322239619017539,5.641724319366512,0.37161973,0.38713014,0.37998658,0.03350234
48.22,-9.6,,,1.0,-1.3193129323226345,5.640723941348239,0.38918272,0.3732097,0.39996305,0.032267928
48.22,-9.56,,,1.0,-1.3163860541913444,5.639725342315123,0.4069108,0.35998064,0.4202165,0.03157401
48.22,-9.54,,,1.0,-1.3149225086404452,5.639226697808069,0.41581205,0.35364234,0.43042165,0.031417727
48.22,-9.5,,,1.0,-1.3119953445322303,5.638230765913074,0.43364492,0.3414926,0.45091918,0.031377554
48.22,-9.46,,,1.0,-1.3090679905584448,5.637236611190208,0.45146483,0.33004892,0.47146222,0.03176391
48.22,-9.440001,,,1.0,-1.307604277466539,5.63674021187226,0.46033722,0.32459545,0.48171663,0.03208387
48.22,-9.4,,,1.0,-1.3046765700661571,5.635748697912234,0.47799933,0.31420147,0.5021427,0.032957435
48.22,-9.36,,,1.0,-1.3017487441588025,5.634758982977409,0.49547976,0.30447304,0.5223796,0.03412938
48.22,-9.3,,,1.0,-1.2973566884912255,5.633277749563353,0.5212409,0.29106975,0.55218995,0.03614354
48.22,-9.26,,,1.0,-1.294428394537887,5.6322924698669645,0.53805625,0.28288203,0.5715965,0.037628055
48.22,-9.24,,,1.0,-1.2929641428108063,5.631800483156259,0.546346,0.27899563,0.58112395,0.038440466
48.22,-9.2,,,1.0,-1.290035569879534,5.63081786247947,0.56267226,0.2716205,0.59981555,0.04002285
48.22,-9.16,,,1.0,-1.287106811733219,5.62983701357145,0.57863396,0.26472563,0.61797047,0.041633844
48.22,-9.14,,,1.0,-1.285642398311833,5.629347264978354,0.5864821,0.26144803,0.62683195,0.042385936
48.22,-9.1,,,1.0,-1.2827133634942187,5.628369072359485,0.6018914,0.2552035,0.6441019,0.04397869
48.22,-9.06,,,1.0,-1.279784144991278,5.62739264972026,0.616923,0.24933112,0.6607467,0.045589447
48.22,-9.04,,,1.0,-1.27831943212698,5.626905090301081,0.62429184,0.2465297,0.6688288,0.046242
48.22,-9.0,,,1.0,-1.2753899392353356,5.625931321314032,0.6387573,0.24114525,0.6845085,0.047535777
48.22,-8.96,,,1.0,-1.2724602641779617,5.624959320523523,0.65285283,0.23603344,0.69953984,0.04866433
48.22,-8.940001,,,1.0,-1.270995393452902,5.624473994545669,0.6597664,0.23357308,0.706818,0.048997283
48.22,-8.9,,,1.0,-1.268065376425375,5.623504621605006,0.67332834,0.22881454,0.7208989,0.049674273
48.22,-8.86,,,1.0,-1.26513524859493,5.62253703821602,0.68656456,0.22424948,0.73436797,0.05024278
48.22,-8.84,,,1.0,-1.2636701520535267,5.622053920220656,0.6930581,0.22204095,0.7408753,0.05052817
48.22,-8.8,,,1.0,-1.2607397543672652,5.6210889851105845,0.705827,0.21774304,0.75349104,0.050379038
48.22,-8.76,,,1.0,-1.2578091775242688,5.6201258146490565,0.7183268,0.21360219,0.76559013,0.050171375
48.22,-8.74,,,1.0,-1.256343787168258,5.619644879479751,0.72447854,0.21159041,0.77146107,0.049919248
48.22,-8.7,,,1.0,-1.253412942706913,5.618684354687348,0.7366241,0.20767403,0.7828845,0.04937899
48.22,-8.66,,,1.0,-1.250481920578353,5.617725592778624,0.7485805,0.20391214,0.7939384,0.048445582
48.22,-8.64,,,1.0,-1.2490163780169017,5.61724688409387,0.754501,0.20209104,0.7993418,0.04725957
48.22,-8.6,,,1.0,-1.2460850905010514,5.616290765169552,0.7662402,0.19857967,0.8099579,0.04710102
48.22,-8.56,,,1.0,-1.243153626797577,5.615336407370201,0.7778961,0.1952511,0.8203763,0.045150876
48.22,-8.54,,,1.0,-1.2416877941117292,5.614859877317189,0.7837073,0.19365895,0.8255302,0.044277668
48.22,-8.5,,,1.0,-1.2387560672287516,5.613908159910755,0.7952962,0.19065607,0.8357699,0.042567134
48.22,-8.46,,,1.0,-1.235824165627888,5.612958201876706,0.80689675,0.187899,0.8459923,0.04085982
48.22,-8.440001,,,1.0,-1.2343581844442684,5.612483893709182,0.8127113,0.18662041,0.85110927,0.039850473
48.22,-8.4,,,1.0,-1.2314259519549628,5.611536550836932,0.82437664,0.18429607,0.8613853,0.038246155
48.22,-8.36,,,1.0,-1.2284936161139033,5.610590988197514,0.83609915,0.18230665,0.8717697,0.03727603
48.22,-8.34,,,1.0,-1.2270274183615966,5.610118877020803,0.8419861,0.18144917,0.8770072,0.03608668
48.22,-8.3,,,1.0,-1.2240948237249851,5.6091759494931805,0.8538177,0.18002176,0.8876022,0.03486097
48.22,-8.26,,,1.0,-1.22116205728058,5.608234777851347,0.86570174,0.17902422,0.8983487,0.03225887
48.22,-8.24,,,1.0,-1.2196955748475609,5.6077648390718515,0.87166023,0.17869437,0.90379506,0.031228304
48.22,-8.04,,,1.0,-1.2050287615210298,5.603089678207317,0.9312997,0.18258923,0.960466,0.025503993
48.22,-7.96,,,1.0,-1.1991608556192204,5.601231878423371,0.9550123,0.1881994,0.98428345,0.024540067
48.22,-7.9,,,1.0,-1.1947594877025471,5.599843122677537,0.97285706,0.193995,1.0026791,0.024236798
48.22,-7.86,,,1.0,-1.191825034677899,5.598919471890645,0.9848668,0.19860482,1.0152777,0.024400473
48.22,-7.8,,,1.0,-1.1874230449256558,5.597537273565026,1.003217,0.20659,1.034797,0.025289774
48.22,-7.76,,,1.0,-1.1844881790974868,5.596617992254983,1.0157737,0.21258861,1.048319,0.025346518
48.22,-7.7400002,,,1.0,-1.1830206845948787,5.596159006616311,1.0221719,0.2157799,1.0552477,0.025469184
48.22,-7.6,,,1.0,-1.1727470449176045,5.592958315314521,1.0699513,0.24115753,1.1075786,0.028297782
48.22,-7.54,,,1.0,-1.168343462877118,5.591593136403288,1.0922922,0.2533272,1.1322509,0.030252218
48.22,-7.46,,,1.0,-1.1624714566267833,5.5897789974893195,1.1238786,0.27029705,1.167269,0.032056928
48.22,-7.44,,,1.0,-1.1610033548906724,5.58932655141882,1.1320649,0.27462876,1.1763743,0.03298962
48.22,-7.4,,,1.0,-1.1580670316882071,5.588422965077983,1.1487635,0.2833376,1.1949607,0.034656525
48.22,-7.36,,,1.0,-1.1551305492992592,5.587521119243627,1.165826,0.2920565,1.2139895,0.03600228
48.22,-7.34,,,1.0,-1.1536622485796977,5.587070848806471,1.1744646,0.2964061,1.2236474,0.037428856
48.22,-7.3,,,1.0,-1.1507255284292854,5.586171612472944,1.1919209,0.3050385,1.2431811,0.039081335
48.22,-7.26,,,1.0,-1.1477886504479249,5.585274114968869,1.2095268,0.31353968,1.2629396,0.041303158
48.22,-7.2400002,,,1.0,-1.1463201524393338,5.584826018068772,1.2183506,0.3177265,1.2728702,0.040362716
48.22,-7.2000003,,,1.0,-1.143383038722923,5.583931127554801,1.2359926,0.32592905,1.2927718,0.04330349
48.22,-7.1,,,1.0,-1.1360395359651658,5.581701489276488,1.279475,0.34514177,1.3421304,0.048233986
48.22,-7.06,,,1.0,-1.1331018768926149,5.580812675925805,1.2963358,0.35218996,1.3614304,0.056734562
48.22,-7.04,,,1.0,-1.1316329893425032,5.580368919853483,1.304601,0.3555535,1.3709308,0.055413604
48.22,-7.0,,,1.0,-1.1286950985466506,5.579482708500461,1.3207855,0.36190838,1.3895589,0.058574677
48.22,-6.96,,,1.0,-1.1257570539316275,5.578598230984462,1.3363795,0.3677677,1.4076073,0.06000042
48.22,-6.94,,,1.0,-1.1242879741072145,5.578156642208664,1.3439325,0.37049967,1.416383,0.06349015
48.22,-6.9,,,1.0,-1.1213496997543726,5.577274764208673,1.3584964,0.37553996,1.4333577,0.06967068
48.22,-6.86,,,1.0,-1.1184112729015123,5.5763946183945245,1.372285,0.3799721,1.4494636,0.073120475
48.22,-6.84,,,1.0,-1.1169420024517405,5.575955194851269,1.3788583,0.3819536,1.4571576,0.07077813
48.22,-6.8,,,1.0,-1.1140033478330582,5.57507764608123,1.3912976,0.38543963,1.4717469,0.07462335
48.22,-6.76,,,1.0,-1.1110645420245435,5.574201827852354,1.4027357,0.38824683,1.4851725,0.07870722
48.22,-6.7400002,,,1.0,-1.1095950825871477,5.5737645674857985,1.4080484,0.38939202,1.4914062,0.078168154
48.22,-6.7000003,,,1.0,-1.1066560509713963,5.572891343838915,1.4177939,0.39116096,1.5028234,0.08151853
48.22,-6.6600003,,,1.0,-1.103716869467086,5.572019849095047,1.4262892,0.3921979,1.512731,0.086556435
48.22,-6.6400003,,,1.0,-1.10224722266866,5.57158474985751,1.4300319,0.39244527,1.5170726,0.08760667
48.22,-6.6,,,1.0,-1.0993077822610011,5.570715836895482,1.4364264,0.39239287,1.5244465,0.08853173
48.22,-6.56,,,1.0,-1.0963682282967897,5.569848661573299,1.4412833,0.3915915,1.5299473,0.090504885
48.22,-6.54,,,1.0,-1.0948983957519651,5.56941572143557,1.4430894,0.39091665,1.5319496,0.09068322
48.22,-6.5,,,1.0,-1.0919586198577742,5.568551135800577,1.4453812,0.38901144,1.5343479,0.09286857
48.22,-6.46,,,1.0,-1.089018696651041,5.567688275811965,1.4458091,0.38637596,1.5345006,0.09639192
48.22,-6.44,,,1.0,-1.0875486799652063,5.5672574927324545,1.4452758,0.3847978,1.533689,0.09350431
48.22,-6.4,,,1.0,-1.084608536747314,5.566397219998417,1.4426415,0.3811046,1.5301877,0.095074415
48.22,-6.36,,,1.0,-1.0816682474917156,5.565538671292311,1.437799,0.37673312,1.5240953,0.09136343
48.22,-6.34,,,1.0,-1.0801980482584232,5.565110043247961,1.4345014,0.3743071,1.5200251,0.091638446
48.22,-6.3,,,1.0,-1.0772575408973837,5.564254079373709,1.4260896,0.36898077,1.5097663,0.08845818
48.22,-6.26,,,1.0,-1.0743168887647678,5.563399837915544,1.4151266,0.3630743,1.4965835,0.09201646
48.22,-6.2400002,,,1.0,-1.0728465085666812,5.562973362891548,1.408663,0.359905,1.4888593,0.088250875
48.22,-6.2000003,,,1.0,-1.0699056402213163,5.562121703852432,1.3936545,0.353189,1.4711013,0.08462858
48.22,-6.1600003,,,1.0,-1.066964628361848,5.561271765624176,1.3758025,0.3460163,1.4501535,0.08141339
48.22,-6.1400003,,,1.0,-1.0654940687708083,5.560847441614009,1.3657836,0.3422627,1.4384751,0.081837416
48.22,-6.1,,,1.0,-1.062552807515303,5.560000073310886,1.3434716,0.33448935,1.4126326,0.07922268
48.22,-6.04,,,1.0,-1.0581407016321434,5.5587322593472575,1.3041996,0.32224488,1.3676134,0.071804166
48.22,-6.0,,,1.0,-1.0551991207066125,5.55788919799125,1.2740386,0.31380993,1.3333895,0.067878366
48.22,-5.96,,,1.0,-1.052257398756156,5.5570478542555835,1.2406422,0.3052284,1.2957846,0.06581974
48.22,-5.94,,,1.0,-1.050786485050928,5.556627826296929,1.222711,0.3009113,1.2757205,0.062073946
48.22,-5.7400002,,,1.0,-1.0360754292039451,5.552451137854514,0.9990291,0.25916278,1.031261,0.043055892
48.22,-5.7000003,,,1.0,-1.0331328025658606,5.551620943223102,0.9451042,0.25165993,0.9737238,0.04226327
48.22,-5.6600003,,,1.0,-1.0301900385729457,5.550792461476355,0.8884537,0.24464613,0.91379476,0.036818862
48.22,-5.6000004,,,1.0,-1.025775636100853,5.549552949144022,0.7988994,0.23521817,0.8200554,0.034736753
48.22,-5.46,,,1.0,-1.0154741400771228,5.54667571434611,0.57408965,0.21963346,0.5896246,0.030950308
48.22,-5.36,,,1.0,-1.0081149439462331,5.544633373764422,0.40764093,0.21517122,0.42299017,0.029841423
48.22,-5.34,,,1.0,-1.0066430045185215,5.544226186650543,0.37453777,0.2150284,0.3902183,0.0291152
48.22,-5.3,,,1.0,-1.003699025934784,5.54341309280689,0.30903956,0.21550602,0.32569873,0.0295434
48.22,-5.26,,,1.0,-1.0007549147729502,5.542601705627887,0.24488838,0.21702063,0.26291627,0.029991627
48.22,-5.2400002,,,1.0,-0.9992828096223116,5.542196651845074,0.21346349,0.21818364,0.23230568,0.032576084
48.22,-5.2000003,,,1.0,-0.9963385004750084,5.5413878235083045,0.15222734,0.22129107,0.17290264,0.031273007
48.22,-5.1600003,,,1.0,-0.9933940599232788,5.5405807002981176,0.09348972,0.22543824,0.11622546,0.034377575
48.22,-5.1400003,,,1.0,-0.9919217905168036,5.540177777923786,0.06515907,0.22789747,0.089016885,0.036185265
48.22,-5.1000004,,,1.0,-0.9889771537340234,5.539373211253835,0.010868398,0.23356915,0.037012547,0.038595438
48.22,-5.06,,,1.0,-0.986032351607216,5.538570338618473,-0.040067643,0.24022567,-0.011549927,0.041216493
48.22,-5.04,,,1.0,-0.98455991940109,5.538169545748699,-0.06417861,0.24392337,-0.034474432,0.039205313
48.22,-5.0,,,1.0,-0.9816149578891538,5.537369236942819,-0.10961637,0.25196755,-0.07752939,0.04678631
48.22,-4.96,,,1.0,-0.9786698672958726,5.536570630207814,-0.15115403,0.26088405,-0.11674265,0.04857576
48.22,-4.94,,,1.0,-0.9771972737377652,5.536171964926891,-0.17042908,0.26565486,-0.13488406,0.049869895
48.22,-4.9,,,1.0,-0.97425199038599,5.535375910158799,-0.20594293,0.2757579,-0.16823113,0.056289434
48.22,-4.86,,,1.0,-0.9713065791023732,5.534581555943982,-0.2373871,0.28656483,-0.19764616,0.06129384
48.22,-4.84,,,1.0,-0.9698338256291644,5.534185016354908,-0.25159085,0.29220986,-0.21088846,0.06400442
48.22,-4.8,,,1.0,-0.9668882233053324,5.533393211835738,-0.27697662,0.30393815,-0.23450284,0.07020855
48.22,-4.76,,,1.0,-0.9639424941912046,5.532603106359093,-0.29839545,0.3161922,-0.25435698,0.07710242
48.22,-4.6600003,,,1.0,-0.9565776196772474,5.530635272028132,-0.33544815,0.3485604,-0.2884037,0.09377098
48.22,-4.6400003,,,1.0,-0.955104550644756,5.530242978166033,-0.3401791,0.35525596,-0.292705,0.09749532
48.22,-4.6000004,,,1.0,-0.9521583189008564,5.529459662846717,-0.347147,0.36878467,-0.2989675,0.10584891
48.22,-4.46,,,1.0,-0.9418454949265196,5.526731402385817,-0.34813407,0.41662216,-0.29915747,0.13888514
48.22,-4.44,,,1.0,-0.9403721159629792,5.526343346775822,-0.34568307,0.42340147,-0.29677254,0.14369082
48.24,-9.96,,,1.0,-1.3448862082368085,5.651979983483142,0.24627204,0.5149725,0.23746604,0.07369101
48.24,-9.94,,,1.0,-1.3434242997913066,5.6514725039909095,0.2531579,0.5056563,0.2448809,0.06901038
48.24,-9.92,,,1.0,-1.3419624117035354,5.650965494863663,0.26019424,0.49643558,0.25248483,0.06463945
48.24,-9.9,,,1.0,-1.340500404634148,5.650458907656434,0.26738447,0.48731315,0.26028448,0.060617447
48.24,-9.88,,,1.0,-1.3390384180883244,5.64995279058849,0.27471918,0.47830075,0.26826614,0.056961775
48.24,-9.86,,,1.0,-1.337576312717115,5.649447095300053,0.28219935,0.46939987,0.2764341,0.053586245
48.24,-9.8,,,1.0,-1.333189842185148,5.647932732143311,0.30547208,0.44345945,0.30198428,0.04518366
48.24,-9.78,,,1.0,-1.3317275411731035,5.647428819595697,0.3134857,0.43508542,0.31084365,0.042964697
48.24,-9.76,,,1.0,-1.3302652611794938,5.646925376511766,0.32161772,0.42686176,0.31985822,0.04095745
48.24,-9.74,,,1.0,-1.3288028628267534,5.646422354787111,0.3298621,0.4187886,0.329026,0.0391891
48.24,-9.72,,,1.0,-1.3273404856565327,5.645919802301442,0.3382125,0.4108703,0.33833882,0.03763914
48.24,-9.7,,,1.0,-1.3258779902817883,5.645417671035403,0.34665728,0.40311503,0.34778956,0.03629279
48.24,-9.68,,,1.0,-1.3244155162532156,5.644916008783905,0.35519388,0.39552516,0.35736582,0.035075426
48.24,-9.66,,,1.0,-1.3229529241743243,5.644414767612608,0.36381096,0.38810396,0.36706698,0.034145713
48.24,-9.64,,,1.0,-1.3214903536048228,5.643913995231659,0.37250245,0.38084948,0.37686574,0.033328414
48.24,-9.62,,,1.0,-1.3200276651388043,5.6434136437917015,0.38125104,0.3737756,0.38677555,0.032665253
48.24,-9.6,,,1.0,-1.3185649983449603,5.642913760918146,0.3900592,0.3668775,0.3967686,0.032132864
48.24,-9.58,,,1.0,-1.3171022138080004,5.642414298846593,0.39891353,0.36015177,0.40684932,0.031757116
48.24,-9.56,,,1.0,-1.3156394511055696,5.641915305117752,0.40780655,0.35361308,0.4169947,0.03152907
48.24,-9.54,,,1.0,-1.3141765708130215,5.6414167320521384,0.41673133,0.34724987,0.4272013,0.03135252
48.24,-9.52,,,1.0,-1.3127137125169248,5.640918627105802,0.42566875,0.34106368,0.43745372,0.03131914
48.24,-9.5,,,1.0,-1.31125073678331,5.640420942684138,0.43462515,0.335065,0.44774082,0.031418204
48.24,-9.4800005,,,1.0,-1.3097877832076417,5.639923726158567,0.44357795,0.32923818,0.45805088,0.031513453
48.24,-9.46,,,1.0,-1.308324712346655,5.639426930019332,0.45252866,0.32359713,0.46837834,0.031817913
48.24,-9.440001,,,1.0,-1.3068616638046784,5.638930601553263,0.46146458,0.31812227,0.47870383,0.03207898
48.24,-9.42,,,1.0,-1.3053984981291862,5.638434693335413,0.47038028,0.31282604,0.4890157,0.032574534
48.24,-9.4,,,1.0,-1.3039352851623802,5.637939228953595,0.47926623,0.3077023,0.49931338,0.033028126
48.24,-9.38,,,1.0,-1.302472094755382,5.637444231911023,0.48811933,0.30275023,0.50957286,0.033553004
48.24,-9.36,,,1.0,-1.3010087874418268,5.636949654909907,0.4969294,0.29795295,0.5197919,0.034119368
48.24,-9.34,,,1.0,-1.299545502848075,5.636455545025746,0.5056881,0.29332054,0.5299552,0.034710646
48.24,-9.32,,,1.0,-1.2980821014985746,5.635961855045479,0.51439494,0.28884828,0.54005164,0.03529823
48.24,-9.3,,,1.0,-1.2966187230284505,5.635468631960128,0.5230464,0.28452456,0.5500823,0.03609991
48.24,-9.28,,,1.0,-1.29515522795299,5.634975828641325,0.53163236,0.280352,0.5600271,0.036794066
48.24,-9.26,,,1.0,-1.2936917559160537,5.634483491995661,0.54015654,0.27632087,0.56988204,0.03751731
48.24,-9.24,,,1.0,-1.2922281674237992,5.633991574979419,0.548607,0.27243435,0.5796262,0.038333654
48.24,-9.22,,,1.0,-1.290764602128791,5.633500124414792,0.5569812,0.26867056,0.5892767,0.03908682
48.24,-9.2,,,1.0,-1.2893009205280903,5.633009093342688,0.56528103,0.2650398,0.59880817,0.03984797
48.24,-9.18,,,1.0,-1.287837262282937,5.6325185285009285,0.573498,0.26153576,0.6082142,0.04048288
48.24,-9.16,,,1.0,-1.286373487881322,5.632028383015016,0.5816344,0.25814474,0.6174987,0.041448355
48.24,-9.14,,,1.0,-1.2849097369931328,5.6315387035384346,0.589694,0.2548635,0.6266431,0.042210817
48.24,-9.12,,,1.0,-1.2834458700973217,5.6310494432812455,0.59765923,0.25168788,0.6356525,0.04296553
48.24,-9.1,,,1.0,-1.281982026872393,5.630560648812633,0.60553896,0.24861461,0.64451563,0.043855548
48.24,-9.08,,,1.0,-1.280518067788292,5.630072273427181,0.6133365,0.24563217,0.6532382,0.04469788
48.24,-9.06,,,1.0,-1.2790541325321096,5.6295843636098075,0.6210395,0.24274433,0.66180384,0.045216084
48.24,-9.04,,,1.0,-1.2775900815648131,5.629096872739587,0.6286594,0.23993653,0.670223,0.045746803
48.24,-9.02,,,1.0,-1.2761260545820543,5.6286098472172075,0.6361892,0.23720926,0.678481,0.04647076
48.24,-9.0,,,1.0,-1.2746619120358489,5.628123240506196,0.6436308,0.23455417,0.68658656,0.046957493
48.24,-8.9800005,,,1.0,-1.27319779363038,5.627637098923042,0.65098125,0.23197508,0.6945363,0.047519207
48.24,-8.96,,,1.0,-1.2717335598087447,5.627151376015697,0.6582464,0.2294547,0.7023311,0.048231125
48.24,-8.940001,,,1.0,-1.2702693502836282,5.62666611801649,0.6654226,0.22699857,0.70995784,0.048530817
48.24,-8.92,,,1.0,-1.268805025489236,5.626181278557756,0.67251563,0.22460067,0.71744066,0.049187064
48.24,-8.9,,,1.0,-1.2673406553206366,5.625696880700862,0.6795258,0.22225255,0.7247641,0.049077988
48.24,-8.88,,,1.0,-1.265876309681451,5.625212947423001,0.6864465,0.21996242,0.7319379,0.049542785
48.24,-8.86,,,1.0,-1.2644118489926028,5.624729432483034,0.69328934,0.21771288,0.7389624,0.049616337
48.24,-8.84,,,1.0,-1.2629474129879117,5.624246381903029,0.70006293,0.2155087,0.74583864,0.049773216
48.24,-8.82,,,1.0,-1.2614828620794822,5.6237637495261446,0.7067491,0.21335459,0.7525726,0.04970002
48.24,-8.8,,,1.0,-1.2600183360095398,5.62328158129041,0.71336526,0.21123749,0.75917745,0.049873114
48.24,-8.78,,,1.0,-1.2585536951813987,5.6227998311232525,0.7199101,0.20916224,0.7656365,0.049701214
48.24,-8.76,,,1.0,-1.2570890793456593,5.622318544878689,0.726396,0.20712149,0.77197963,0.049786806
48.24,-8.74,,,1.0,-1.2556243488968768,5.621837676568385,0.7328003,0.20512992,0.7782018,0.049464464
48.24,-8.72,,,1.0,-1.2541596435939997,5.6213572719623786,0.7391607,0.2031647,0.78430665,0.049230933
48.24,-8.7,,,1.0,-1.2526948238228504,5.6208772851565465,0.7454524,0.20124984,0.7903057,0.048851132
48.24,-8.68,,,1.0,-1.2512300293506988,5.620397761836978,0.7517033,0.19936454,0.7962046,0.049132705
48.24,-8.66,,,1.0,-1.2497651205546647,5.619918656183719,0.75790316,0.197523,0.80201215,0.048065424
48.24,-8.64,,,1.0,-1.2483002372103087,5.619440013798954,0.7640577,0.1957227,0.8077337,0.047364593
48.24,-8.62,,,1.0,-1.246835239686079,5.618961788946862,0.7701713,0.19396627,0.8133815,0.046967983
48.24,-8.6,,,1.0,-1.245370267765797,5.618484027145754,0.7762525,0.1922561,0.81895554,0.046407342
48.24,-8.58,,,1.0,-1.243905181809268,5.618006682743914,0.78230566,0.1905905,0.8244821,0.045619726
48.24,-8.56,,,1.0,-1.2424401216085506,5.61752980117581,0.7883297,0.188977,0.8299515,0.043817163
48.24,-8.54,,,1.0,-1.2409749475148315,5.617053336873795,0.7943384,0.1874156,0.83537745,0.045305967
48.24,-8.52,,,1.0,-1.2395097993283786,5.61657733518853,0.800326,0.1859101,0.84076995,0.044617057
48.24,-8.5,,,1.0,-1.2380445373917923,5.616101750636408,0.8063077,0.18446189,0.84614205,0.042436004
48.24,-8.4800005,,,1.0,-1.2365793015135198,5.615626628484311,0.81227475,0.18308103,0.8514936,0.04277432
48.24,-8.46,,,1.0,-1.2351139520276004,5.615151923332637,0.81824404,0.18176425,0.8568326,0.041087866
48.24,-8.440001,,,1.0,-1.2336486287506383,5.614677680364529,0.82421076,0.18051845,0.86217034,0.040112853
48.24,-8.42,,,1.0,-1.2321831920081396,5.614203854264355,0.83018386,0.17934513,0.86751646,0.039004087
48.24,-8.4,,,1.0,-1.2307177117458532,5.613730467569705,0.8361522,0.1782574,0.872867,0.03811574
48.24,-8.38,,,1.0,-1.2292522579177272,5.613257542734421,0.84212583,0.17725265,0.87823194,0.03722191
48.24,-8.36,,,1.0,-1.2277866908365271,5.612785034568767,0.84811187,0.17633247,0.883615,0.03634882
48.24,-8.34,,,1.0,-1.2263211503391176,5.61231298804668,0.85410357,0.175506,0.889024,0.035421133
48.24,-8.32,,,1.0,-1.2248554967298049,5.61184135806231,0.8600962,0.17477894,0.8944591,0.034630418
48.24,-8.3,,,1.0,-1.2233898698535108,5.61137018950597,0.86609817,0.1741516,0.8999239,0.033725023
48.24,-8.28,,,1.0,-1.2219241300061072,5.610899437355666,0.87210023,0.17363262,0.905421,0.033064604
48.24,-8.26,,,1.0,-1.2204584170405492,5.6104291464181175,0.8781088,0.17322183,0.91094714,0.032080412
48.24,-8.24,,,1.0,-1.2189925912443025,5.609959271755159,0.8841135,0.17293084,0.9165029,0.031522512
48.24,-8.22,,,1.0,-1.2175267924783235,5.609489858089945,0.8901187,0.17275596,0.9220941,0.03038454
48.24,-8.18,,,1.0,-1.214594996743379,5.608552323829266,0.90211606,0.17278028,0.93338454,0.029204488
48.24,-8.16,,,1.0,-1.2131289999140893,5.6080842031028135,0.9081009,0.1729911,0.9390767,0.028540134
48.24,-8.1,,,1.0,-1.2087308940537913,5.606682514746624,0.92600167,0.17443305,0.956358,0.026952624
48.24,-8.02,,,1.0,-1.2028661135533103,5.60481971365264,0.9496987,0.17836833,0.97987276,0.025378466
48.24,-7.96,,,1.0,-1.1984670511449145,5.603427197463577,0.9673623,0.18289351,0.9979059,0.024570227
48.24,-7.92,,,1.0,-1.1955341567322255,5.602501047859318,0.9791507,0.1866588,1.0101523,0.024538755
48.24,-7.9,,,1.0,-1.1940676469040157,5.602038628940411,0.9850619,0.18876779,1.0163635,0.024389267
48.24,-7.88,,,1.0,-1.1926010954219115,5.601576647162978,0.99100226,0.19102323,1.0226368,0.024309397
48.24,-7.86,,,1.0,-1.1911345023563051,5.601115102441591,0.9969676,0.19342363,1.0289768,0.024194837
48.24,-7.84,,,1.0,-1.1896678677774954,5.600653994690882,1.0029848,0.19596124,1.0354019,0.024630308
48.24,-7.82,,,1.0,-1.1882011917556865,5.60019332382555,1.0090318,0.19865078,1.041908,0.025361657
48.24,-7.8,,,1.0,-1.1867344743609878,5.599733089760355,1.0151508,0.20146382,1.0485044,0.024993062
48.24,-7.78,,,1.0,-1.1852677156634135,5.599273292410122,1.0213342,0.20441055,1.0552003,0.025105238
48.24,-7.76,,,1.0,-1.1838009157328848,5.598813931689736,1.027592,0.20748985,1.0620071,0.0253371
48.24,-7.7400002,,,1.0,-1.1823340746392283,5.598355007514148,1.0339382,0.21068555,1.0689247,0.025746822
48.24,-7.7200003,,,1.0,-1.1808671924521754,5.597896519798371,1.0403686,0.21400356,1.0759634,0.025963545
48.24,-7.7000003,,,1.0,-1.1794002692413657,5.597438468457479,1.0469073,0.21742988,1.0831293,0.02650547
48.24,-7.6800003,,,1.0,-1.177933305076342,5.596980853406616,1.0535402,0.22097182,1.0904316,0.02674985
48.24,-7.6,,,1.0,-1.1720650052821702,5.595154743544824,1.0812967,0.23605013,1.1210574,0.02809167
48.24,-7.58,,,1.0,-1.1705978373850026,5.5946993086838,1.0885483,0.24002886,1.129083,0.028926134
48.24,-7.56,,,1.0,-1.1691306289489245,5.59424430960497,1.0959301,0.24406576,1.1372644,0.02904439
48.24,-7.54,,,1.0,-1.1676633800428262,5.593789746223918,1.1034511,0.24816734,1.145595,0.029769182
48.24,-7.52,,,1.0,-1.1661960907355062,5.593335618456293,1.1110969,0.25232315,1.1540775,0.030536056
48.24,-7.5,,,1.0,-1.1647287610956671,5.592881926217804,1.1188682,0.25652158,1.1627055,0.031168103
48.24,-7.48,,,1.0,-1.163261391191921,5.592428669424227,1.1267627,0.2607594,1.171477,0.031419873
48.24,-7.46,,,1.0,-1.1617939810927862,5.591975847991403,1.1347848,0.2650231,1.1803896,0.031674147
48.24,-7.44,,,1.0,-1.16032653086669,5.591523461835231,1.142919,0.2693143,1.1894306,0.033100724
48.24,-7.42,,,1.0,-1.158859040581964,5.591071510871681,1.1511451,0.27362275,1.198594,0.033807635
48.24,-7.4,,,1.0,-1.1573915103068515,5.5906199950167785,1.1594859,0.27793288,1.2078803,0.0342474
48.24,-7.38,,,1.0,-1.1559239401095005,5.590168914186621,1.1679113,0.28225136,1.2172737,0.034817934
48.24,-7.34,,,1.0,-1.1529886802202167,5.589268057265234,1.1849939,0.29085374,1.2363297,0.037390232
48.24,-7.32,,,1.0,-1.1515209906641215,5.588818281006514,1.1936302,0.29512346,1.2459913,0.037296653
48.24,-7.3,,,1.0,-1.1500532614574626,5.588368939437553,1.2023109,0.2993707,1.2556994,0.03735566
48.24,-7.2400002,,,1.0,-1.1456498366105332,5.5870235220337,1.2285357,0.31186217,1.2851189,0.040088415
48.24,-7.2200003,,,1.0,-1.1441819494775924,5.586575918388568,1.2372943,0.31592238,1.2949724,0.04265189
48.24,-7.2000003,,,1.0,-1.1427140230316164,5.586128749015908,1.2460421,0.3199225,1.3048224,0.042194605
48.24,-7.1800003,,,1.0,-1.1412460573398364,5.58568201383246,1.2547607,0.32384688,1.3146579,0.044946074
48.24,-7.1600003,,,1.0,-1.1397780524693937,5.58523571275502,1.2634394,0.32769948,1.3244698,0.047446012
48.24,-7.1,,,1.0,-1.1353737684528749,5.583899402723276,1.2891239,0.33873272,1.3536112,0.05046606
48.24,-7.08,,,1.0,-1.1339056075364382,5.583454837249502,1.2975214,0.34222108,1.3631779,0.04888761
48.24,-7.06,,,1.0,-1.1324374077756794,5.583010705466703,1.3058226,0.34559995,1.3726578,0.051584005
48.24,-7.04,,,1.0,-1.130969169237194,5.582567007292063,1.314009,0.34886944,1.3820246,0.052187324
48.24,-7.02,,,1.0,-1.129500891987486,5.582123742642836,1.3220729,0.35201716,1.3912636,0.054170966
48.24,-7.0,,,1.0,-1.1280325760929717,5.581680911436337,1.329998,0.35504866,1.4003737,0.05518329
48.24,-6.98,,,1.0,-1.1265642216199752,5.581238513589946,1.3377802,0.3579458,1.4093426,0.05707395
48.24,-6.96,,,1.0,-1.125095828634731,5.58079654902111,1.3454089,0.36071616,1.4181397,0.06056738
48.24,-6.94,,,1.0,-1.123627397203384,5.5803550176473395,1.3528624,0.3633529,1.4267622,0.060312986
48.24,-6.92,,,1.0,-1.1221589273919896,5.579913919386208,1.3601469,0.36584002,1.4351962,0.06390333
48.24,-6.9,,,1.0,-1.1206904192665097,5.579473254155358,1.3672383,0.36818612,1.4434278,0.05955887
48.24,-6.88,,,1.0,-1.1192218728928234,5.579033021872493,1.3741345,0.370376,1.4514397,0.062384367
48.24,-6.86,,,1.0,-1.1177532883367138,5.578593222455384,1.3808211,0.3724143,1.4592171,0.067044854
48.24,-6.84,,,1.0,-1.1162846656638774,5.578153855821864,1.3872857,0.37429833,1.466753,0.06745744
48.24,-6.82,,,1.0,-1.1148160049399216,5.577714921889835,1.3935235,0.37602025,1.4740176,0.06635904
48.24,-6.8,,,1.0,-1.1133473062303627,5.577276420577261,1.3995245,0.3775699,1.4810098,0.06978202
48.24,-6.78,,,1.0,-1.11187856960063,5.576838351802171,1.4052645,0.3789568,1.4877027,0.072310686
48.24,-6.76,,,1.0,-1.1104097951160616,5.576400715482662,1.4107462,0.38016653,1.494086,0.07375884
48.24,-6.7400002,,,1.0,-1.108940982841908,5.575963511536894,1.4159435,0.38121462,1.5001462,0.07582152
48.24,-6.7200003,,,1.0,-1.10747213284333,5.575526739883093,1.4208597,0.38207787,1.5058547,0.07553983
48.24,-6.7000003,,,1.0,-1.1060032451854025,5.57509040043955,1.4254744,0.3827554,1.5112064,0.0757817
48.24,-6.6800003,,,1.0,-1.1045343199331057,5.57465449312462,1.4297718,0.38326138,1.5161763,0.07955432
48.24,-6.6600003,,,1.0,-1.1030653571513367,5.574219017856724,1.43374,0.38358378,1.5207434,0.08114207
48.24,-6.6400003,,,1.0,-1.1015963569049023,5.573783974554352,1.4373598,0.38372272,1.5248985,0.07994723
48.24,-6.6,,,1.0,-1.0986582092508672,5.572915173173932,1.4435196,0.3834446,1.5318841,0.084469914
48.24,-6.56,,,1.0,-1.0957199475378248,5.572048109046172,1.448116,0.3824253,1.5369666,0.085911155
48.24,-6.54,,,1.0,-1.0942507609361891,5.57161522436129,1.4497887,0.38164246,1.5387598,0.08458853
48.24,-6.52,,,1.0,-1.0927815372568792,5.571182771154222,1.4510217,0.38067317,1.5400157,0.08619523
48.24,-6.5,,,1.0,-1.091312276564083,5.570750749343915,1.4518045,0.3795144,1.5407232,0.08955574
48.24,-6.48,,,1.0,-1.0898429789219042,5.57031915884938,1.4521084,0.37818342,1.54086,0.085517764
48.24,-6.46,,,1.0,-1.0883736443943592,5.569887999589694,1.4519265,0.37666368,1.5404106,0.08743167
48.24,-6.44,,,1.0,-1.0869042730453735,5.5694572714840005,1.4512305,0.37497914,1.5393625,0.08578241
48.24,-6.42,,,1.0,-1.0854348649387888,5.569026974451505,1.4500165,0.37311214,1.5376794,0.08882022
48.24,-6.4,,,1.0,-1.0839654201383586,5.568597108411484,1.4482592,0.37107152,1.5353645,0.08804667
48.24,-6.38,,,1.0,-1.082495938707747,5.568167673283277,1.4459411,0.36886716,1.5323871,0.08846259
48.24,-6.36,,,1.0,-1.0810264207105351,5.567738668986289,1.4430436,0.3664996,1.5287377,0.090390205
48.24,-6.34,,,1.0,-1.079556866210214,5.567310095439991,1.4395549,0.3639623,1.524392,0.08966863
48.24,-6.32,,,1.0,-1.078087275270189,5.566881952563922,1.4354541,0.36128026,1.5193379,0.08467257
48.24,-6.3,,,1.0,-1.0766176479537792,5.566454240277686,1.4307228,0.3584442,1.5135567,0.08789444
48.24,-6.28,,,1.0,-1.0751479843242149,5.5660269585009505,1.4253509,0.35546005,1.5070405,0.08231473
48.24,-6.26,,,1.0,-1.0736782844446429,5.565600107153455,1.4193103,0.3523453,1.499769,0.08314109
48.24,-6.2400002,,,1.0,-1.0722085483781212,5.565173686154997,1.4126015,0.349082,1.4917347,0.081163526
48.24,-6.2200003,,,1.0,-1.070738776187623,5.564747695425447,1.4051973,0.3456967,1.482917,0.08133125
48.24,-6.2000003,,,1.0,-1.0692689679360348,5.564322134884738,1.397078,0.3421983,1.4733025,0.07804465
48.24,-6.1800003,,,1.0,-1.067799123686156,5.563897004452872,1.3882567,0.33856922,1.4628963,0.079241276
48.24,-6.1600003,,,1.0,-1.066329243500701,5.563472304049912,1.3786875,0.3348434,1.4516674,0.07533324
48.24,-6.1400003,,,1.0,-1.0648593274422995,5.563048033595995,1.3683759,0.33100957,1.4396185,0.076055765
48.24,-6.1200004,,,1.0,-1.0633893755734916,5.562624193011317,1.35729,0.32709062,1.4267423,0.073577404
48.24,-6.1,,,1.0,-1.0619193529090412,5.56220077212636,1.3454444,0.32308316,1.4130311,0.06990957
48.24,-6.08,,,1.0,-1.060449329605859,5.561777791051268,1.3328166,0.31900084,1.3984671,0.07241082
48.24,-6.06,,,1.0,-1.058979270679386,5.561355239606412,1.3193867,0.31485486,1.3830644,0.068779945
48.24,-6.04,,,1.0,-1.057509176191824,5.5609331177122545,1.3051571,0.31064522,1.3668022,0.067528605
48.24,-6.02,,,1.0,-1.0560390462052869,5.560511425289326,1.290125,0.30638695,1.3496872,0.06630266
48.24,-6.0,,,1.0,-1.054568880781805,5.560090162258226,1.274268,0.30208665,1.3317136,0.06344724
48.24,-5.98,,,1.0,-1.0530986799833222,5.559669328539616,1.2575904,0.29775637,1.3128872,0.06202805
48.24,-5.96,,,1.0,-1.051628443871699,5.55924892405423,1.2400934,0.29341006,1.2932101,0.06286955
48.24,-5.94,,,1.0,-1.05015817250871,5.558828948722862,1.2217547,0.28904223,1.2726794,0.058865786
48.24,-5.9,,,1.0,-1.0472175242753086,5.557990285205712,1.1826001,0.28031957,1.2291104,0.057667255
48.24,-5.88,,,1.0,-1.0457471475280224,5.557571596861855,1.161784,0.27598345,1.206088,0.053436518
48.24,-5.8,,,1.0,-1.0398652911008326,5.5559011310768405,1.0703335,0.25902092,1.1059848,0.04839635
48.24,-5.78,,,1.0,-1.038394739940651,5.555484586134347,1.0454633,0.2549337,1.0790477,0.04690206
48.24,-5.7400002,,,1.0,-1.035453533583626,5.5546527815034255,0.9934526,0.24701178,1.0230396,0.043531895
48.24,-5.7200003,,,1.0,-1.0339828785085616,5.554237521657997,0.96631694,0.24320656,0.99401814,0.03826809
48.24,-5.7000003,,,1.0,-1.0325121889168425,5.553822690021366,0.9384802,0.23951232,0.9643578,0.039466023
48.24,-5.6800003,,,1.0,-1.0310414648691486,5.5534082865152,0.90997547,0.23594081,0.93410057,0.03831196
48.24,-5.6600003,,,1.0,-1.0295707064260764,5.552994311061233,0.8807827,0.23250747,0.90326905,0.037890553
48.24,-5.58,,,1.0,-1.023687294839703,5.5513426783803235,0.7581644,0.22032309,0.7750672,0.02837944
48.24,-5.52,,,1.0,-1.0192744042548636,5.550108451991293,0.66113293,0.21307904,0.6750597,0.02595377
48.24,-5.44,,,1.0,-1.013390075629718,5.5484688004430955,0.52750665,0.20638144,0.5392617,0.028245568
48.24,-5.42,,,1.0,-1.01191890913759,5.548059955545395,0.493729,0.2052893,0.5052659,0.027793884
48.24,-5.36,,,1.0,-1.0075052082078424,5.546835982788209,0.39251834,0.2034688,0.40411815,0.025774479
48.24,-5.32,,,1.0,-1.0045625736368975,5.54602213512429,0.32580048,0.2035287,0.33802268,0.026875854
48.24,-5.3,,,1.0,-1.0030912063436697,5.545615851313231,0.29285917,0.20394802,0.30555677,0.025449753
48.24,-5.28,,,1.0,-1.00161980579067,5.545209994080102,0.26029253,0.20463228,0.27354518,0.028132796
48.24,-5.2400002,,,1.0,-0.9986769051410674,5.544399559040036,0.19648916,0.20679379,0.21113642,0.029373646
48.24,-5.2200003,,,1.0,-0.9972054051621152,5.543994981079467,0.1653784,0.2082712,0.18083845,0.02874732
48.24,-5.2000003,,,1.0,-0.995733872158695,5.543590829389566,0.13488726,0.21001709,0.15121177,0.029670358
48.24,-5.1600003,,,1.0,-0.9927907073128598,5.5427838045152535,0.075917765,0.2142728,0.09415776,0.030732036
48.24,-5.1400003,,,1.0,-0.991319075587448,5.542380931177753,0.04754367,0.2167958,0.06679864,0.034065485
48.24,-5.1200004,,,1.0,-0.9898474110715736,5.541978483804743,0.019973544,0.21957004,0.040283933,0.0330559
48.24,-5.1000004,,,1.0,-0.9883757138235352,5.541576462319853,-0.006750527,0.22259402,0.014630025,0.03279853
48.24,-5.08,,,1.0,-0.9869039488123535,5.541174857077053,-0.032621484,0.22585773,-0.010126334,0.036881328
48.24,-5.06,,,1.0,-0.9854321862737871,5.540773687149697,-0.05756873,0.22935534,-0.033959016,0.038996696
48.24,-5.04,,,1.0,-0.9839603911774728,5.540372942881741,-0.081569456,0.23309839,-0.056852527,0.040398836
48.24,-5.02,,,1.0,-0.9824885635813893,5.539972624197087,-0.104612805,0.2370711,-0.07877543,0.03878641
48.24,-5.0,,,1.0,-0.981016703543432,5.539572731019698,-0.12666701,0.24126416,-0.09972195,0.041796684
48.24,-4.98,,,1.0,-0.9795448111214198,5.53917326327361,-0.14771007,0.24568355,-0.11967397,0.044418573
48.24,-4.96,,,1.0,-0.9780728863730892,5.538774220882924,-0.16773303,0.25028753,-0.138631,0.048135996
48.24,-4.94,,,1.0,-0.9766009293560972,5.538375603771814,-0.18673399,0.25511009,-0.15657139,0.048851013
48.24,-4.92,,,1.0,-0.9751289401280212,5.537977411864518,-0.20469679,0.26011187,-0.17350262,0.050751686
48.24,-4.88,,,1.0,-0.9721848652685297,5.537182303358667,-0.23749408,0.2706712,-0.20432442,0.056494713
48.24,-4.86,,,1.0,-0.97071277975187,5.536785386608931,-0.2523348,0.27619362,-0.21823712,0.059118986
48.24,-4.84,,,1.0,-0.9692406622536398,5.53638889476065,-0.26612368,0.28189278,-0.23114024,0.061950207
48.24,-4.82,,,1.0,-0.967768512831019,5.535992827738405,-0.2788995,0.2877071,-0.24305858,0.061281323
48.24,-4.8,,,1.0,-0.9662963315411084,5.5355971854668455,-0.2906441,0.293688,-0.2540045,0.066737175
48.24,-4.78,,,1.0,-0.9648241184409286,5.53520196787069,-0.3013781,0.2997908,-0.2639852,0.070440054
48.24,-4.76,,,1.0,-0.9633518735874222,5.534807174874724,-0.31112158,0.30600023,-0.27302355,0.07252169
48.24,-4.7400002,,,1.0,-0.9618795970374534,5.534412806403806,-0.31989208,0.3123297,-0.28113207,0.075648665
48.24,-4.7200003,,,1.0,-0.960407288847806,5.5340188623828555,-0.3277006,0.3187461,-0.28832662,0.07961357
48.24,-4.7000003,,,1.0,-0.9589349490751862,5.533625342736868,-0.33456516,0.32525837,-0.29463914,0.08346343
48.24,-4.6800003,,,1.0,-0.9574625777762208,5.533232247390903,-0.34051144,0.33184218,-0.30009443,0.0865134
48.24,-4.6600003,,,1.0,-0.955990175007459,5.532839576270091,-0.3455639,0.33849204,-0.30469996,0.08801556
48.24,-4.6400003,,,1.0,-0.9545177408253708,5.5324473292996315,-0.34973878,0.34521216,-0.3084863,0.0936265
48.24,-4.6200004,,,1.0,-0.9530452752863476,5.532055506404791,-0.35307494,0.35196424,-0.31147873,0.09600663
48.24,-4.6000004,,,1.0,-0.9515727784467046,5.531664107510906,-0.35558406,0.35877252,-0.313706,0.10206199
48.26,-9.94,,,1.0,-1.342664988063459,5.653660530311268,0.25481176,0.5003262,0.24392922,0.06786132
48.26,-9.92,,,1.0,-1.3412037677484718,5.6531535951052225,0.2618155,0.49106163,0.25140974,0.063607454
48.26,-9.9,,,1.0,-1.3397424283467283,5.652647081702037,0.2689783,0.48189372,0.25907832,0.059651017
48.26,-9.86,,,1.0,-1.336819671322552,5.651635416588828,0.28372902,0.4639107,0.27498513,0.05280769
48.26,-9.78,,,1.0,-1.3309735679243238,5.649617433929641,0.314891,0.4294653,0.3089529,0.042480588
48.26,-9.76,,,1.0,-1.3295119546101233,5.649114063805939,0.32300112,0.42120618,0.3178683,0.0405159
48.26,-9.74,,,1.0,-1.3280502228322968,5.6486111149255755,0.33121935,0.41310823,0.32693902,0.038788438
48.26,-9.72,,,1.0,-1.3265885120690135,5.648108635161465,0.339547,0.40516233,0.33616734,0.037349463
48.26,-9.7,,,1.0,-1.325126682996875,5.6476065765013495,0.34797144,0.39738333,0.34552896,0.03605914
48.26,-9.68,,,1.0,-1.32366487510312,5.647104986733371,0.35648632,0.38976926,0.3550261,0.034941554
48.26,-9.66,,,1.0,-1.322202949054876,5.646603817930258,0.3650916,0.38232517,0.36465782,0.034023523
48.26,-9.64,,,1.0,-1.320741044348421,5.646103117795409,0.37376693,0.37505233,0.37439936,0.033247113
48.26,-9.62,,,1.0,-1.319279021641443,5.645602838486519,0.38250932,0.36795747,0.38425425,0.032625437
48.26,-9.6,,,1.0,-1.3178170204392292,5.645103027622273,0.39132014,0.36104012,0.39421454,0.03215742
48.26,-9.58,,,1.0,-1.3163549013900535,5.644603637445294,0.4001776,0.3542987,0.40425497,0.031803846
48.26,-9.56,,,1.0,-1.3148928040081869,5.644104715489595,0.40907726,0.3477385,0.4143813,0.03157389
48.26,-9.54,,,1.0,-1.3134305889325202,5.643606214082686,0.41801107,0.34136164,0.42457598,0.03143549
48.26,-9.52,,,1.0,-1.3119683956862749,5.6431081806739405,0.42697233,0.33516324,0.43482527,0.031433582
48.26,-9.5,,,1.0,-1.310506084898993,5.642610567675731,0.43595424,0.32914674,0.4451285,0.03144455
48.26,-9.4800005,,,1.0,-1.3090437961028154,5.642113422452826,0.44494584,0.32330924,0.45546848,0.031615257
48.26,-9.46,,,1.0,-1.307581389917967,5.6416166975024185,0.45393717,0.317652,0.4658348,0.031864524
48.26,-9.440001,,,1.0,-1.306119005885475,5.641120440104706,0.46292672,0.31216896,0.4762153,0.0322752
48.26,-9.42,,,1.0,-1.3046565046162777,5.640624602841672,0.4719025,0.30686533,0.48660156,0.03261113
48.26,-9.4,,,1.0,-1.3031939559209769,5.640129209297893,0.48086414,0.30172783,0.49697897,0.033052802
48.26,-9.38,,,1.0,-1.3017314296191178,5.639634282973367,0.48979583,0.29676294,0.5073405,0.033622265
48.26,-9.36,,,1.0,-1.3002687863077584,5.639139776577206,0.49869484,0.2919594,0.51766825,0.034164667
48.26,-9.34,,,1.0,-1.298806165550027,5.638645737178325,0.50756216,0.28732193,0.527966,0.034646273
48.26,-9.3,,,1.0,-1.2958807130309042,5.637658964738316,0.5251531,0.27851504,0.5483975,0.035952687
48.26,-9.28,,,1.0,-1.2944178814200913,5.637166231560139,0.5338805,0.2743311,0.5585205,0.036770344
48.26,-9.26,,,1.0,-1.2929550726820072,5.636673964936061,0.54254663,0.270298,0.56856334,0.03739834
48.26,-9.24,,,1.0,-1.2914921473861614,5.636182117829201,0.5511513,0.26640505,0.5785247,0.03820622
48.26,-9.22,,,1.0,-1.2900292451219584,5.635690737055231,0.5596899,0.26264238,0.58839095,0.03895259
48.26,-9.2,,,1.0,-1.2885662264497844,5.635199775661876,0.5681667,0.2590037,0.5981542,0.039705157
48.26,-9.18,,,1.0,-1.2871032309677457,5.634709280380458,0.576576,0.25549585,0.60781205,0.04038024
48.26,-9.16,,,1.0,-1.2856401192271332,5.6342192043432675,0.5849039,0.2521003,0.61735344,0.04109192
48.26,-9.14,,,1.0,-1.2841770308347282,5.63372959419732,0.5931612,0.2488246,0.62677306,0.041883588
48.26,-9.12,,,1.0,-1.282713826332755,5.633240403159438,0.6013428,0.24564552,0.6360704,0.04267013
48.26,-9.1,,,1.0,-1.2812506453366388,5.63275167779236,0.60944617,0.24257165,0.64522755,0.043351173
48.26,-9.08,,,1.0,-1.2797873483795703,5.632263371397406,0.6174677,0.23959082,0.6542497,0.04395044
48.26,-9.06,,,1.0,-1.278324075085587,5.631775530453073,0.62540555,0.23670387,0.6631325,0.044653654
48.26,-9.04,,,1.0,-1.2768606859788776,5.631288108345148,0.6332633,0.23389709,0.6718742,0.045373797
48.26,-9.02,,,1.0,-1.275397320692066,5.630801151467916,0.6410348,0.23117244,0.68046093,0.04584956
48.26,-9.0,,,1.0,-1.2739338397403628,5.630314613291605,0.6487268,0.22851801,0.6889034,0.046428204
48.26,-8.9800005,,,1.0,-1.2724703827649495,5.629828540126317,0.6563314,0.22594297,0.6971907,0.04699707
48.26,-8.96,,,1.0,-1.2710068102720922,5.629342885526676,0.66385347,0.22343206,0.7053262,0.047397614
48.26,-8.940001,,,1.0,-1.2695432619115024,5.628857695718651,0.6712919,0.2209776,0.71331114,0.047909975
48.26,-8.92,,,1.0,-1.2680795981805268,5.628372924341229,0.678646,0.21858704,0.7211406,0.048220634
48.26,-8.9,,,1.0,-1.2666158889427963,5.6278885944526715,0.6859167,0.2162497,0.72882015,0.048555255
48.26,-8.88,,,1.0,-1.265152204070517,5.627404729027094,0.69310844,0.21396154,0.7363465,0.048600912
48.26,-8.86,,,1.0,-1.2636884040477188,5.626921281829975,0.70021933,0.21172315,0.7437225,0.049198627
48.26,-8.84,,,1.0,-1.2622246285453098,5.626438298877067,0.7072522,0.20953226,0.75095373,0.049472213
48.26,-8.82,,,1.0,-1.2607607380384764,5.625955734018139,0.7142034,0.20738709,0.7580408,0.04911053
48.26,-8.8,,,1.0,-1.2592968722065554,5.62547363318492,0.7210794,0.20528728,0.7649945,0.04974389
48.26,-8.78,,,1.0,-1.257832891515919,5.624991950311421,0.727888,0.20322096,0.7718034,0.049007654
48.26,-8.76,,,1.0,-1.256368935654304,5.624510731245386,0.73461956,0.20120227,0.7784852,0.04882264
48.26,-8.74,,,1.0,-1.254904865079299,5.624029930005042,0.7412897,0.19921821,0.7850443,0.048791647
48.26,-8.72,,,1.0,-1.253440819487014,5.623549592354175,0.747887,0.197281,0.79148084,0.04902661
48.26,-8.7,,,1.0,-1.251976659326281,5.623069672395195,0.7544304,0.19537812,0.797812,0.04925239
48.26,-8.68,,,1.0,-1.2505125243015545,5.622590215807969,0.7609195,0.19351399,0.8040275,0.047893763
48.26,-8.66,,,1.0,-1.2490482748529397,5.622111176779051,0.7673469,0.19169688,0.8101456,0.04717946
48.26,-8.64,,,1.0,-1.247584050693208,5.621632600904422,0.77372885,0.18991864,0.816174,0.047041416
48.26,-8.62,,,1.0,-1.246119712253765,5.621154442454755,0.78006136,0.18818736,0.8221136,0.046672583
48.26,-8.6,,,1.0,-1.2446553992556737,5.62067674694217,0.7863535,0.18650025,0.82798284,0.045358896
48.26,-8.58,,,1.0,-1.243190972121669,5.620199468721426,0.7926145,0.18485928,0.8337817,0.04507518
48.26,-8.56,,,1.0,-1.241726570581073,5.619722653220823,0.7988329,0.18327296,0.83952457,0.044393063
48.26,-8.54,,,1.0,-1.2402620550479808,5.619246254879166,0.80502653,0.18174028,0.8452116,0.043520927
48.26,-8.52,,,1.0,-1.238797565259949,5.618770319040968,0.8111991,0.1802609,0.8508507,0.043025136
48.26,-8.5,,,1.0,-1.237332961622459,5.6182948002290525,0.8173478,0.1788441,0.85645694,0.04337442
48.26,-8.4800005,,,1.0,-1.2358683838812738,5.617819743704179,0.8234755,0.17749023,0.8620382,0.04104376
48.26,-8.46,,,1.0,-1.2344036924332913,5.6173451040731495,0.82958496,0.17620766,0.8675973,0.04082513
48.26,-8.440001,,,1.0,-1.232939027032451,5.616870926513005,0.8356904,0.17499435,0.87314254,0.039787292
48.26,-8.42,,,1.0,-1.2314742480670977,5.616397165714498,0.84179085,0.17385364,0.87867916,0.039399385
48.26,-8.4,,,1.0,-1.230009425451693,5.615923844212244,0.8478752,0.1727966,0.8842077,0.038003087
48.26,-8.38,,,1.0,-1.228544629108932,5.615450984457129,0.8539571,0.17182338,0.8897438,0.037163854
48.26,-8.36,,,1.0,-1.227079719414376,5.614978541265772,0.86002785,0.17094052,0.8952852,0.036560655
48.26,-8.34,,,1.0,-1.2256148361422905,5.6145065596060535,0.86610246,0.17014623,0.90085006,0.035390615
48.26,-8.32,,,1.0,-1.2241498396597537,5.6140349943784615,0.87217474,0.16945094,0.9064155,0.03445959
48.26,-8.3,,,1.0,-1.2226848697491128,5.613563890467276,0.8782364,0.16885746,0.91200894,0.033299685
48.26,-8.28,,,1.0,-1.2212197867689882,5.6130932028568115,0.88428706,0.16837347,0.91762495,0.03297484
48.26,-8.26,,,1.0,-1.219754730509783,5.612622976347782,0.8903386,0.16799629,0.92325914,0.032178283
48.26,-8.24,,,1.0,-1.2182895613216878,5.612153166008305,0.8963768,0.16773582,0.92890877,0.0315423
48.26,-8.22,,,1.0,-1.216824419003135,5.611683816555555,0.90239793,0.1675961,0.93459255,0.030771494
48.26,-8.2,,,1.0,-1.2153591638959145,5.611214883141419,0.9084134,0.16758049,0.94029707,0.030025601
48.26,-8.16,,,1.0,-1.212428595068181,5.610278353565617,0.92038786,0.16793442,0.95178944,0.028586388
48.26,-8.14,,,1.0,-1.2109632814954925,5.609810757189774,0.9263627,0.16830444,0.9575779,0.028197527
48.26,-8.08,,,1.0,-1.2065669455051973,5.608410551530117,0.9441392,0.17026871,0.97509146,0.026627421
48.26,-8.04,,,1.0,-1.2036358659152822,5.607479277694327,0.9558923,0.17230129,0.9869053,0.025911331
48.26,-8.02,,,1.0,-1.2021702976112485,5.607014308352183,0.96175027,0.17353433,0.9928607,0.025446773
48.26,-7.94,,,1.0,-1.1963074283225736,5.605158750213203,0.98507124,0.17997724,1.0170383,0.024769187
48.26,-7.9,,,1.0,-1.193375759328529,5.6042336002664985,0.996763,0.18408602,1.0293999,0.024260044
48.26,-7.88,,,1.0,-1.1919098621236266,5.603771680889745,1.0026336,0.18636394,1.0356787,0.024615765
48.26,-7.86,,,1.0,-1.1904439232074866,5.603310198463656,1.0085404,0.18877852,1.0420152,0.024614334
48.26,-7.8,,,1.0,-1.1860458568950858,5.601928372037447,1.0265207,0.19686198,1.0615071,0.025096178
48.26,-7.76,,,1.0,-1.1831136054186382,5.60100933761253,1.0388347,0.20289993,1.0749748,0.025714636
48.26,-7.7400002,,,1.0,-1.1816474177100047,5.6005504751029225,1.0451092,0.20609951,1.0818752,0.025576115
48.26,-7.7200003,,,1.0,-1.1801811887808995,5.600092048948735,1.0514723,0.20942134,1.0888906,0.025804639
48.26,-7.6600003,,,1.0,-1.17578225536761,5.598719387771161,1.0712,0.22000694,1.1106999,0.027263641
48.26,-7.64,,,1.0,-1.1743158272909495,5.598262695308494,1.0780003,0.22372794,1.1182443,0.0276618
48.26,-7.62,,,1.0,-1.1728493933026285,5.597806449671306,1.0849339,0.2275331,1.1259314,0.02807784
48.26,-7.6,,,1.0,-1.171382918510829,5.597350639881783,1.0919902,0.23141015,1.1337665,0.028574228
48.26,-7.58,,,1.0,-1.1699164029847229,5.596895265855521,1.099176,0.23536313,1.1417503,0.028990507
48.26,-7.56,,,1.0,-1.1684498467933886,5.596440327508182,1.1064972,0.23937988,1.1498784,0.029471993
48.26,-7.54,,,1.0,-1.1669832500058124,5.595985824755489,1.1139411,0.24344993,1.1581614,0.029453516
48.26,-7.52,,,1.0,-1.1655166126908856,5.595531757513227,1.1215185,0.2475766,1.1665907,0.03037858
48.26,-7.5,,,1.0,-1.1640499349174065,5.595078125697246,1.1292211,0.2517401,1.1751578,0.030804157
48.26,-7.48,,,1.0,-1.1625832167540848,5.594624929223461,1.1370554,0.25593412,1.1838695,0.031220913
48.26,-7.46,,,1.0,-1.1611164582695324,5.5941721680078516,1.1449982,0.26016688,1.1927192,0.03186345
48.26,-7.44,,,1.0,-1.1596496595322725,5.593719841966455,1.1530603,0.26441222,1.201696,0.032529354
48.26,-7.42,,,1.0,-1.1581828206107323,5.593267951015378,1.1612267,0.2686739,1.2107937,0.032883167
48.26,-7.4,,,1.0,-1.156715941573249,5.592816495070788,1.1694946,0.2729354,1.22,0.033510923
48.26,-7.38,,,1.0,-1.155249022488068,5.5923654740489175,1.1778514,0.27719676,1.229318,0.0338161
48.26,-7.36,,,1.0,-1.153782063423342,5.591914887866063,1.1862885,0.2814451,1.2387346,0.034565926
48.26,-7.32,,,1.0,-1.1508480256274,5.591015019682904,1.2033606,0.2898863,1.2577945,0.03681183
48.26,-7.3,,,1.0,-1.149380947032031,5.590565737515511,1.211972,0.2940668,1.2674241,0.037202597
48.26,-7.26,,,1.0,-1.1464466707854173,5.589668476611855,1.2292916,0.3022976,1.2868228,0.037742853
48.26,-7.2400002,,,1.0,-1.1449794732694678,5.5892204977088875,1.2379758,0.3063383,1.2965652,0.03930831
48.26,-7.2200003,,,1.0,-1.1435122362484684,5.588772953060798,1.2466565,0.31032455,1.3063147,0.041823745
48.26,-7.2000003,,,1.0,-1.142044959789838,5.588325842584394,1.2553322,0.31423354,1.3160642,0.041717887
48.26,-7.1800003,,,1.0,-1.1405776439609032,5.5878791661965455,1.2639707,0.31808144,1.3257923,0.042177558
48.26,-7.1600003,,,1.0,-1.1391102888289029,5.587432923814192,1.2725744,0.32184678,1.335492,0.043292284
48.26,-7.1400003,,,1.0,-1.1376428944609795,5.586987115354332,1.2811228,0.3255344,1.3451512,0.04481423
48.26,-7.12,,,1.0,-1.1361754259373495,5.586541730120633,1.2896042,0.32912374,1.3547546,0.044252396
48.26,-7.08,,,1.0,-1.133240441623076,5.585652282087964,1.3063269,0.33601034,1.3737266,0.044874907
48.26,-7.04,,,1.0,-1.1303053014357338,5.584764568419908,1.3226334,0.34247178,1.3923082,0.049124837
48.26,-7.02,,,1.0,-1.1288376730563356,5.584321361765955,1.3306075,0.34552503,1.4014183,0.05176735
48.26,-7.0,,,1.0,-1.1273700059084997,5.583878588455299,1.3384415,0.34846032,1.4103911,0.05142057
48.26,-6.98,,,1.0,-1.1259023000586463,5.583436248405456,1.3461263,0.3512627,1.4192103,0.051360488
48.26,-6.96,,,1.0,-1.1244345555731072,5.5829943415340075,1.3536593,0.3539257,1.4278604,0.05728185
48.26,-6.94,,,1.0,-1.122966772518124,5.582552867758596,1.3610178,0.35645932,1.4363408,0.055669308
48.26,-6.92,,,1.0,-1.1214989509598474,5.5821118269969325,1.3682034,0.35884643,1.4446198,0.058582902
48.26,-6.9,,,1.0,-1.1200310909643407,5.581671219166792,1.3751951,0.3610853,1.4526943,0.06084001
48.26,-6.88,,,1.0,-1.1185631925975743,5.581231044186013,1.3819886,0.3631751,1.460549,0.06583345
48.26,-6.86,,,1.0,-1.1170952559254337,5.580791301972499,1.3885715,0.36510843,1.468167,0.062447667
48.26,-6.84,,,1.0,-1.1156272810137102,5.580351992444221,1.3949366,0.36688656,1.4755391,0.065811634
48.26,-6.82,,,1.0,-1.1141592679281076,5.5799131155192105,1.4010766,0.36849886,1.4826398,0.06586313
48.26,-6.8,,,1.0,-1.1126912167342422,5.579474671115566,1.406967,0.36994225,1.4894632,0.06447756
48.26,-6.78,,,1.0,-1.1112231274976374,5.579036659151452,1.4126071,0.37121785,1.49599,0.068474054
48.26,-6.76,,,1.0,-1.1097550002837302,5.5785990795450955,1.4179804,0.37232506,1.5022025,0.066986084
48.26,-6.7400002,,,1.0,-1.10828683515787,5.578161932214793,1.4230794,0.373255,1.5080864,0.0752157
48.26,-6.7200003,,,1.0,-1.106818632185314,5.577725217078901,1.427892,0.37400258,1.5136249,0.07519531
48.26,-6.7000003,,,1.0,-1.1053503914312328,5.577288934055842,1.4323903,0.3745814,1.5187929,0.07138777
48.26,-6.6800003,,,1.0,-1.1038821129607066,5.5768530830641065,1.436576,0.37497634,1.5235782,0.07159567
48.26,-6.6600003,,,1.0,-1.1024137968387309,5.576417664022248,1.4404361,0.37518144,1.527964,0.07491803
48.26,-6.6400003,,,1.0,-1.100945443130208,5.575982676848886,1.4439431,0.37521338,1.5319337,0.07726693
48.26,-6.62,,,1.0,-1.099477016890299,5.575548111107235,1.4470977,0.37504876,1.5354584,0.077439666
48.26,-6.58,,,1.0,-1.0965401221216422,5.574680295392058,1.4522457,0.37418097,1.5411165,0.07903516
48.26,-6.56,,,1.0,-1.0950716187133251,5.574247034890467,1.4542168,0.373469,1.54321,0.07974136
48.26,-6.54,,,1.0,-1.0936030780416626,5.573814205851443,1.4557619,0.37256992,1.5447925,0.081626415
48.26,-6.52,,,1.0,-1.0921345001710314,5.573381808194001,1.4568577,0.37149447,1.5458323,0.08531642
48.26,-6.5,,,1.0,-1.0906658851657205,5.572949841837217,1.4575007,0.37022972,1.5463256,0.08249426
48.26,-6.48,,,1.0,-1.089197233089929,5.57251830670023,1.4576582,0.36879158,1.5462409,0.08483827
48.26,-6.46,,,1.0,-1.0877285440077735,5.572087202702252,1.4573275,0.3671648,1.5455586,0.0832082
48.26,-6.44,,,1.0,-1.0862598179832763,5.571656529762555,1.4564812,0.36536938,1.544271,0.08358979
48.26,-6.42,,,1.0,-1.0847910550803788,5.571226287800476,1.4551054,0.36339766,1.5423536,0.08099806
48.26,-6.4,,,1.0,-1.083322255362933,5.570796476735422,1.4531772,0.3612569,1.5397872,0.085793495
48.26,-6.38,,,1.0,-1.0818534188947009,5.57036709648686,1.4506848,0.35894632,1.5365565,0.07933974
48.26,-6.36,,,1.0,-1.0803845457393606,5.56993814697433,1.4476042,0.35647488,1.5326377,0.08024502
48.26,-6.34,,,1.0,-1.0789156359605043,5.569509628117432,1.443924,0.35384476,1.5280265,0.078341246
48.26,-6.32,,,1.0,-1.0774466896216348,5.569081539835832,1.4396257,0.35105872,1.5226899,0.07771361
48.26,-6.3,,,1.0,-1.075977706786169,5.568653882049266,1.4346857,0.3481292,1.5166271,0.0802083
48.26,-6.28,,,1.0,-1.074508687517439,5.568226654677532,1.4290965,0.3450474,1.5098143,0.07608867
48.26,-6.26,,,1.0,-1.0730396318786874,5.567799857640494,1.4228325,0.34184062,1.5022469,0.07752848
48.26,-6.2400002,,,1.0,-1.0715705399330726,5.567373490858084,1.4158916,0.33848697,1.4938974,0.0743866
48.26,-6.2200003,,,1.0,-1.0701014117436656,5.5669475542503,1.4082454,0.33501828,1.4847616,0.07429099
48.26,-6.2000003,,,1.0,-1.068632247373452,5.566522047737203,1.3998796,0.33142924,1.4748222,0.07210016
48.26,-6.1800003,,,1.0,-1.0671630468853313,5.566096971238924,1.3907796,0.32772344,1.4640706,0.070828915
48.26,-6.1600003,,,1.0,-1.0656938103421163,5.565672324675657,1.3809319,0.323923,1.4525034,0.07481575
48.26,-6.1400003,,,1.0,-1.0642245378065354,5.565248107967664,1.3703325,0.3200183,1.440101,0.07252717
48.26,-6.1200004,,,1.0,-1.0627552293412292,5.564824321035271,1.3589612,0.31601775,1.4268596,0.06806207
48.26,-6.1,,,1.0,-1.0612858499763946,5.564400953710365,1.3468064,0.31194735,1.4127761,0.067662954
48.26,-6.08,,,1.0,-1.0598164698383683,5.563978026100664,1.3338581,0.30779654,1.3978343,0.06517637
48.26,-6.06,,,1.0,-1.0583470539580309,5.563555528027942,1.320098,0.30358672,1.3820318,0.064288855
48.26,-6.04,,,1.0,-1.05687760239768,5.563133459412793,1.3055332,0.29932177,1.365364,0.06508243
48.26,-6.02,,,1.0,-1.0554081152195325,5.562711820175873,1.2901478,0.29501307,1.3478451,0.061708093
48.26,-6.0,,,1.0,-1.053938592485716,5.562290610237907,1.2739359,0.29065382,1.3294544,0.06052339
48.26,-5.98,,,1.0,-1.0524690342582743,5.561869829519691,1.2568796,0.2862817,1.310195,0.05712104
48.26,-5.96,,,1.0,-1.0509994405991676,5.561449477942077,1.2390003,0.28188437,1.2900804,0.05807352
48.26,-5.94,,,1.0,-1.049529811570271,5.561029555425994,1.2202716,0.2774834,1.2691016,0.05155015
48.26,-5.86,,,1.0,-1.043650942991297,5.559354154397767,1.1369729,0.25998437,1.1767633,0.049788
48.26,-5.8,,,1.0,-1.039241423193523,5.558102104907852,1.0657904,0.24727541,1.0989841,0.04347372
48.26,-5.7400002,,,1.0,-1.0348315894947,5.556853911300235,0.9874583,0.2352556,1.0144502,0.03802204
48.26,-5.7200003,,,1.0,-1.033361575457646,5.55643870326103,0.9598412,0.23145258,0.9848859,0.03836322
48.26,-5.7000003,,,1.0,-1.031891526786712,5.556023923339645,0.931507,0.22775769,0.95467734,0.033108234
48.26,-5.6600003,,,1.0,-1.028951325786243,5.55519564753757,0.872793,0.22078049,0.8924723,0.0330863
48.26,-5.6200004,,,1.0,-1.026010986978535,5.554369083269141,0.8115509,0.2143836,0.8281281,0.032624602
48.26,-5.6000004,,,1.0,-1.0245407660482406,5.55395644276507,0.7800929,0.21143878,0.7952712,0.027186394
48.26,-5.58,,,1.0,-1.0230704757934423,5.553544220087741,0.7481168,0.20866263,0.76200956,0.030733109
48.26,-5.54,,,1.0,-1.020129862820034,5.552721077036698,0.68280786,0.2036851,0.6944905,0.024630547
48.26,-5.5,,,1.0,-1.0171891134871425,5.551899643651145,0.6160308,0.19953424,0.62599504,0.023735762
48.26,-5.46,,,1.0,-1.0142482282747032,5.551079919310517,0.5482236,0.1962598,0.55698067,0.025675654
48.26,-5.44,,,1.0,-1.0127777348632716,5.550670697838417,0.5140802,0.19496518,0.52243185,0.025643826
48.26,-5.42,,,1.0,-1.0113072076613316,5.550261903395321,0.47988313,0.19391173,0.48793083,0.023911953
48.26,-5.4,,,1.0,-1.0098366467285034,5.5498535359039645,0.44565398,0.19310147,0.45356002,0.023676157
48.26,-5.38,,,1.0,-1.008366052124327,5.5494455952871435,0.41151008,0.19254833,0.419361,0.025223732
48.26,-5.36,,,1.0,-1.006895423908259,5.549038081467728,0.3774835,0.19224215,0.38540995,0.024910688
48.26,-5.34,,,1.0,-1.0054247621396766,5.548630994368652,0.343654,0.19218677,0.35177064,0.024095774
48.26,-5.32,,,1.0,-1.0039540668778713,5.548224333912914,0.31008518,0.19239968,0.31850505,0.024200082
48.26,-5.3,,,1.0,-1.0024833381820564,5.547818100023585,0.2768574,0.1928662,0.28566632,0.025314331
48.26,-5.28,,,1.0,-1.0010125761113624,5.547412292623804,0.24402766,0.19360948,0.2533226,0.024981737
48.26,-5.26,,,1.0,-0.999541780724838,5.547006911636773,0.2116595,0.19461644,0.22152267,0.025859594
48.26,-5.2400002,,,1.0,-0.9980709520814518,5.546601956985767,0.1798067,0.19588274,0.19033645,0.025886178
48.26,-5.2200003,,,1.0,-0.9966000902400892,5.546197428594123,0.14853765,0.19741094,0.15979318,0.026441574
48.26,-5.2000003,,,1.0,-0.995129195259556,5.545793326385251,0.11791008,0.19920862,0.12995705,0.029475927
48.26,-5.1800003,,,1.0,-0.9936582671985764,5.545389650282623,0.08798058,0.20126414,0.100872785,0.02858162
48.26,-5.1600003,,,1.0,-0.9921873061157944,5.544986400209784,0.058790296,0.20358002,0.07257892,0.03003335
48.26,-5.1400003,,,1.0,-0.9907163120697712,5.5445835760903455,0.030404251,0.20615458,0.045121055,0.03045404
48.26,-5.1200004,,,1.0,-0.9892452851189898,5.544181177847987,0.0028311377,0.20897895,0.018531071,0.03261137
48.26,-5.1000004,,,1.0,-0.9877742253218502,5.5437792054064525,-0.023846503,0.21205479,-0.0071556056,0.03461194
48.26,-5.08,,,1.0,-0.9863030976626692,5.543377649121003,-0.049623515,0.21537197,-0.031917278,0.03569722
48.26,-5.06,,,1.0,-0.9848319723469158,5.542976528062778,-0.074449115,0.21893048,-0.055710997,0.03649628
48.26,-5.04,,,1.0,-0.9833608143595254,5.542575832577023,-0.09829725,0.2227276,-0.07853366,0.034754515
48.26,-5.02,,,1.0,-0.9818896237585788,5.542175562587756,-0.12116085,0.22674274,-0.100364454,0.036700726
48.26,-5.0,,,1.0,-0.9804184006020744,5.541775718019066,-0.14299594,0.2309835,-0.121168844,0.041639566
48.26,-4.98,,,1.0,-0.9789471449479318,5.541376298795105,-0.16379544,0.23543656,-0.1409548,0.04115057
48.26,-4.96,,,1.0,-0.9774758568539896,5.540977304840094,-0.18355286,0.24010098,-0.15971258,0.043790102
48.26,-4.94,,,1.0,-0.9760045363780078,5.540578736078327,-0.20224266,0.24495357,-0.17742005,0.045666575
48.26,-4.92,,,1.0,-0.9745331835776648,5.54018059243416,-0.21987298,0.250008,-0.19409493,0.046592116
48.26,-4.9,,,1.0,-0.9730617985105616,5.5397828738320225,-0.23644114,0.25523472,-0.20972301,0.050497532
48.26,-4.88,,,1.0,-0.9715903812342178,5.539385580196408,-0.25192916,0.2606337,-0.22432204,0.054469705
48.26,-4.86,,,1.0,-0.9701189318060752,5.5389887114518785,-0.26635882,0.26620126,-0.23788315,0.056812882
48.26,-4.84,,,1.0,-0.9686474502834944,5.538592267523069,-0.2797298,0.2719121,-0.25042585,0.058866024
48.26,-4.82,,,1.0,-0.9671759367237568,5.538196248334675,-0.29204133,0.27778608,-0.26195893,0.061903954
48.26,-4.8,,,1.0,-0.965704391184067,5.537800653811469,-0.30333167,0.28377676,-0.2724993,0.0636965
48.26,-4.78,,,1.0,-0.9642328137215478,5.537405483878286,-0.31357884,0.28990364,-0.28204954,0.067377806
48.26,-4.76,,,1.0,-0.9627612043932444,5.537010738460029,-0.32282218,0.29614168,-0.29063803,0.06955385
48.26,-4.7400002,,,1.0,-0.9612895632561224,5.536616417481672,-0.33107123,0.30248982,-0.29828957,0.071367025
48.26,-4.7200003,,,1.0,-0.9598178903670702,5.536222520868259,-0.33835477,0.30893123,-0.3050077,0.07618332
48.26,-4.7000003,,,1.0,-0.9583461857828948,5.535829048544899,-0.34468308,0.31544566,-0.3108296,0.07870722
48.26,-4.6800003,,,1.0,-0.956874449560327,5.535436000436771,-0.35008198,0.32204366,-0.31577033,0.0822736
48.26,-4.6600003,,,1.0,-0.9554026817560176,5.535043376469123,-0.35457888,0.32870793,-0.31986442,0.086211324
48.26,-4.6400003,,,1.0,-0.95393088242654,5.534651176567269,-0.35819444,0.33542246,-0.32312432,0.08944166
48.28,-9.94,,,1.0,-1.3419053435600414,5.655848834879424,0.2569159,0.49538624,0.24374402,0.066894054
48.28,-9.9,,,1.0,-1.3389841197024128,5.654835534491911,0.27101198,0.47689384,0.2586394,0.058951497
48.28,-9.84,,,1.0,-1.3346019479688227,5.653318938869375,0.29326344,0.45000213,0.2824091,0.049310446
48.28,-9.76,,,1.0,-1.328758317154145,5.651303031575715,0.32482547,0.41600853,0.3166205,0.04030204
48.28,-9.74,,,1.0,-1.3272972521619024,5.650800155786176,0.33301505,0.4078877,0.3255898,0.038612604
48.28,-9.7,,,1.0,-1.3243750454578196,5.6497957631818965,0.34971663,0.39212334,0.34399068,0.03589344
48.28,-9.66,,,1.0,-1.3214526441036998,5.648793149954162,0.36679482,0.37702656,0.36295924,0.034039497
48.28,-9.64,,,1.0,-1.319991405471728,5.648292522310937,0.37545943,0.36973822,0.3726336,0.0333004
48.28,-9.6,,,1.0,-1.317068713336547,5.647292576768633,0.39298943,0.35569465,0.3923238,0.032271743
48.28,-9.56,,,1.0,-1.3141458281378104,5.646294408793317,0.4107469,0.3423679,0.41241944,0.031746984
48.28,-9.54,,,1.0,-1.31268427849124,5.645795979289641,0.4196945,0.33597863,0.4225961,0.03165698
48.28,-9.5,,,1.0,-1.3097611048787738,5.644800476332181,0.43767625,0.32374078,0.44314134,0.03175211
48.28,-9.46,,,1.0,-1.306837739778863,5.643806749138,0.45572928,0.3122264,0.46388695,0.032185674
48.28,-9.440001,,,1.0,-1.3053760204688256,5.643310563052154,0.4647645,0.30673885,0.47430685,0.032504797
48.28,-9.4,,,1.0,-1.302452299608542,5.642319474524642,0.48282042,0.29627717,0.49519715,0.03326726
48.28,-9.36,,,1.0,-1.2995284585296694,5.641330183612585,0.5008203,0.28649843,0.51607627,0.034295082
48.28,-9.34,,,1.0,-1.298066501821686,5.640836214941493,0.50978047,0.28185302,0.5264834,0.034868836
48.28,-9.3,,,1.0,-1.2951423770309851,5.639849583611516,0.52760136,0.2730369,0.54720104,0.036131024
48.28,-9.26,,,1.0,-1.292218063874113,5.638864724455092,0.54525805,0.26481736,0.56770253,0.03746867
48.28,-9.24,,,1.0,-1.2907558019891672,5.638372947499124,0.55401164,0.2609176,0.5778526,0.038051724
48.28,-9.2,,,1.0,-1.2878312074415486,5.637390745283616,0.5713614,0.2535162,0.59791106,0.039575815
48.28,-9.16,,,1.0,-1.2849064260730425,5.636410313455676,0.5884695,0.24660963,0.6175842,0.04101932
48.28,-9.14,,,1.0,-1.2834440003916538,5.635920772880858,0.5969215,0.2433272,0.627265,0.041698813
48.28,-9.1,,,1.0,-1.2805189399471382,5.634942995277132,0.61362493,0.23707622,0.64627475,0.04301822
48.28,-9.06,,,1.0,-1.2775936942168395,5.633966986280973,0.63003576,0.23121047,0.66476464,0.04418969
48.28,-9.04,,,1.0,-1.2761309671867056,5.633479633174845,0.63812613,0.2284078,0.67381203,0.044823766
48.28,-9.0,,,1.0,-1.2732054446710512,5.632506275779534,0.6540699,0.2230447,0.6914786,0.04589653
48.28,-8.96,,,1.0,-1.2702797383946192,5.6315346852177495,0.6696985,0.21795917,0.70856214,0.046939254
48.28,-8.940001,,,1.0,-1.268816851415273,5.631049563839385,0.6773878,0.2155155,0.71688545,0.047146797
48.28,-8.9,,,1.0,-1.265890800874753,5.630080599099436,0.69252664,0.21080041,0.73307633,0.04781747
48.28,-8.86,,,1.0,-1.262964637847111,5.629113422547427,0.70734155,0.20629632,0.74866897,0.048204422
48.28,-8.84,,,1.0,-1.2615015230644382,5.628630507459094,0.714626,0.20411855,0.75623703,0.048424363
48.28,-8.8,,,1.0,-1.2585750878006587,5.627665977161765,0.72896785,0.19989717,0.77095056,0.04844773
48.28,-8.76,,,1.0,-1.2556484717959804,5.626703210167962,0.74300826,0.19584316,0.78511375,0.04829192
48.28,-8.74,,,1.0,-1.2541850613129484,5.62622247623405,0.7499167,0.19388199,0.79199535,0.048081875
48.28,-8.7,,,1.0,-1.2512581753177556,5.625262352898527,0.76354086,0.19007516,0.8053935,0.04725325
48.28,-8.66,,,1.0,-1.2483311100766574,5.624303991110592,0.77690685,0.18643606,0.8183383,0.046870828
48.28,-8.64,,,1.0,-1.246867545320462,5.623825481981553,0.783494,0.18468773,0.8246516,0.0458256
48.28,-8.6,,,1.0,-1.2439402123281724,5.622869761180563,0.79653746,0.18131322,0.8370208,0.04527545
48.28,-8.56,,,1.0,-1.2410127015750616,5.621915800177319,0.8093894,0.17814207,0.84907883,0.043850422
48.28,-8.54,,,1.0,-1.2395488448222396,5.6214394680304745,0.8157679,0.17663085,0.85500765,0.043693542
48.28,-8.5,,,1.0,-1.2366210685339434,5.620488145435932,0.8284023,0.17379463,0.86671054,0.041433692
48.28,-8.46,,,1.0,-1.2336931159600806,5.619538580895382,0.8409201,0.1712197,0.87825406,0.040488005
48.28,-8.440001,,,1.0,-1.2322291086557131,5.619064468976636,0.8471492,0.1700356,0.8839806,0.039673924
48.28,-8.4,,,1.0,-1.22930082294013,5.6181175176362235,0.8595374,0.16790652,0.8953859,0.038243532
48.28,-8.36,,,1.0,-1.2263724322165312,5.617172345209681,0.8718505,0.16611695,0.90675473,0.034982443
48.28,-8.34,,,1.0,-1.2249082063908328,5.616700428644759,0.87798977,0.16535753,0.91244024,0.035611033
48.28,-8.3,,,1.0,-1.2219795545326455,5.615757889372163,0.89019895,0.1641416,0.9238259,0.03370154
48.28,-8.26,,,1.0,-1.2190507293100732,5.614817104684474,0.90235025,0.16334951,0.9352412,0.032057285
48.28,-8.24,,,1.0,-1.2175862169519107,5.614347358899906,0.9083942,0.16312301,0.940979,0.031734943
48.28,-8.2,,,1.0,-1.214657132766932,5.613409204815418,0.9204214,0.16303426,0.9524869,0.030315876
48.28,-8.16,,,1.0,-1.2117278766636177,5.61247280359053,0.9323546,0.1634515,0.9640702,0.029363632
48.28,-8.14,,,1.0,-1.2102632192440863,5.6120052712271695,0.9382879,0.16385794,0.9698861,0.028517246
48.28,-8.04,,,1.0,-1.2029390825931583,5.609674110194564,0.96756035,0.16800046,0.9992976,0.026617527
48.28,-8.0,,,1.0,-1.2000091445583252,5.608744713534146,0.97912383,0.17067242,1.0112389,0.025790453
48.28,-7.96,,,1.0,-1.1970790374684088,5.60781706630134,0.9906299,0.17394364,1.0233108,0.025152683
48.28,-7.86,,,1.0,-1.1897530338518072,5.605505597482702,1.0195386,0.1846692,1.0543292,0.024375677
48.28,-7.84,,,1.0,-1.1882877075412026,5.605044614339484,1.0254017,0.18724078,1.0607263,0.02562952
48.28,-7.8,,,1.0,-1.1853569298964146,5.604123957993027,1.0372893,0.19277859,1.0737598,0.02479291
48.28,-7.7000003,,,1.0,-1.1780292597541957,5.601829954483168,1.068322,0.20875311,1.1081254,0.026682615
48.28,-7.6600003,,,1.0,-1.1750979027535566,5.600915406242927,1.0814365,0.21588427,1.122723,0.027859688
48.28,-7.64,,,1.0,-1.1736321276689758,5.600458775152491,1.0881671,0.21958673,1.1302235,0.027910233
48.28,-7.6,,,1.0,-1.1707005244625666,5.599546842155768,1.1020049,0.22722346,1.1456548,0.028553247
48.28,-7.56,,,1.0,-1.1677687578137286,5.598636651797698,1.1163566,0.2351383,1.1616696,0.02909565
48.28,-7.54,,,1.0,-1.166302813371273,5.598182209897696,1.123733,0.23917359,1.1698924,0.030259967
48.28,-7.5,,,1.0,-1.1633708025952263,5.5972746322353855,1.138866,0.24738085,1.1867702,0.030882835
48.28,-7.46,,,1.0,-1.1604386297565,5.596368795530245,1.1544924,0.25571477,1.2042059,0.031946898
48.28,-7.44,,,1.0,-1.1589724827353465,5.595916529826945,1.1624802,0.25990534,1.2131165,0.032290697
48.28,-7.4,,,1.0,-1.1560400678320837,5.595013303300097,1.1787639,0.26831532,1.2312757,0.03319633
48.28,-7.36,,,1.0,-1.153107492236631,5.594111816055282,1.1954083,0.27669454,1.2498491,0.034481883
48.28,-7.3,,,1.0,-1.1487083287387254,5.592762844880301,1.2208614,0.28910124,1.2782931,0.0366776
48.28,-7.2400002,,,1.0,-1.1443088067459342,5.591417783335395,1.2466408,0.30114263,1.3071465,0.03956628
48.28,-7.2000003,,,1.0,-1.1413755938231889,5.590523246546175,1.2638341,0.3088711,1.3264474,0.038480043
48.28,-7.1600003,,,1.0,-1.1384422229216626,5.589630445707825,1.2809087,0.31631052,1.3456637,0.041152954
48.28,-7.1400003,,,1.0,-1.1369754783971318,5.589184696062948,1.2893807,0.3198976,1.3552089,0.04322672
48.28,-7.1,,,1.0,-1.1340418365640037,5.588294487306135,1.3060971,0.32679808,1.3741008,0.04352224
48.28,-7.04,,,1.0,-1.1296411327450435,5.586962441700846,1.3304479,0.3363577,1.4017411,0.047450304
48.28,-7.0,,,1.0,-1.1267071352950122,5.586076578065276,1.346075,0.34213603,1.4195509,0.050335884
48.28,-6.96,,,1.0,-1.1237729825432008,5.585192447075025,1.3610992,0.34739637,1.4367359,0.04991126
48.28,-6.94,,,1.0,-1.122305848095142,5.584751031116222,1.3683631,0.3498199,1.4450648,0.05120647
48.28,-6.9,,,1.0,-1.1193714633859595,5.583869497860487,1.3823429,0.354236,1.4611198,0.052929282
48.28,-6.86,,,1.0,-1.116436924699968,5.582989695606956,1.3955241,0.35804254,1.4762776,0.06042981
48.28,-6.84,,,1.0,-1.1149695977805627,5.582550443401152,1.4017894,0.3597052,1.4834837,0.060689926
48.28,-6.8,,,1.0,-1.112034829117937,5.581673236422305,1.4136171,0.36253947,1.4970869,0.064050674
48.28,-6.76,,,1.0,-1.1090999077945247,5.580797758809011,1.4244239,0.3647048,1.5094874,0.06637204
48.28,-6.7400002,,,1.0,-1.107632390048803,5.5803606683103935,1.429418,0.3655256,1.5152053,0.06366098
48.28,-6.7000003,,,1.0,-1.1046972407161075,5.579487783521665,1.4385253,0.3666265,1.525561,0.06728339
48.28,-6.6600003,,,1.0,-1.1017619400297525,5.57861662646832,1.4463592,0.36700237,1.5343761,0.072019815
48.28,-6.6400003,,,1.0,-1.100294233091623,5.578181695639176,1.449757,0.3669206,1.5381541,0.069478035
48.28,-6.6,,,1.0,-1.0973586713548948,5.577313118626175,1.4554528,0.36619413,1.5443687,0.07303035
48.28,-6.56,,,1.0,-1.0944229945561352,5.576446278089304,1.4595599,0.36473626,1.5486573,0.07958639
48.28,-6.54,,,1.0,-1.092955100047559,5.576013504910331,1.460977,0.36372954,1.5500273,0.077750444
48.28,-6.5,,,1.0,-1.0900191991343848,5.575149252327019,1.4624592,0.36116755,1.5511352,0.07816994
48.28,-6.46,,,1.0,-1.0870831494553217,5.574286724238269,1.4620087,0.35788035,1.5499326,0.076633215
48.28,-6.44,,,1.0,-1.0856150689890551,5.5738561066777415,1.4610099,0.35598075,1.5484129,0.07780695
48.28,-6.4,,,1.0,-1.0826787971232383,5.5729961641217285,1.4573867,0.3516575,1.5434412,0.07458174
48.28,-6.36,,,1.0,-1.0797423777722732,5.572137944449667,1.451473,0.34667683,1.5357966,0.07591665
48.28,-6.34,,,1.0,-1.0782741129492457,5.571709480494325,1.4476095,0.34394956,1.5309091,0.07401633
48.28,-6.3,,,1.0,-1.0753374733261118,5.570853843944003,1.4379758,0.3380474,1.5189642,0.078618765
48.28,-6.26,,,1.0,-1.0724006874898795,5.569999928673584,1.4256985,0.33157444,1.5039977,0.07155168
48.28,-6.2400002,,,1.0,-1.0709322399001535,5.5695736163183645,1.4185213,0.32814264,1.4953471,0.07452059
48.28,-6.2000003,,,1.0,-1.067995235693335,5.568722281768535,1.4020213,0.3209188,1.4756445,0.07235384
48.28,-6.1600003,,,1.0,-1.0650580865368244,5.56787266690113,1.3825607,0.31325793,1.4526641,0.06689131
48.28,-6.1400003,,,1.0,-1.063589457759662,5.567448504149188,1.3716806,0.3092813,1.4399182,0.06400895
48.28,-6.1,,,1.0,-1.0606520571042068,5.566601457523872,1.3475672,0.3010832,1.4118754,0.06373501
48.28,-6.06,,,1.0,-1.0577145477691834,5.565756139097804,1.3202267,0.2926073,1.3803815,0.061403275
48.28,-6.04,,,1.0,-1.056245739372253,5.565334123970772,1.3053399,0.28828418,1.3633306,0.058755636
48.28,-6.0,,,1.0,-1.0533080154311234,5.564491381492642,1.2730377,0.27952802,1.3266103,0.055835247
48.28,-5.86,,,1.0,-1.0430248631070091,5.561555296169947,1.1333299,0.2486543,1.1708307,0.045584917
48.28,-5.8,,,1.0,-1.0386172688988575,5.5603034040897725,1.0608208,0.23591751,1.0915895,0.03946805
48.28,-5.7400002,,,1.0,-1.0342093597321016,5.559055367066745,0.9811039,0.22390217,1.0055256,0.036889553
48.28,-5.7000003,,,1.0,-1.0312705794592942,5.558225483039139,0.9241882,0.21641707,0.94470733,0.030730486
48.28,-5.6400003,,,1.0,-1.026862149026076,5.556983866417015,0.8336876,0.20621383,0.8489896,0.027079225
48.28,-5.56,,,1.0,-1.0209837239122732,5.555334355419619,0.70494974,0.19490004,0.7147113,0.027359247
48.28,-5.5,,,1.0,-1.01657457134657,5.554101717573297,0.60390687,0.18846798,0.6107522,0.024757028
48.28,-5.44,,,1.0,-1.0121651120075583,5.552872924269971,0.5006726,0.18402171,0.5057207,0.023343563
48.28,-5.36,,,1.0,-1.0062853584797016,5.551240509993495,0.3625974,0.18149066,0.36696923,0.023701668
48.28,-5.34,,,1.0,-1.0048153357794152,5.550833473195278,0.32845405,0.18148828,0.33294246,0.024011493
48.28,-5.3,,,1.0,-1.0018751896129054,5.550020679185565,0.2611277,0.18227482,0.26615664,0.023581028
48.28,-5.26,,,1.0,-0.9989349094868268,5.5492095907797525,0.19552146,0.18411851,0.20144536,0.023808956
48.28,-5.2400002,,,1.0,-0.9974647193367742,5.548804685986669,0.16352013,0.18544185,0.17001118,0.024954915
48.28,-5.2000003,,,1.0,-0.9945242391575804,5.547996154837452,0.101400994,0.18887651,0.10925494,0.026804328
48.28,-5.1600003,,,1.0,-0.9915836261985758,5.5471893277613695,0.04221048,0.19335234,0.051630177,0.026709795
48.28,-5.1400003,,,1.0,-0.9901132700734562,5.546786553059957,0.013824706,0.19597685,0.024101904,0.03044939
48.28,-5.06,,,1.0,-0.9842314809086052,5.545179701830698,-0.09060944,0.20895654,-0.07667657,0.035143733
48.28,-5.04,,,1.0,-0.982760960272222,5.54477905532609,-0.1142838,0.21278715,-0.0993965,0.03592658
48.28,-5.0,,,1.0,-0.9798198208758656,5.543979038469499,-0.1585046,0.22113246,-0.14173236,0.03850305
48.28,-4.96,,,1.0,-0.9768785510349952,5.543180722644798,-0.19847885,0.23031807,-0.17984658,0.04288566
48.28,-4.94,,,1.0,-0.9754078673426708,5.5427822024303035,-0.2168363,0.23521668,-0.1973052,0.044030428
48.28,-4.9,,,1.0,-0.9724664027031495,5.541986437019415,-0.25028497,0.24555618,-0.22901171,0.04916942
48.28,-4.86,,,1.0,-0.9695248087747472,5.541192371129974,-0.27936625,0.2565843,-0.2564771,0.054599643
48.28,-4.84,,,1.0,-0.9680539634710242,5.540795975317548,-0.29228678,0.26232594,-0.26862836,0.056493282
48.28,-4.8,,,1.0,-0.965112176471454,5.540004457581369,-0.31493697,0.2742254,-0.2898605,0.061276913
48.28,-4.76,,,1.0,-0.962170261330692,5.539214637863012,-0.33340985,0.28661585,-0.3070986,0.06710935
48.28,-4.7400002,,,1.0,-0.960699255850183,5.538820364573117,-0.34112942,0.29296756,-0.3142657,0.06959152
48.28,-4.7000003,,,1.0,-0.957757149353858,5.538033090757691,-0.3536416,0.30593824,-0.3258121,0.07608509
48.28,-4.6600003,,,1.0,-0.9548149158561372,5.5372475134632815,-0.36240733,0.3191957,-0.33380368,0.08120513
48.3,-10.0,,,1.0,-1.3455250043658935,5.659560083813592,0.23957263,0.5193821,0.22383474,0.08063674
48.3,-9.9800005,,,1.0,-1.344065269622755,5.659051959484649,0.24605727,0.5097878,0.23048136,0.07543814
48.3,-9.96,,,1.0,-1.3426054153472693,5.658544256933508,0.25269336,0.500277,0.23732169,0.07069421
48.3,-9.92,,,1.0,-1.3396856269574826,5.6575302136765915,0.26642942,0.48152578,0.2515842,0.062157035
48.3,-9.9,,,1.0,-1.338225623391807,5.657023848611784,0.2735207,0.47230738,0.25900093,0.058443904
48.3,-9.88,,,1.0,-1.33676563984399,5.6565179533135455,0.28076214,0.46319842,0.2666145,0.05493474
48.3,-9.84,,,1.0,-1.3338454546525615,5.655507475115996,0.29567856,0.44534194,0.2824031,0.048948407
48.3,-9.76,,,1.0,-1.3280044926105443,5.653491862308503,0.3271114,0.41127837,0.3161547,0.040194035
48.3,-9.74,,,1.0,-1.3265440944872828,5.652989059842376,0.33527762,0.40313512,0.32502013,0.03863597
48.3,-9.72,,,1.0,-1.3250837170430825,5.652486726246432,0.34354702,0.39515412,0.33404547,0.03723216
48.3,-9.7,,,1.0,-1.3236232210818728,5.651984813522663,0.35192546,0.38733613,0.34322333,0.036034822
48.3,-9.68,,,1.0,-1.32216274596394,5.651483369445605,0.360397,0.3796903,0.35254467,0.035018086
48.3,-9.66,,,1.0,-1.3207021524836902,5.650982346102198,0.3689575,0.37221527,0.36201343,0.034176707
48.3,-9.64,,,1.0,-1.3192415800104975,5.650481791182279,0.37760213,0.36491448,0.3716106,0.03347385
48.3,-9.62,,,1.0,-1.3177808893292782,5.649981656857705,0.38632506,0.35779017,0.38133645,0.03287089
48.3,-9.6,,,1.0,-1.3163202198184665,5.649481990733646,0.3951092,0.3508507,0.39117873,0.032496214
48.3,-9.58,,,1.0,-1.3148594322535156,5.648982745066838,0.40395844,0.3440864,0.40112624,0.032197356
48.3,-9.56,,,1.0,-1.3133986660218937,5.648483967377825,0.41285628,0.33750767,0.41117722,0.0319705
48.3,-9.54,,,1.0,-1.3119377818896196,5.647985610008188,0.42180878,0.33110785,0.42131263,0.031937838
48.3,-9.5,,,1.0,-1.3090159388691482,5.646990250961279,0.43981737,0.31885684,0.4418312,0.032061815
48.3,-9.4800005,,,1.0,-1.3075549801430115,5.6464932490617885,0.4488621,0.31299996,0.45218545,0.032229662
48.3,-9.46,,,1.0,-1.3060939038220036,5.645996667206575,0.45792505,0.30733013,0.46259132,0.032393336
48.3,-9.440001,,,1.0,-1.3046328493205095,5.645500552662498,0.46700683,0.30183327,0.47304133,0.03275132
48.3,-9.42,,,1.0,-1.3031716773764377,5.645004858025476,0.47608972,0.2965126,0.4835241,0.03314209
48.3,-9.4,,,1.0,-1.301710457737163,5.644509606873572,0.48517412,0.29136664,0.49402577,0.033581734
48.3,-9.38,,,1.0,-1.3002492601590534,5.644014822700324,0.49425468,0.28638887,0.5045428,0.03400433
48.3,-9.36,,,1.0,-1.2987879453660645,5.643520458228706,0.50332355,0.28157717,0.5150638,0.03452933
48.3,-9.34,,,1.0,-1.297326652794809,5.643026560514407,0.51237375,0.2769283,0.5255713,0.035081387
48.3,-9.32,,,1.0,-1.2958652431599764,5.642533082365059,0.52140015,0.27244127,0.5360572,0.03568566
48.3,-9.28,,,1.0,-1.2929423517413985,5.6415474785673325,0.5393807,0.2639203,0.5569532,0.036849737
48.3,-9.26,,,1.0,-1.291480870117372,5.6410553526981255,0.5483198,0.25988144,0.56733805,0.037543297
48.3,-9.24,,,1.0,-1.2900192717311925,5.640563646121175,0.55721796,0.25598085,0.5776673,0.038232684
48.3,-9.22,,,1.0,-1.2885576960459053,5.640072405639057,0.56607777,0.25221312,0.58792835,0.038900614
48.3,-9.2,,,1.0,-1.287096003748587,5.639581584313179,0.57488984,0.24857593,0.5981165,0.039524555
48.3,-9.18,,,1.0,-1.285634334311036,5.639091228861814,0.58364797,0.24506342,0.60822517,0.04015422
48.3,-9.16,,,1.0,-1.284172548411184,5.638601292430889,0.5923499,0.24166882,0.61824524,0.040859103
48.3,-9.14,,,1.0,-1.2827107855295523,5.638111821654413,0.60099524,0.23838812,0.62816375,0.04140246
48.3,-9.12,,,1.0,-1.2812489063349586,5.637622769762801,0.6095795,0.23521376,0.6379798,0.04223621
48.3,-9.1,,,1.0,-1.2797870503166178,5.637134183305828,0.6181015,0.2321406,0.6476865,0.042882323
48.3,-9.06,,,1.0,-1.2768631292857775,5.636158313105984,0.6349427,0.22627985,0.6667386,0.043961644
48.3,-9.04,,,1.0,-1.275401064421836,5.635671029227981,0.64325607,0.223481,0.6760811,0.044427514
48.3,-9.02,,,1.0,-1.273939023048957,5.6351842103457574,0.6514997,0.22076488,0.6852874,0.044852257
48.3,-9.0,,,1.0,-1.2724768658087926,5.634697809943006,0.65967077,0.21812057,0.6943589,0.045621037
48.3,-8.9800005,,,1.0,-1.2710147322164702,5.634211874316991,0.6677632,0.21555305,0.70328534,0.04600215
48.3,-8.96,,,1.0,-1.2695524829046447,5.633726357035756,0.67577624,0.21305346,0.71207047,0.046337485
48.3,-8.940001,,,1.0,-1.2680902573970216,5.633241304312472,0.68371797,0.21061182,0.72070986,0.046591997
48.3,-8.92,,,1.0,-1.2666279163172909,5.632756669799504,0.69157237,0.20823824,0.7292088,0.04697299
48.3,-8.9,,,1.0,-1.2651655294661748,5.632272476548872,0.6993505,0.20591539,0.7375543,0.04666567
48.3,-8.88,,,1.0,-1.2637031666530265,5.631788747528487,0.7070498,0.20364678,0.7457511,0.04742074
48.3,-8.86,,,1.0,-1.2622406884881407,5.631305436517142,0.71466285,0.20143282,0.75379926,0.04790187
48.3,-8.84,,,1.0,-1.260778234516546,5.6308225895179,0.72219616,0.19926858,0.7616986,0.047650456
48.3,-8.82,,,1.0,-1.259315665339645,5.630340160393791,0.72965235,0.19714761,0.7694539,0.047700167
48.3,-8.8,,,1.0,-1.257853120510946,5.629858195063901,0.73703104,0.19507235,0.7770607,0.04773736
48.3,-8.78,,,1.0,-1.256390460622988,5.629376647475463,0.7443261,0.19304287,0.7845276,0.047995687
48.3,-8.76,,,1.0,-1.25492782523773,5.628895563463616,0.75155,0.19105291,0.79186076,0.04884875
48.3,-8.74,,,1.0,-1.2534650749388752,5.628414897059766,0.7586944,0.18910813,0.79905355,0.04771328
48.3,-8.72,,,1.0,-1.2520023492968078,5.6279346940151385,0.76576275,0.1872052,0.80611753,0.04747212
48.3,-8.7,,,1.0,-1.2505395088864244,5.627454908445275,0.77277136,0.18534017,0.8130522,0.046950817
48.3,-8.68,,,1.0,-1.2490766932865038,5.626975586017523,0.77969676,0.18352443,0.81987333,0.047115088
48.3,-8.66,,,1.0,-1.2476137630631663,5.626496680931534,0.78656864,0.18174589,0.82657254,0.04625082
48.3,-8.64,,,1.0,-1.2461508578035587,5.626018238770803,0.79336286,0.18001902,0.8331668,0.045648336
48.3,-8.62,,,1.0,-1.2446878380650512,5.625540213819055,0.8001055,0.1783334,0.8396603,0.04529047
48.3,-8.6,,,1.0,-1.2432248434431306,5.625062651575975,0.80679536,0.17669368,0.8460594,0.044368386
48.3,-8.58,,,1.0,-1.2417617344864496,5.624585506409325,0.8134146,0.17511064,0.8523681,0.04470253
48.3,-8.56,,,1.0,-1.2402986507988036,5.624108823735012,0.81998694,0.17357951,0.8586002,0.04374695
48.3,-8.54,,,1.0,-1.2388354529201553,5.623632558004805,0.8265081,0.17210472,0.8647536,0.043170214
48.3,-8.52,,,1.0,-1.2373722804625855,5.623156754550862,0.8329962,0.17068297,0.8708403,0.0425359
48.3,-8.5,,,1.0,-1.235908993957392,5.6226813679089265,0.8394319,0.1693275,0.876873,0.041464686
48.3,-8.4800005,,,1.0,-1.2344457330249146,5.622206443327446,0.8458269,0.16803706,0.88284564,0.04234171
48.3,-8.46,,,1.0,-1.2329823581878154,5.6217319354261,0.8521944,0.16681302,0.88877624,0.040764213
48.3,-8.440001,,,1.0,-1.2315190090746615,5.6212578893696605,0.858524,0.16566324,0.89467204,0.03982258
48.3,-8.42,,,1.0,-1.2300555461995142,5.620784259861716,0.8648141,0.16459,0.90053475,0.03866887
48.3,-8.4,,,1.0,-1.2285920394142462,5.620311069430892,0.8710802,0.16359806,0.9063715,0.037759066
48.3,-8.38,,,1.0,-1.2271285585790148,5.619838340522136,0.8773108,0.16269231,0.9121883,0.03718853
48.3,-8.36,,,1.0,-1.2256649641950228,5.619366027964839,0.88351864,0.16187292,0.91798496,0.03642261
48.3,-8.34,,,1.0,-1.224201395911288,5.618894176714715,0.889687,0.16115224,0.92377585,0.035696864
48.3,-8.32,,,1.0,-1.2227377142204807,5.618422741684975,0.8958464,0.16052222,0.9295537,0.034950256
48.3,-8.3,,,1.0,-1.2212740587797488,5.617951767747776,0.9019609,0.15999937,0.935328,0.034130335
48.3,-8.28,,,1.0,-1.2198102900732573,5.617481209900123,0.9080576,0.15957928,0.9411052,0.033408403
48.3,-8.26,,,1.0,-1.2183465477662598,5.617011112930638,0.914116,0.15927404,0.9468859,0.032755494
48.3,-8.24,,,1.0,-1.216882692334443,5.616541431920085,0.9201491,0.15908176,0.9526637,0.03202939
48.3,-8.22,,,1.0,-1.215418863451136,5.616072211573594,0.92614394,0.15901065,0.95845485,0.031268
48.3,-8.2,,,1.0,-1.2139549215835774,5.615603407055653,0.9321115,0.15906101,0.9642489,0.0306319
48.3,-8.18,,,1.0,-1.2124910064131478,5.615135062987932,0.9380618,0.15923369,0.9700544,0.029882193
48.3,-8.16,,,1.0,-1.2110269783986625,5.614667134618609,0.9439646,0.15954071,0.97586524,0.029296637
48.3,-8.14,,,1.0,-1.209562977229525,5.614199666485922,0.94983566,0.15998065,0.9816913,0.028871536
48.3,-8.12,,,1.0,-1.2080988633561562,5.613732613921717,0.9556883,0.1605525,0.98753846,0.028300166
48.3,-8.1,,,1.0,-1.206634776475958,5.613266021380828,0.9614923,0.16126806,0.99340266,0.027992725
48.3,-8.06,,,1.0,-1.2037064047266042,5.612334126986902,0.9730259,0.16312045,1.0051651,0.027144909
48.3,-8.04,,,1.0,-1.202242119996536,5.611868825004406,0.9787547,0.1642626,1.0110774,0.026575565
48.3,-8.02,,,1.0,-1.2007778625540892,5.611403982619388,0.9844538,0.16554993,1.0170157,0.026372433
48.3,-8.0,,,1.0,-1.199313492824673,5.61093955541448,0.99014103,0.1669836,1.0229762,0.026215553
48.3,-7.92,,,1.0,-1.1934557303485236,5.609086262555756,1.0128115,0.17418027,1.0471871,0.025541663
48.3,-7.86,,,1.0,-1.1890619661115047,5.607700880758724,1.0299398,0.1810838,1.0658729,0.025666833
48.3,-7.84,,,1.0,-1.1875972941469697,5.6072399602484015,1.0357159,0.18365735,1.0722361,0.025770664
48.3,-7.82,,,1.0,-1.186132580357227,5.606779476307575,1.0415391,0.18636537,1.0786746,0.025785446
48.3,-7.78,,,1.0,-1.1832030275835863,5.605859817795208,1.0533705,0.19216156,1.0918227,0.025779247
48.3,-7.76,,,1.0,-1.1817381887401903,5.605400643054225,1.0594026,0.19523901,1.0985453,0.026348114
48.3,-7.7000003,,,1.0,-1.1773434232247275,5.604025735876739,1.0780282,0.20513523,1.119371,0.027128935
48.3,-7.6600003,,,1.0,-1.1744133727590051,5.603111311118102,1.090969,0.21223235,1.133869,0.027709723
48.3,-7.64,,,1.0,-1.1729482507678015,5.602654741613541,1.0976183,0.21591103,1.1413316,0.02838707
48.3,-7.62,,,1.0,-1.1714831225810207,5.602198618723551,1.1043873,0.2196657,1.1489259,0.028456092
48.3,-7.6,,,1.0,-1.1700179533381747,5.601742931473536,1.1112949,0.22349226,1.1566554,0.02873826
48.3,-7.58,,,1.0,-1.1685527431086271,5.601287679779371,1.1183286,0.22737777,1.1645344,0.029624939
48.3,-7.56,,,1.0,-1.167087491961645,5.600832863556996,1.125487,0.23132628,1.1725622,0.029881954
48.3,-7.54,,,1.0,-1.165622199966403,5.600378482722409,1.1327764,0.2353267,1.1807256,0.030347228
48.3,-7.52,,,1.0,-1.1641568671919826,5.599924537191678,1.1401963,0.23936522,1.1890327,0.030663967
48.3,-7.5,,,1.0,-1.162691493707375,5.599471026880932,1.1477517,0.24343699,1.197483,0.031075835
48.3,-7.48,,,1.0,-1.161226079581476,5.59901795170636,1.1554261,0.2475344,1.2060667,0.031361103
48.3,-7.46,,,1.0,-1.1597606248830896,5.598565311584216,1.1632136,0.25166136,1.2147783,0.03121519
48.3,-7.44,,,1.0,-1.1582951296809276,5.598113106430821,1.1711231,0.2557959,1.2236121,0.032292247
48.3,-7.42,,,1.0,-1.156829594043611,5.597661336162556,1.1791337,0.25993598,1.2325695,0.03275025
48.3,-7.4,,,1.0,-1.155364018039664,5.597210000695863,1.1872445,0.264077,1.2416328,0.034804106
48.3,-7.38,,,1.0,-1.1538984017375258,5.596759099947253,1.195443,0.2682097,1.2507961,0.033561707
48.3,-7.36,,,1.0,-1.1524327452055352,5.5963086338332975,1.2037278,0.272321,1.2600505,0.03404224
48.3,-7.34,,,1.0,-1.1509670485119463,5.595858602270629,1.212075,0.2764107,1.2693793,0.034208417
48.3,-7.32,,,1.0,-1.1495013117249189,5.59540900517595,1.2204823,0.28047705,1.2787805,0.035120964
48.3,-7.3,,,1.0,-1.1480355349125178,5.594959842466021,1.2289444,0.28449643,1.288236,0.03652656
48.3,-7.28,,,1.0,-1.1465697181427217,5.594511114057669,1.237436,0.28847873,1.2977356,0.0369972
48.3,-7.26,,,1.0,-1.145103861483414,5.594062819867783,1.245952,0.2924037,1.3072641,0.03670013
48.3,-7.2400002,,,1.0,-1.1436379650023885,5.593614959813316,1.2544721,0.29627562,1.316817,0.037451386
48.3,-7.2200003,,,1.0,-1.1421720287673462,5.593167533811286,1.2629942,0.30009216,1.3263712,0.03876829
48.3,-7.2000003,,,1.0,-1.1407060528458992,5.592720541778774,1.2714998,0.30383092,1.3359076,0.03885317
48.3,-7.1800003,,,1.0,-1.1392400373055662,5.592273983632926,1.2799783,0.3074963,1.3454319,0.039418936
48.3,-7.1600003,,,1.0,-1.1377739822137758,5.591827859290949,1.2884132,0.31107587,1.3549122,0.039595842
48.3,-7.1400003,,,1.0,-1.1363078876378658,5.591382168670116,1.2967955,0.31456923,1.3643451,0.04187143
48.3,-7.12,,,1.0,-1.1348417186892237,5.59093690107717,1.3051062,0.3179695,1.3737173,0.041263342
48.3,-7.06,,,1.0,-1.130443080877948,5.589603731166336,1.3295063,0.32754856,1.4012939,0.045082092
48.3,-7.04,,,1.0,-1.1289767898874028,5.589160207922888,1.3374248,0.33051485,1.4102694,0.045256853
48.3,-7.0,,,1.0,-1.1260440907270377,5.5882744610320865,1.35286,0.33608866,1.4278059,0.04674065
48.3,-6.98,,,1.0,-1.1245776826905365,5.5878322372202405,1.3603601,0.33867115,1.4363436,0.049570084
48.3,-6.96,,,1.0,-1.1231112357718858,5.587390446387873,1.3676988,0.3411317,1.4447106,0.0499959
48.3,-6.94,,,1.0,-1.1216447500375195,5.586949088452903,1.3748697,0.3434425,1.4528966,0.050212145
48.3,-6.92,,,1.0,-1.120178225553784,5.586508163333306,1.3818591,0.34561247,1.4608749,0.052056313
48.3,-6.9,,,1.0,-1.1187116623869329,5.586067670947127,1.3886539,0.3476395,1.4686526,0.055829287
48.3,-6.88,,,1.0,-1.1172450606031343,5.585627611212471,1.3952534,0.34950495,1.4761983,0.055359483
48.3,-6.86,,,1.0,-1.115778420268463,5.585187984047512,1.4016399,0.3512221,1.4835027,0.057134748
48.3,-6.84,,,1.0,-1.1143117414489068,5.5847487893704875,1.4078088,0.35277194,1.490557,0.057148814
48.3,-6.82,,,1.0,-1.1128450242103631,5.584310027099694,1.4137455,0.3541572,1.4973358,0.060207367
48.3,-6.8,,,1.0,-1.111378268618641,5.583871697153501,1.41944,0.35538054,1.5038347,0.06047201
48.3,-6.78,,,1.0,-1.1099114747394605,5.583433799450337,1.4248801,0.35643744,1.510029,0.06276488
48.3,-6.76,,,1.0,-1.1084446426384518,5.5829963339086985,1.4300557,0.35731727,1.5159098,0.0634644
48.3,-6.7400002,,,1.0,-1.1069777723811574,5.582559300447143,1.4349505,0.3580209,1.5214478,0.06360173
48.3,-6.7200003,,,1.0,-1.1055108640330302,5.582122698984298,1.4395571,0.35854697,1.5266494,0.06400156
48.3,-6.7000003,,,1.0,-1.104043917659436,5.58168652943885,1.4438568,0.3588971,1.5314697,0.06747794
48.3,-6.6800003,,,1.0,-1.1025769333256488,5.581250791729554,1.4478359,0.35906345,1.5359038,0.06366265
48.3,-6.6600003,,,1.0,-1.1011099110968583,5.5808154857752275,1.4514885,0.35904276,1.539931,0.06879282
48.3,-6.6400003,,,1.0,-1.0996428510381635,5.580380611494756,1.4547809,0.35885185,1.5435314,0.06930351
48.3,-6.62,,,1.0,-1.098175718235755,5.579946158454302,1.457714,0.3584655,1.5466833,0.070723295
48.3,-6.6,,,1.0,-1.0967085827112997,5.579512147288739,1.4602635,0.35790193,1.5493684,0.069661856
48.3,-6.58,,,1.0,-1.0952414095517105,5.579078567554066,1.4624099,0.3571543,1.5515727,0.06877184
48.3,-6.56,,,1.0,-1.0937741988217362,5.578645419169432,1.4641491,0.35621405,1.5532739,0.07390618
48.3,-6.54,,,1.0,-1.092306950586036,5.578212702054044,1.4654483,0.35509717,1.5544496,0.0726403
48.3,-6.52,,,1.0,-1.090839664909181,5.577780416127177,1.466298,0.35379505,1.5550779,0.0716238
48.3,-6.5,,,1.0,-1.0893723418556558,5.577348561308168,1.4666764,0.3523203,1.555143,0.07140231
48.3,-6.48,,,1.0,-1.0879049814898574,5.576917137516422,1.4665717,0.35065854,1.5546253,0.07365608
48.3,-6.46,,,1.0,-1.0864375838760962,5.576486144671409,1.4659556,0.34882176,1.553509,0.073174596
48.3,-6.44,,,1.0,-1.0849701490785923,5.576055582692667,1.4648149,0.34681618,1.5517684,0.07393539
48.3,-6.42,,,1.0,-1.083502677161482,5.575625451499788,1.4631361,0.34463644,1.5493759,0.07376957
48.3,-6.4,,,1.0,-1.0820351681888132,5.575195751012445,1.4608942,0.3422832,1.546329,0.0709002
48.3,-6.38,,,1.0,-1.0805676222245455,5.574766481150366,1.4580643,0.33978498,1.5426034,0.06992924
48.3,-6.36,,,1.0,-1.0791000393325547,5.574337641833348,1.4546405,0.33711946,1.5381789,0.07526922
48.3,-6.34,,,1.0,-1.0776324195766271,5.573909232981251,1.4506036,0.3342873,1.533046,0.075223684
48.3,-6.32,,,1.0,-1.0761647630204634,5.573481254514004,1.4459207,0.33132493,1.527178,0.074552536
48.3,-6.3,,,1.0,-1.0746970697276774,5.5730537063515975,1.4405925,0.32820272,1.52056,0.07353461
48.3,-6.28,,,1.0,-1.0732293397617978,5.572626588414094,1.4345877,0.3249501,1.5131848,0.07332349
48.3,-6.26,,,1.0,-1.0717615731862646,5.572199900621614,1.4278985,0.32156324,1.5050321,0.07219744
48.3,-6.2400002,,,1.0,-1.070293770064433,5.571773642894348,1.4205023,0.31805247,1.4960954,0.070304155
48.3,-6.2200003,,,1.0,-1.0688259304595722,5.57134781515255,1.4123889,0.31441897,1.4863398,0.06670785
48.3,-6.2000003,,,1.0,-1.0673580544348644,5.570922417316542,1.4035405,0.3106674,1.4757737,0.068702936
48.3,-6.1800003,,,1.0,-1.065890142053407,5.570497449306713,1.3939326,0.30681944,1.464385,0.06674218
48.3,-6.1600003,,,1.0,-1.0644221933782103,5.570072911043511,1.38356,0.30286944,1.452154,0.06133628
48.3,-6.1400003,,,1.0,-1.0629542084722,5.569648802447457,1.372414,0.2988251,1.4390743,0.06346452
48.3,-6.1200004,,,1.0,-1.061486187398215,5.569225123439136,1.3604813,0.29470086,1.4251425,0.06354523
48.3,-6.1,,,1.0,-1.0600180952173357,5.568801863853251,1.347735,0.2905072,1.4103367,0.058619022
48.3,-6.08,,,1.0,-1.0585500019947205,5.568379043792644,1.3341743,0.28624374,1.3946674,0.0548079
48.3,-6.06,,,1.0,-1.0570818727921376,5.567956653081916,1.3197896,0.28193116,1.3781192,0.056162
48.3,-6.04,,,1.0,-1.0556137076720846,5.567534691641914,1.3045807,0.27755606,1.3607022,0.05360341
48.3,-6.02,,,1.0,-1.0541455066969758,5.567113159393551,1.2885206,0.27315736,1.3423916,0.051354647
48.3,-6.0,,,1.0,-1.052677269929138,5.566692056257806,1.2716138,0.26871967,1.3232026,0.052575827
48.3,-5.96,,,1.0,-1.049740689264161,5.565851137008426,1.2352346,0.25980765,1.2821884,0.04600811
48.3,-5.94,,,1.0,-1.0482723454912537,5.5654313207370825,1.2157601,0.255332,1.2603607,0.04691744
48.3,-5.92,,,1.0,-1.0468039661740796,5.565011933262937,1.1954099,0.2508844,1.2376692,0.047214627
48.3,-5.9,,,1.0,-1.045335551374543,5.564592974507304,1.1742148,0.24644858,1.2141114,0.04297948
48.3,-5.86,,,1.0,-1.0423986155755751,5.563756342837148,1.1292316,0.23768759,1.1644646,0.042891502
48.3,-5.84,,,1.0,-1.0409300946995297,5.563338669765576,1.1054811,0.23337084,1.1383914,0.03656006
48.3,-5.82,,,1.0,-1.0394615385878947,5.562921425098423,1.0808872,0.22912663,1.1115065,0.038024902
48.3,-5.78,,,1.0,-1.0365243209036998,5.562088220664007,1.0292373,0.22084749,1.0554005,0.03350067
48.3,-5.76,,,1.0,-1.0350556594538542,5.561672260740227,1.0022058,0.21684772,1.0262201,0.033869743
48.3,-5.7400002,,,1.0,-1.0335869630138463,5.5612567289078365,0.9744185,0.21294558,0.99633133,0.0330863
48.3,-5.7000003,,,1.0,-1.0306494654078495,5.5604269492049125,0.91658616,0.20549846,0.93452656,0.028594017
48.3,-5.6400003,,,1.0,-1.0262429580986103,5.559185488385806,0.8247052,0.19536507,0.8372962,0.024414062
48.3,-5.56,,,1.0,-1.0203670955339452,5.557536183855411,0.6941329,0.18419272,0.701028,0.025508761
48.3,-5.5,,,1.0,-1.0159598636485645,5.556303699909073,0.5917884,0.17788124,0.5956156,0.023287535
48.3,-5.46,,,1.0,-1.0130215379492675,5.55548417948077,0.52230346,0.1747731,0.5246972,0.022563934
48.3,-5.44,,,1.0,-1.0115523239471138,5.555075059695725,0.4873722,0.1735608,0.48923796,0.018621564
48.3,-5.42,,,1.0,-1.0100830759231914,5.5546663667606095,0.45239174,0.17261505,0.45385402,0.018734574
48.3,-5.38,,,1.0,-1.0071444780492462,5.553850261132146,0.382622,0.17143953,0.38362727,0.022012472
48.3,-5.36,,,1.0,-1.0056751283186245,5.553442848284956,0.34796792,0.1712349,0.34890398,0.022349834
48.3,-5.34,,,1.0,-1.0042057448050332,5.5530358619800095,0.3135696,0.17128694,0.314542,0.020745397
48.3,-5.32,,,1.0,-1.0027363275679675,5.552629302140552,0.27947974,0.1715948,0.28060645,0.021475315
48.3,-5.3,,,1.0,-1.001266876666843,5.5522231686899,0.24579173,0.17218316,0.24714825,0.022063375
48.3,-5.28,,,1.0,-0.9997973921609914,5.551817461551433,0.21255879,0.17302251,0.21424043,0.022215366
48.3,-5.26,,,1.0,-0.9983278741096636,5.5514121806486,0.1798401,0.17413008,0.18194367,0.023982406
48.3,-5.2000003,,,1.0,-0.9939191192741202,5.550198894589393,0.085473366,0.17904025,0.089244045,0.024382114
48.3,-5.1800003,,,1.0,-0.9924494676317788,5.549795317864923,0.05546825,0.18119419,0.0599158,0.025698423
48.3,-5.1600003,,,1.0,-0.9909797827390004,5.549392166994339,0.026280679,0.18360972,0.031443927,0.02719462
48.3,-5.1400003,,,1.0,-0.9895100646545508,5.548989441901495,-0.002051061,0.18627894,0.0038789052,0.028431296
48.3,-5.1200004,,,1.0,-0.9880403134371154,5.548587142510309,-0.02947321,0.18920541,-0.022750929,0.029910564
48.3,-5.1000004,,,1.0,-0.9865705291452972,5.5481852687447715,-0.055949926,0.19237381,-0.048413694,0.030304193
48.3,-5.08,,,1.0,-0.9851006767940178,5.547783810962726,-0.08143994,0.19578105,-0.07306777,0.031545162
48.3,-5.06,,,1.0,-0.9836308265281396,5.547382788230858,-0.10592587,0.1994263,-0.09670695,0.033095956
48.3,-5.04,,,1.0,-0.9821609433632096,5.546982190897007,-0.12938465,0.20330608,-0.119298026,0.0349977
48.3,-5.02,,,1.0,-0.9806910273575116,5.546582018885428,-0.151772,0.20739484,-0.14082374,0.03703761
48.3,-5.0,,,1.0,-0.979221078569246,5.546182272120449,-0.17307872,0.21172631,-0.1612668,0.038599253
48.3,-4.98,,,1.0,-0.9777510970565376,5.545782950526463,-0.19330205,0.2162481,-0.18062592,0.040305376
48.3,-4.96,,,1.0,-0.9762810828774282,5.545384054027932,-0.21241012,0.22097057,-0.19890459,0.041843057
48.3,-4.94,,,1.0,-0.9748110360898812,5.544985582549384,-0.2304123,0.22589147,-0.21607982,0.042284966
48.3,-4.92,,,1.0,-0.9733409567517788,5.544587536015422,-0.24729812,0.23100233,-0.23215424,0.04423046
48.3,-4.9,,,1.0,-0.9718708449209268,5.5441899143507065,-0.26306692,0.23629284,-0.24714293,0.04601109
48.3,-4.88,,,1.0,-0.9704007006550476,5.543792717479972,-0.27771622,0.24173284,-0.26103792,0.049461365
48.3,-4.86,,,1.0,-0.9689305240117864,5.54339594532802,-0.29127076,0.24733853,-0.27385426,0.049216032
48.3,-4.84,,,1.0,-0.96746031504871,5.542999597819717,-0.3037167,0.25309527,-0.28560784,0.054139137
48.3,-4.82,,,1.0,-0.9659900738233032,5.542603674880005,-0.31508034,0.25899076,-0.29631117,0.05637479
48.3,-4.8,,,1.0,-0.9645198003929746,5.542208176433886,-0.3253609,0.26502365,-0.305973,0.05919826
48.3,-4.78,,,1.0,-0.9630494948150516,5.541813102406434,-0.33459392,0.27116072,-0.31462172,0.061820745
48.3,-4.76,,,1.0,-0.9615791571467835,5.541418452722789,-0.34278676,0.27741325,-0.32227147,0.06361723
48.3,-4.7400002,,,1.0,-0.960108787445342,5.541024227308164,-0.3499625,0.28376883,-0.32894,0.06654668
48.3,-4.7200003,,,1.0,-0.958638385767818,5.540630426087832,-0.35614717,0.2902137,-0.33466274,0.06985843
48.3,-4.7000003,,,1.0,-0.9571679521712252,5.540237048987142,-0.3613522,0.2967413,-0.33946264,0.07266593
48.3,-4.6800003,,,1.0,-0.9556974867124984,5.539844095931507,-0.36561805,0.30332708,-0.3433575,0.07541096
48.3,-4.6600003,,,1.0,-0.954226989448493,5.5394515668464095,-0.36897323,0.30997103,-0.34638622,0.07904065
48.3,-4.6400003,,,1.0,-0.9527564604359886,5.539059461657399,-0.3714328,0.31667662,-0.34857896,0.082280874
48.3,-4.6200004,,,1.0,-0.9512858997316846,5.538667780290096,-0.3730417,0.32340825,-0.34994987,0.08653927
48.3,-4.6000004,,,1.0,-0.949815307392202,5.538276522670187,-0.37382013,0.33017623,-0.3505401,0.08892703
48.3,-4.54,,,1.0,-0.945403306063417,5.537105282259748,-0.37152606,0.35056973,-0.34795904,0.09953809
48.3,-4.52,,,1.0,-0.9439325877471326,5.536715718897749,-0.36933163,0.35735643,-0.34574682,0.10332167
48.3,-4.5,,,1.0,-0.9424618380776112,5.536326578912602,-0.36648068,0.36413336,-0.3429129,0.107179284
48.3,-4.48,,,1.0,-0.9409910571110084,5.53593786223041,-0.36300197,0.37088054,-0.33949807,0.111050606
48.3,-4.46,,,1.0,-0.9395202449034016,5.535549568777333,-0.35893515,0.37759483,-0.33552882,0.11562455
48.3,-4.44,,,1.0,-0.9380494015107924,5.535161698479612,-0.35431415,0.3842761,-0.3310238,0.12016249
48.3,-4.42,,,1.0,-0.9365785269891014,5.5347742512635465,-0.34917238,0.39090765,-0.32604235,0.122400284
48.3,-4.4,,,1.0,-0.9351076213941762,5.534387227055509,-0.34354404,0.39748365,-0.32058886,0.1270864
48.3,-4.38,,,1.0,-0.9336366847817852,5.534000625781942,-0.337465,0.40399206,-0.3147014,0.13311303
48.3,-4.36,,,1.0,-0.9321657172076208,5.533614447369354,-0.3309667,0.41043293,-0.30842078,0.13653994
48.3,-4.34,,,1.0,-0.9306947187272968,5.5332286917443225,-0.32407796,0.4167902,-0.30176643,0.1411798
48.32,-10.0,,,1.0,-1.3447629789948927,5.661747885486264,0.24271263,0.5153284,0.2256502,0.07991469
48.32,-9.96,,,1.0,-1.341844726982029,5.660732208492901,0.2557804,0.49617422,0.23888476,0.07012284
48.32,-9.94,,,1.0,-1.340385491175228,5.660225026631541,0.26254424,0.4867291,0.24579383,0.06582892
48.32,-9.86,,,1.0,-1.3345481889319604,5.658200803597366,0.2910894,0.45000565,0.2753633,0.051626325
48.32,-9.76,,,1.0,-1.3272504810902013,5.6556805560339045,0.32989705,0.4070018,0.31651446,0.04025483
48.32,-9.74,,,1.0,-1.325790749919197,5.655177827123691,0.33802485,0.39885247,0.32526302,0.038712263
48.32,-9.7,,,1.0,-1.3228712099795523,5.654173727553008,0.35461676,0.38303763,0.34326053,0.03620243
48.32,-9.66,,,1.0,-1.319951474305122,5.6531714064035645,0.3715972,0.36790055,0.36186466,0.034408808
48.32,-9.64,,,1.0,-1.318491568074886,5.652670924438557,0.38022435,0.36058712,0.37137938,0.03375435
48.32,-9.6,,,1.0,-1.315571539994903,5.651671269546281,0.3976965,0.3465109,0.39079526,0.032768726
48.32,-9.56,,,1.0,-1.3126513177701111,5.650673391271926,0.4154304,0.33315504,0.41068146,0.032357216
48.32,-9.54,,,1.0,-1.3111910992372142,5.650175106267051,0.4243796,0.32675207,0.42077795,0.03229475
48.32,-9.5,,,1.0,-1.3082705869794309,5.649179891591599,0.44240552,0.31449455,0.44123587,0.03239584
48.32,-9.46,,,1.0,-1.305349882156461,5.648186451736564,0.4605645,0.30296183,0.46199,0.032746553
48.32,-9.440001,,,1.0,-1.3038894925494802,5.647690408964077,0.46967927,0.29746175,0.4724553,0.03310156
48.32,-9.4,,,1.0,-1.3009684304155524,5.646699606372868,0.48794943,0.28698778,0.4935101,0.033932447
48.32,-9.36,,,1.0,-1.2980472469254187,5.645710600453599,0.50623745,0.27719718,0.5146719,0.03489685
48.32,-9.34,,,1.0,-1.2965866185777477,5.645216773925023,0.51537347,0.27254844,0.52526754,0.035357475
48.32,-9.3,,,1.0,-1.2936651497671274,5.644230426187418,0.53361154,0.2637207,0.54643977,0.0364877
48.32,-9.26,,,1.0,-1.2907434915196596,5.643245849692816,0.551765,0.25549656,0.56752723,0.03766477
48.32,-9.2,,,1.0,-1.2863606154784175,5.641772292777989,0.5787689,0.24419415,0.5988217,0.039610505
48.32,-9.16,,,1.0,-1.283438486348836,5.640792141296178,0.5965661,0.2372883,0.6193575,0.040858984
48.32,-9.14,,,1.0,-1.2819773863555812,5.640302740545184,0.605395,0.23400766,0.6295048,0.041538
48.32,-9.1,,,1.0,-1.2790549765519983,5.639325241905493,0.6228875,0.22776586,0.6495085,0.04274285
48.32,-9.06,,,1.0,-1.2761323803990845,5.638349510954999,0.64014924,0.22190845,0.66908854,0.0437243
48.32,-9.04,,,1.0,-1.274670977790832,5.6378622965313765,0.6486805,0.21911478,0.6787021,0.04426229
48.32,-9.0,,,1.0,-1.2717481032599145,5.636889215808699,0.6655369,0.21376425,0.6975497,0.04515779
48.32,-8.96,,,1.0,-1.2688250439082551,5.6359179010072245,0.68210626,0.208709,0.7158617,0.045990586
48.32,-8.940001,,,1.0,-1.2673634799627165,5.635432917164368,0.690279,0.20627797,0.7248106,0.046194196
48.32,-8.9,,,1.0,-1.2644400748227922,5.634464226827291,0.7063899,0.20159942,0.7422666,0.04681909
48.32,-8.86,,,1.0,-1.2615165560763006,5.633497323765283,0.7221857,0.19713604,0.7591409,0.047230482
48.32,-8.84,,,1.0,-1.2600547630070085,5.63301454507958,0.729957,0.19498366,0.7673524,0.046922684
48.32,-8.8,,,1.0,-1.257130970442556,5.632050286917275,0.7452551,0.19081885,0.7833261,0.047217607
48.32,-8.76,,,1.0,-1.2542069960844544,5.631087791158155,0.76024234,0.18682992,0.7987294,0.047106028
48.32,-8.74,,,1.0,-1.2527449060618627,5.630607192507924,0.76760364,0.184906,0.80621934,0.047392488
48.32,-8.7,,,1.0,-1.2498206601368322,5.629647339061025,0.78210783,0.18118054,0.82079226,0.04641998
48.32,-8.66,,,1.0,-1.246896233916776,5.628689246267319,0.7963038,0.17763376,0.83485705,0.04591894
48.32,-8.64,,,1.0,-1.2454339882466885,5.628210871297542,0.80329263,0.1759274,0.84170604,0.04522252
48.32,-8.6,,,1.0,-1.2425092927045034,5.627255418153637,0.817072,0.17265773,0.8550854,0.044555902
48.32,-8.56,,,1.0,-1.2395844183560187,5.626301723918995,0.83059746,0.16959262,0.8680733,0.04353583
48.32,-8.54,,,1.0,-1.2381218794453293,5.625825524827176,0.83726406,0.16814482,0.8744284,0.0438627
48.32,-8.5,,,1.0,-1.235196737996171,5.624874467672915,0.8504407,0.16542709,0.8869218,0.04353714
48.32,-8.46,,,1.0,-1.2322714192196254,5.623925167690043,0.86339414,0.16297948,0.899155,0.041460633
48.32,-8.440001,,,1.0,-1.230808728392307,5.623451187716751,0.8698101,0.16186082,0.90519434,0.03992462
48.32,-8.4,,,1.0,-1.227883074976818,5.622504499620781,0.88249755,0.15986156,0.91714233,0.03986907
48.32,-8.36,,,1.0,-1.224957315452393,5.621559589555639,0.8950097,0.15820509,0.92894816,0.03666842
48.32,-8.34,,,1.0,-1.2234944048060814,5.621087803840248,0.90121585,0.15751123,0.93481946,0.035467386
48.32,-8.3,,,1.0,-1.2205683825926144,5.620145525618302,0.91347593,0.15643251,0.94649756,0.034388304
48.32,-8.26,,,1.0,-1.2176421859802975,5.6192050011103225,0.9255997,0.1557725,0.95813185,0.033082962
48.32,-8.24,,,1.0,-1.2161789875711218,5.618735385092823,0.9315996,0.15561152,0.96393627,0.032274485
48.32,-8.2,,,1.0,-1.2132525304474566,5.617797489885973,0.94346786,0.15565425,0.97554684,0.03102994
48.32,-8.16,,,1.0,-1.2103259003746862,5.616861346673569,0.95519304,0.15619397,0.9871579,0.02964735
48.32,-8.14,,,1.0,-1.20886255555306,5.616393942989675,0.96099216,0.15666175,0.9929729,0.029312372
48.32,-8.1,,,1.0,-1.205935667140453,5.615460426461977,0.97247124,0.1580072,1.0046289,0.028654099
48.32,-8.06,,,1.0,-1.203008607218858,5.614528660215385,0.98381615,0.15990841,1.0163318,0.027540088
48.32,-8.04,,,1.0,-1.2015449782260836,5.614063422147162,0.9894461,0.16107315,1.0222039,0.027223349
48.32,-7.9,,,1.0,-1.1912986289846854,5.610819073368995,1.0284541,0.17326379,1.0641816,0.02592206
48.32,-7.84,,,1.0,-1.186906702567307,5.60943519065241,1.0453683,0.18059295,1.0829172,0.026329875
48.32,-7.76,,,1.0,-1.1810502136731515,5.607596123796173,1.068668,0.1921488,1.1090289,0.027105808
48.32,-7.7000003,,,1.0,-1.1766574092113462,5.606221403268087,1.0870088,0.20199394,1.1297026,0.027694225
48.32,-7.6600003,,,1.0,-1.17372866548242,5.605307102418753,1.0997689,0.20903921,1.1441045,0.028665066
48.32,-7.64,,,1.0,-1.172264196685776,5.604850594713648,1.1063359,0.21268082,1.1515081,0.028914928
48.32,-7.6,,,1.0,-1.16933520523577,5.603938907856963,1.1198223,0.22019058,1.1667153,0.02961266
48.32,-7.56,,,1.0,-1.1664060493350243,5.603028962807824,1.1338398,0.22794402,1.1825011,0.03000784
48.32,-7.54,,,1.0,-1.164941409888972,5.602574643251315,1.1410449,0.23188841,1.1906071,0.030879974
48.32,-7.5,,,1.0,-1.1620120083513923,5.601667309655445,1.1558369,0.23989487,1.2072334,0.030634403
48.32,-7.46,,,1.0,-1.159082443746611,5.6007617161912,1.1711318,0.24799359,1.2243823,0.03166771
48.32,-7.44,,,1.0,-1.1576176004662095,5.600309571799459,1.178953,0.25206482,1.2331526,0.032377243
48.32,-7.4,,,1.0,-1.1546877922929566,5.599406587279338,1.1949053,0.260208,1.251021,0.033135295
48.32,-7.36,,,1.0,-1.1517578224267917,5.5985053412212356,1.2112083,0.26829946,1.269269,0.0337224
48.32,-7.34,,,1.0,-1.1502927770299058,5.598055369907253,1.2194753,0.27231055,1.2785181,0.034144998
48.32,-7.3,,,1.0,-1.1473625656498,5.597156730293614,1.2361724,0.28022552,1.2971984,0.034509182
48.32,-7.26,,,1.0,-1.1444321939418758,5.596259827478718,1.2530073,0.28796095,1.3160505,0.037369728
48.32,-7.2400002,,,1.0,-1.1429669481348756,5.595812027163407,1.2614491,0.29173887,1.3255016,0.035925508
48.32,-7.2000003,,,1.0,-1.1400363369537856,5.594917728302829,1.278307,0.29909384,1.3443973,0.038181663
48.32,-7.1600003,,,1.0,-1.13710556680083,5.594025164584077,1.2950476,0.3061415,1.3631955,0.040896177
48.32,-7.06,,,1.0,-1.1297779145124212,5.591801331619305,1.3356974,0.32208717,1.4089919,0.042385817
48.32,-7.0,,,1.0,-1.1253808722992529,5.590472237375765,1.3587762,0.33029813,1.4351183,0.04427123
48.32,-6.96,,,1.0,-1.1224493153536106,5.58958833949247,1.373423,0.33512235,1.4517506,0.04651308
48.32,-6.94,,,1.0,-1.1209834784395925,5.589147039788494,1.3805017,0.3373255,1.4597927,0.05080414
48.32,-6.9,,,1.0,-1.11805168806137,5.588265738446452,1.3940965,0.34128988,1.4752566,0.04976654
48.32,-6.86,,,1.0,-1.1151197427247996,5.587386167313794,1.4068971,0.34464103,1.4898087,0.050580263
48.32,-6.84,,,1.0,-1.11365371211251,5.586947030371791,1.412972,0.34607625,1.4967061,0.052398562
48.32,-6.8,,,1.0,-1.1107215353298954,5.5860700533286,1.4244167,0.3484612,1.5096717,0.05509007
48.32,-6.76,,,1.0,-1.1077892049088265,5.585194804863489,1.4348485,0.35016555,1.5214328,0.057665706
48.32,-6.7400002,,,1.0,-1.1063229822481335,5.584757828644322,1.4396483,0.35075378,1.5268115,0.060451508
48.32,-6.7000003,,,1.0,-1.1033904223541882,5.583885171826556,1.4483696,0.3513999,1.5364972,0.066363454
48.32,-6.6600003,,,1.0,-1.1004577101327964,5.583014241962012,1.4558067,0.35132086,1.5446137,0.06860471
48.32,-6.6400003,,,1.0,-1.0989912970624651,5.582579424434618,1.4590033,0.3510118,1.5480436,0.06174314
48.32,-6.6,,,1.0,-1.096058322363774,5.581711073443836,1.4642838,0.3498342,1.5535254,0.064121366
48.32,-6.56,,,1.0,-1.0931252316023137,5.580844458149611,1.4679564,0.34792733,1.557054,0.06837368
48.32,-6.54,,,1.0,-1.091658629749165,5.58041179730129,1.4691446,0.34669763,1.5580357,0.068912506
48.32,-6.5,,,1.0,-1.08872531342138,5.579547768799254,1.4701387,0.343701,1.5583342,0.0718565
48.32,-6.46,,,1.0,-1.08579184736172,5.578685464020158,1.4691652,0.3399989,1.5562751,0.06893647
48.32,-6.44,,,1.0,-1.0843250583433983,5.578254957825754,1.4678928,0.3378821,1.5543127,0.06970966
48.32,-6.4,,,1.0,-1.0813913686509415,5.577395237425888,1.4636767,0.33316064,1.5484306,0.0690968
48.32,-6.36,,,1.0,-1.0784575305112658,5.5765372391435735,1.4571111,0.3277895,1.5398031,0.07223439
48.32,-6.34,,,1.0,-1.0769905559335973,5.576108885596357,1.4529,0.32487893,1.5344275,0.068015695
48.32,-6.3,,,1.0,-1.0740564960815917,5.575253469290085,1.4425359,0.3186115,1.5214244,0.067124486
48.32,-6.26,,,1.0,-1.0711222890583452,5.57439977350251,1.4294441,0.3118074,1.5053526,0.0630672
48.32,-6.2400002,,,1.0,-1.069655130516301,5.573973570603906,1.4218379,0.30821604,1.496131,0.06629133
48.32,-6.2000003,,,1.0,-1.0667207036882067,5.57312245439899,1.4044203,0.30069053,1.4752238,0.05950761
48.32,-6.1600003,,,1.0,-1.0637861309562169,5.572273057120457,1.3839571,0.29275596,1.4509815,0.06052804
48.32,-6.1400003,,,1.0,-1.0623187900339808,5.571849002880076,1.3725568,0.28865707,1.4375833,0.056547403
48.32,-6.1,,,1.0,-1.059383964405391,5.571002172715996,1.3473245,0.280231,1.4081877,0.0523988
48.32,-6.06,,,1.0,-1.056449029116277,5.570157069997668,1.3187985,0.2715631,1.3752755,0.051072598
48.32,-6.04,,,1.0,-1.0549815073864497,5.569735162443553,1.3032712,0.26715493,1.3574946,0.0509187
48.32,-5.96,,,1.0,-1.049111061356287,5.568051822419159,1.2325991,0.24927688,1.2774775,0.045805335
48.32,-5.94,,,1.0,-1.0476433603825304,5.567632059567108,1.2127671,0.24479079,1.255258,0.043554068
48.32,-5.9,,,1.0,-1.0447078515104673,5.566793819897232,1.1704891,0.23588789,1.2082027,0.04256451
48.32,-5.84,,,1.0,-1.04030432181978,5.565539674300534,1.1005868,0.22278297,1.1312039,0.035318375
48.32,-5.8,,,1.0,-1.0373684584913494,5.564705718927232,1.0497643,0.21437228,1.0757744,0.035839677
48.32,-5.76,,,1.0,-1.0344324542431105,5.5638734761768545,0.9956579,0.2063055,1.0172623,0.029786587
48.32,-5.7400002,,,1.0,-1.032964399427548,5.563457996840058,0.967434,0.20242292,0.98691034,0.02913165
48.32,-5.7000003,,,1.0,-1.0300281847197714,5.562628321853414,0.9087479,0.19502401,0.9241828,0.029071212
48.32,-5.56,,,1.0,-1.019750301333359,5.5597379201386685,0.68327755,0.173962,0.68742526,0.019114017
48.32,-5.54,,,1.0,-1.018281898799975,5.559326716530719,0.6490997,0.17169076,0.65205413,0.018906713
48.32,-5.5,,,1.0,-1.0153449904794214,5.558505590674418,0.5797492,0.16778362,0.5806898,0.021249652
48.32,-5.36,,,1.0,-1.005064733510555,5.555645096357707,0.3337036,0.16149753,0.33134308,0.020394325
48.32,-5.34,,,1.0,-1.003595989301948,5.555238160738388,0.29907697,0.16160613,0.29667956,0.017620444
48.32,-5.3,,,1.0,-1.0006583994290688,5.554425568552045,0.23092167,0.16258603,0.22876152,0.0214957
48.32,-5.26,,,1.0,-0.99772067467833,5.553614681258668,0.16471699,0.16465282,0.16314428,0.021651983
48.32,-5.2400002,,,1.0,-0.9962517618720922,5.55320987675581,0.13252395,0.16606766,0.13134389,0.023765564
48.32,-5.2000003,,,1.0,-0.9933138356938296,5.552401545656277,0.07023187,0.16969776,0.07006118,0.024724126
48.32,-5.1600003,,,1.0,-0.9903757758215046,5.551594917923804,0.011113851,0.17436051,0.012161873,0.025157213
48.32,-5.1400003,,,1.0,-0.9889066958973864,5.551192242630024,-0.017113354,0.1770755,-0.015404035,0.027579546
48.32,-5.1000004,,,1.0,-0.9859684363671656,5.55038816880758,-0.07073418,0.18324792,-0.067595676,0.030109286
48.32,-5.06,,,1.0,-0.9830300092894144,5.549585787278134,-0.12030937,0.19037414,-0.115656905,0.03155005
48.32,-5.04,,,1.0,-0.9815607637162758,5.549185239304601,-0.1435045,0.19427818,-0.13807751,0.03363347
48.32,-4.96,,,1.0,-0.9756834524646406,5.547587299004129,-0.22524746,0.21205115,-0.21674578,0.040663123
48.32,-4.94,,,1.0,-0.9742140427028828,5.547188876450163,-0.24284872,0.21699601,-0.23360617,0.04061532
48.32,-4.9,,,1.0,-0.9712751252469228,5.546393305840394,-0.27466732,0.22741508,-0.2639852,0.04553342
48.32,-4.86,,,1.0,-0.9683360776000072,5.5455994340604144,-0.3019453,0.23849922,-0.28991452,0.049216986
48.32,-4.84,,,1.0,-0.9668665050992588,5.545203135043935,-0.31390086,0.2442612,-0.30124924,0.05007732
48.32,-4.8,,,1.0,-0.9639272630311216,5.544411810383284,-0.33452335,0.25617385,-0.32070574,0.05727935
48.32,-4.7000003,,,1.0,-0.9565785943169494,5.5424409232472875,-0.3677313,0.2878492,-0.35167676,0.069833994
48.32,-4.6600003,,,1.0,-0.9536389026148252,5.54165553663245,-0.37418288,0.3010419,-0.35752258,0.075621724
48.32,-4.6400003,,,1.0,-0.9521690089453716,5.541263479078627,-0.37605935,0.3077216,-0.3591565,0.07804966
48.32,-4.6000004,,,1.0,-0.9492291262536912,5.540480635106855,-0.37727156,0.32116485,-0.3600164,0.08592832
48.32,-4.52,,,1.0,-0.9433489459948516,5.538920020349958,-0.37046117,0.34819484,-0.35300517,0.10018301
48.32,-4.5,,,1.0,-0.941878830890968,5.538530927407333,-0.36704054,0.35493612,-0.34962353,0.10219252
48.32,-4.46,,,1.0,-0.9389385065161928,5.537754011104615,-0.35839048,0.3683163,-0.34116653,0.11003828
48.32,-4.42,,,1.0,-0.9359980569595544,5.5369787870875005,-0.34757367,0.3815195,-0.33063504,0.11828172
48.32,-4.36,,,1.0,-0.9315871488880422,5.535819122810574,-0.32789174,0.40088505,-0.31155223,0.13047457
48.32,-4.34,,,1.0,-0.9301167840910464,5.535433413557694,-0.32054168,0.4071921,-0.3044356,0.13469374
48.34,-10.0,,,1.0,-1.3440007657743906,5.6639355473783635,0.24635324,0.51166344,0.22831254,0.07939887
48.34,-9.9800005,,,1.0,-1.3425423682228097,5.663427573288812,0.2527877,0.5020249,0.2347094,0.07449651
48.34,-9.96,,,1.0,-1.341083850929394,5.662920020740634,0.2593729,0.49247563,0.24130332,0.069766164
48.34,-9.94,,,1.0,-1.3396252835177498,5.66241291387621,0.2661104,0.48301613,0.24808985,0.06547856
48.34,-9.92,,,1.0,-1.3381667356209406,5.661906276752978,0.27299964,0.4736539,0.25506723,0.0615685
48.34,-9.9,,,1.0,-1.3367080682186054,5.66140006096224,0.28003445,0.46440077,0.2622411,0.05793345
48.34,-9.88,,,1.0,-1.3352494204978664,5.660894314688633,0.2872167,0.45526206,0.26960692,0.0545398
48.34,-9.86,,,1.0,-1.3337906534286317,5.660388989608533,0.2945421,0.446243,0.2771615,0.051545262
48.34,-9.84,,,1.0,-1.3323319062073176,5.659884133821751,0.3020053,0.43735516,0.28491,0.04879701
48.34,-9.8,,,1.0,-1.3294141933947592,5.658875733427402,0.3173447,0.41998494,0.3009532,0.04409492
48.34,-9.76,,,1.0,-1.326496282703976,5.657869112781574,0.33318964,0.4032017,0.31771863,0.04041612
48.34,-9.74,,,1.0,-1.325037218568386,5.657366457659698,0.34129098,0.39504302,0.32636192,0.038892627
48.34,-9.72,,,1.0,-1.3235781747770798,5.6568642711611785,0.34950092,0.38704848,0.3351693,0.03758526
48.34,-9.7,,,1.0,-1.322119012261357,5.656362505302349,0.35782027,0.3792171,0.34413794,0.03644538
48.34,-9.68,,,1.0,-1.3206598702545076,5.655861207844052,0.3662366,0.37155753,0.3532673,0.035493135
48.34,-9.66,,,1.0,-1.3192006096782545,5.655360330887522,0.37474322,0.36407304,0.36254534,0.034693718
48.34,-9.64,,,1.0,-1.317741369775031,5.654859922108949,0.38334233,0.3567611,0.37196574,0.034055352
48.34,-9.6,,,1.0,-1.3148226739757538,5.653860413235556,0.40077472,0.34267902,0.39122775,0.033176422
48.34,-9.58,,,1.0,-1.313363218233912,5.653361313003242,0.40960455,0.3359071,0.4010425,0.03282404
48.34,-9.56,,,1.0,-1.3119037834921214,5.652862680504485,0.41849136,0.32931936,0.41097653,0.03274679
48.34,-9.54,,,1.0,-1.3104442306435604,5.652364468095019,0.4274301,0.3229187,0.4210215,0.032690763
48.34,-9.52,,,1.0,-1.3089846989579172,5.651866723197279,0.43642867,0.31669497,0.43116388,0.032746077
48.34,-9.5,,,1.0,-1.3075250493189188,5.651369398251772,0.44546852,0.3106566,0.44140258,0.032819986
48.34,-9.4800005,,,1.0,-1.306065421005275,5.65087254059641,0.45455638,0.3047977,0.45172727,0.032937407
48.34,-9.46,,,1.0,-1.3046056748912922,5.6503761027564385,0.46367338,0.29912037,0.46212903,0.0332613
48.34,-9.440001,,,1.0,-1.3031459502646745,5.649880131985288,0.47281596,0.29362345,0.47259384,0.033556223
48.34,-9.42,,,1.0,-1.301686107990337,5.649384580892897,0.4819817,0.28830183,0.4831194,0.03391552
48.34,-9.4,,,1.0,-1.300226217752409,5.648889473050775,0.49117512,0.28315234,0.49369407,0.034255028
48.34,-9.38,,,1.0,-1.298766349244065,5.648394831945954,0.5003777,0.2781738,0.50430816,0.034650326
48.34,-9.36,,,1.0,-1.2973063633161883,5.647900610315354,0.5095894,0.2733611,0.5149533,0.03520596
48.34,-9.34,,,1.0,-1.2958463992788432,5.647406855201354,0.51879925,0.2687149,0.52562,0.03573942
48.34,-9.32,,,1.0,-1.2943863179735964,5.6469135194254925,0.52801824,0.26422358,0.5362946,0.03625989
48.34,-9.3,,,1.0,-1.2929262587194017,5.646420649945785,0.53722703,0.25988936,0.5469752,0.036658645
48.34,-9.28,,,1.0,-1.291466082348544,5.645928199668347,0.546425,0.25570458,0.5576422,0.037331462
48.34,-9.26,,,1.0,-1.2900059281888363,5.645436215466868,0.5556062,0.2516656,0.5682933,0.037968516
48.34,-9.24,,,1.0,-1.2885456570633105,5.644944650332013,0.5647729,0.24776495,0.5789229,0.0386014
48.34,-9.2,,,1.0,-1.2856250427385418,5.6439628707055265,0.58302295,0.24036777,0.6000587,0.03976822
48.34,-9.18,,,1.0,-1.2841646996985558,5.643472655994207,0.5921027,0.23685813,0.6105459,0.04020524
48.34,-9.16,,,1.0,-1.2827042399932618,5.642982860078871,0.6011439,0.23346752,0.6209658,0.040790915
48.34,-9.14,,,1.0,-1.281243802976885,5.6424935295804275,0.6101467,0.23018944,0.63132024,0.04132843
48.34,-9.12,,,1.0,-1.2797832494448682,5.642004617742975,0.61910033,0.2270177,0.6415904,0.041949987
48.34,-9.1,,,1.0,-1.2783227187601844,5.641516171103234,0.628006,0.2239517,0.6517708,0.042580485
48.34,-9.08,,,1.0,-1.276862071709142,5.6410281429897156,0.63686234,0.22098029,0.66185546,0.04294014
48.34,-9.06,,,1.0,-1.275401447663426,5.640540579854977,0.645657,0.21810436,0.67183334,0.04344201
48.34,-9.04,,,1.0,-1.2739407074002425,5.640053435111914,0.65439194,0.21531224,0.6817043,0.043926716
48.34,-9.02,,,1.0,-1.272479990299966,5.639566755128958,0.6630678,0.21260476,0.69145733,0.044703722
48.34,-9.0,,,1.0,-1.2710191571307232,5.639080493403348,0.67168206,0.20997405,0.7010833,0.045294523
48.34,-8.9800005,,,1.0,-1.2695583472815488,5.6385946962194256,0.68022084,0.20741749,0.71059215,0.045232892
48.34,-8.96,,,1.0,-1.2680974215115226,5.638109317158742,0.68869764,0.204929,0.7199571,0.04543495
48.34,-8.940001,,,1.0,-1.2666365192183118,5.637624402421585,0.69709224,0.20250648,0.72919434,0.045628548
48.34,-8.92,,,1.0,-1.2651755011519787,5.637139905673779,0.7054143,0.20014668,0.73828495,0.046132088
48.34,-8.9,,,1.0,-1.263714437050322,5.636655849961058,0.7136546,0.19784755,0.7472351,0.0460881
48.34,-8.88,,,1.0,-1.2622533966598215,5.636172258245096,0.7218193,0.1956011,0.7560376,0.046571493
48.34,-8.86,,,1.0,-1.2607922407170715,5.635689084318071,0.72989863,0.19341087,0.7646903,0.04635012
48.34,-8.84,,,1.0,-1.259331108641186,5.635206374170282,0.7378995,0.19127011,0.7731924,0.046812415
48.34,-8.82,,,1.0,-1.257869861159817,5.634724081678104,0.745819,0.18917775,0.78154725,0.04691267
48.34,-8.8,,,1.0,-1.2564086377006107,5.6342422527478915,0.75364876,0.18713522,0.7897544,0.046784163
48.34,-8.78,,,1.0,-1.2549472989823032,5.633760841340185,0.7613996,0.18513477,0.7978194,0.046463966
48.34,-8.76,,,1.0,-1.253485984441042,5.633279893277433,0.76905966,0.18318284,0.8057221,0.04662645
48.34,-8.74,,,1.0,-1.2520245547866793,5.632799362604306,0.77663577,0.18127495,0.8134874,0.047118545
48.34,-8.72,,,1.0,-1.2505631494638374,5.632319295059382,0.78413796,0.17940915,0.8211111,0.04657221
48.34,-8.7,,,1.0,-1.2491016291735118,5.631839644771423,0.79154783,0.17759001,0.828596,0.046102166
48.34,-8.68,,,1.0,-1.24764013336877,5.6313604573951705,0.7988723,0.17581624,0.83594567,0.045425296
48.34,-8.66,,,1.0,-1.2461785227417812,5.630881687143451,0.8061233,0.17408651,0.8431631,0.04552996
48.34,-8.64,,,1.0,-1.2447169367540314,5.6304033795872,0.81328833,0.17240518,0.85025775,0.045779586
48.34,-8.62,,,1.0,-1.24325523608889,5.6299254890232735,0.8203845,0.17076993,0.8572297,0.04476869
48.34,-8.6,,,1.0,-1.2417935602162329,5.629448060938835,0.8273889,0.16918808,0.86408365,0.044189453
48.34,-8.58,,,1.0,-1.2403317698106624,5.628971049714736,0.83433086,0.16765583,0.8708279,0.043273687
48.34,-8.56,,,1.0,-1.2388700043504133,5.628494500754409,0.84118676,0.1661818,0.8774677,0.043057203
48.34,-8.54,,,1.0,-1.2374081245013482,5.628018368522662,0.8479822,0.16476172,0.88400936,0.0427202
48.34,-8.52,,,1.0,-1.235946269750038,5.627542698339222,0.8547079,0.16340232,0.89046687,0.042075157
48.34,-8.5,,,1.0,-1.234484300753632,5.627067444752833,0.86136866,0.16210628,0.8968404,0.041502953
48.34,-8.4800005,,,1.0,-1.2330223570070065,5.626592652999548,0.8679654,0.16087711,0.9031309,0.040761948
48.34,-8.46,,,1.0,-1.2315602991586283,5.626118277712009,0.8745047,0.15971637,0.9093541,0.04103923
48.34,-8.440001,,,1.0,-1.2300982667116511,5.625644364042629,0.880966,0.15863407,0.9155102,0.039664745
48.34,-8.42,,,1.0,-1.2286361203058904,5.625170866707918,0.8873925,0.15762329,0.9216137,0.037380815
48.34,-8.4,,,1.0,-1.2271739297306106,5.624697808230477,0.8937481,0.15669715,0.92766184,0.038092136
48.34,-8.38,,,1.0,-1.2257117647834106,5.624225211049267,0.9000421,0.15585887,0.933658,0.038418293
48.34,-8.36,,,1.0,-1.2242494860911726,5.62375303000653,0.9062937,0.15510708,0.93962,0.036803484
48.34,-8.34,,,1.0,-1.2227872331776255,5.623281310045734,0.9125032,0.15444589,0.9455429,0.036096454
48.34,-8.32,,,1.0,-1.221324866661072,5.622810006092901,0.91864157,0.15388846,0.9514387,0.034929037
48.34,-8.3,,,1.0,-1.219862526073421,5.622339163007979,0.9247393,0.15342867,0.95730335,0.034845352
48.34,-8.28,,,1.0,-1.2184000720244197,5.621868735800737,0.93077564,0.15307814,0.9631463,0.03408122
48.34,-8.26,,,1.0,-1.216937644054131,5.621398769247633,0.9367665,0.15283656,0.96896666,0.03312993
48.34,-8.24,,,1.0,-1.215475102763777,5.62092921844216,0.9427126,0.15270823,0.9747768,0.032696724
48.34,-8.22,,,1.0,-1.2140125877015455,5.6204601280773145,0.94860494,0.15269834,0.9805715,0.032061815
48.34,-8.2,,,1.0,-1.2125499594601603,5.619991453330275,0.9544507,0.15280837,0.98635507,0.03147459
48.34,-8.18,,,1.0,-1.2110873575959111,5.619523238810619,0.96025074,0.15304375,0.992136,0.031040907
48.34,-8.16,,,1.0,-1.2096246426930486,5.6190554397791725,0.96598786,0.15341038,0.9979099,0.030306816
48.34,-8.14,,,1.0,-1.2081619543159352,5.618588100762126,0.9717007,0.15390241,1.0036877,0.029836178
48.34,-8.12,,,1.0,-1.2066991530403797,5.618121177103923,0.97735804,0.15453297,1.0094674,0.029345155
48.34,-8.1,,,1.0,-1.2052363784387905,5.617654713247398,0.9829663,0.15530032,1.0152454,0.029594421
48.34,-8.08,,,1.0,-1.2037734910785596,5.617188664620584,0.9885506,0.15620154,1.0210376,0.028586745
48.34,-8.04,,,1.0,-1.200847657382462,5.6162579016461915,0.9996047,0.15842986,1.0326511,0.027868032
48.34,-7.98,,,1.0,-1.1964585860903263,5.614865036022352,1.0159984,0.1628393,1.0502384,0.027225018
48.34,-7.96,,,1.0,-1.1949954770793014,5.614401621497375,1.0214365,0.16459346,1.0561593,0.027087212
48.34,-7.94,,,1.0,-1.1935323255635986,5.613938643838885,1.0268675,0.16649103,1.0621204,0.026958942
48.34,-7.9,,,1.0,-1.1906058953026497,5.613013998781805,1.0377783,0.17070186,1.0741811,0.02687478
48.34,-7.88,,,1.0,-1.1891426166994106,5.612552331213592,1.0432603,0.1730125,1.0803003,0.0270015
48.34,-7.8,,,1.0,-1.1832890807870284,5.610710025366827,1.0656399,0.1835432,1.1054766,0.02736473
48.34,-7.78,,,1.0,-1.1818255917872056,5.610250539588839,1.0713775,0.186486,1.1119922,0.027268767
48.34,-7.76,,,1.0,-1.1803620609196153,5.609791489915424,1.0772061,0.18953574,1.1185992,0.027465343
48.34,-7.7400002,,,1.0,-1.1788984882545537,5.6093328762622345,1.0831194,0.19269228,1.1253146,0.028051853
48.34,-7.7200003,,,1.0,-1.177434873862225,5.608874698544988,1.089135,0.19595146,1.1321437,0.028584361
48.34,-7.7000003,,,1.0,-1.1759712178127362,5.608416956679462,1.095244,0.19931114,1.139096,0.028589249
48.34,-7.6800003,,,1.0,-1.1745075201761055,5.607959650581496,1.1014652,0.2027592,1.1461678,0.028872967
48.34,-7.6600003,,,1.0,-1.1730437810222556,5.607502780167001,1.1078049,0.20628965,1.153378,0.029014468
48.34,-7.64,,,1.0,-1.1715799655212369,5.607046334474865,1.1142625,0.20989758,1.1607084,0.029394984
48.34,-7.62,,,1.0,-1.1701161435413538,5.606590335185645,1.1208475,0.21357763,1.1681819,0.029780388
48.34,-7.6,,,1.0,-1.1686522802534591,5.606134771327978,1.1275637,0.2173202,1.1757948,0.029776573
48.34,-7.58,,,1.0,-1.167188375727104,5.60567964281802,1.1344109,0.2211197,1.1835451,0.030157685
48.34,-7.56,,,1.0,-1.1657244300317438,5.605224949571984,1.1413867,0.22497076,1.1914464,0.030174136
48.34,-7.54,,,1.0,-1.164260443236743,5.604770691506155,1.1484971,0.22886157,1.1994791,0.03107047
48.34,-7.52,,,1.0,-1.162796415411373,5.604316868536872,1.1557347,0.23279405,1.2076507,0.03122425
48.34,-7.5,,,1.0,-1.161332346624811,5.603863480580542,1.163103,0.23674524,1.2159597,0.031520844
48.34,-7.48,,,1.0,-1.159868236946145,5.6034105275536366,1.1705968,0.24072146,1.2244015,0.031648993
48.34,-7.46,,,1.0,-1.158404086444367,5.602958009372685,1.1782068,0.24471515,1.2329705,0.031983256
48.34,-7.44,,,1.0,-1.156939895188379,5.602505925954283,1.1859301,0.24871099,1.2416576,0.032429576
48.34,-7.42,,,1.0,-1.1554756632469905,5.602054277215086,1.1937621,0.2527107,1.2504587,0.032569885
48.34,-7.4,,,1.0,-1.1540113906889178,5.6016030630718205,1.2016932,0.2566998,1.259364,0.03300953
48.34,-7.38,,,1.0,-1.1525470775827853,5.601152283441266,1.2097176,0.26067746,1.2683676,0.033331394
48.34,-7.36,,,1.0,-1.1510827239971275,5.600701938240272,1.2178226,0.26462317,1.2774554,0.03371942
48.34,-7.34,,,1.0,-1.149618330000385,5.600252027385748,1.2259974,0.26855135,1.2866211,0.034419775
48.34,-7.32,,,1.0,-1.1481538956609072,5.599802550794667,1.2342299,0.27243924,1.2958497,0.034262657
48.34,-7.3,,,1.0,-1.1466894210469527,5.599353508384067,1.242516,0.27628666,1.3051295,0.03461337
48.34,-7.28,,,1.0,-1.1452249062266875,5.598904900071051,1.2508292,0.28008527,1.3144513,0.03595662
48.34,-7.26,,,1.0,-1.1437603512681878,5.598456725772778,1.2591704,0.28383023,1.3237982,0.035544634
48.34,-7.2000003,,,1.0,-1.1393664462426598,5.597114806139024,1.2842091,0.29466444,1.3518584,0.03674531
48.34,-7.12,,,1.0,-1.133507313462406,5.595331640545062,1.317112,0.30797356,1.3888056,0.039235353
48.34,-7.08,,,1.0,-1.130577526681656,5.594442663528217,1.3331258,0.31403995,1.4068289,0.039936543
48.34,-7.04,,,1.0,-1.1276475820508782,5.593555419270941,1.3487096,0.31965798,1.424411,0.039423227
48.34,-7.02,,,1.0,-1.1261825507093657,5.5931124467218405,1.3563162,0.32227635,1.432999,0.0430851
48.34,-6.98,,,1.0,-1.1232523703085713,5.592227800372672,1.3710977,0.32714045,1.4497014,0.04572749
48.34,-6.96,,,1.0,-1.1217872213828166,5.591786126408777,1.3782526,0.3293686,1.457801,0.045874596
48.34,-6.94,,,1.0,-1.1203220333956876,5.5913448851429,1.3852354,0.33145326,1.4657049,0.04695809
48.34,-6.92,,,1.0,-1.1188568064137232,5.590904076493287,1.3920383,0.3333935,1.4734048,0.048880935
48.34,-6.9,,,1.0,-1.117391540503372,5.590463700378251,1.3986533,0.33519298,1.4808893,0.049004555
48.34,-6.88,,,1.0,-1.1159262357309918,5.590023756716167,1.4050704,0.33682984,1.4881464,0.049347878
48.34,-6.86,,,1.0,-1.1144608921628525,5.589584245425471,1.4112709,0.33831328,1.4951558,0.049701214
48.34,-6.84,,,1.0,-1.1129955098651334,5.5891451664246725,1.4172575,0.3396327,1.501912,0.04938364
48.34,-6.82,,,1.0,-1.1115300889039272,5.588706519632338,1.4230136,0.34079045,1.5083894,0.052877188
48.34,-6.8,,,1.0,-1.1100646293452343,5.5882683049671,1.4285246,0.3417827,1.5145782,0.05460894
48.34,-6.78,,,1.0,-1.1085991312549686,5.587830522347653,1.4337864,0.34259713,1.5204635,0.05197668
48.34,-6.76,,,1.0,-1.1071335946989556,5.58739317169276,1.4387859,0.34324592,1.5260277,0.057389975
48.34,-6.7400002,,,1.0,-1.1056680197429285,5.586956252921248,1.4435011,0.34372723,1.5312572,0.056634903
48.34,-6.7200003,,,1.0,-1.104202406452536,5.586519765952007,1.4479274,0.34401542,1.5361248,0.05711615
48.34,-6.7000003,,,1.0,-1.1027367548933376,5.5860837107039885,1.4520472,0.3441373,1.5406214,0.05656731
48.34,-6.6800003,,,1.0,-1.1012710651308009,5.585648087096213,1.4558448,0.34407258,1.5447186,0.059505224
48.34,-6.6600003,,,1.0,-1.0998053372303098,5.585212895047766,1.4593047,0.34382665,1.5484058,0.06086564
48.34,-6.6400003,,,1.0,-1.0983395712571578,5.584778134477796,1.4624149,0.34340203,1.5516648,0.06173277
48.34,-6.62,,,1.0,-1.096873732328573,5.584343794955428,1.4651527,0.3427937,1.554473,0.0629127
48.34,-6.6,,,1.0,-1.0954078904047233,5.583909897110393,1.4675057,0.34200078,1.5568048,0.06294036
48.34,-6.58,,,1.0,-1.0939420106035669,5.583476430501663,1.4694536,0.34102148,1.558645,0.061199427
48.34,-6.56,,,1.0,-1.0924760929900463,5.583043395048647,1.4709792,0.3398682,1.5599766,0.06548071
48.34,-6.54,,,1.0,-1.0910101376290142,5.582610790670815,1.4720645,0.33853137,1.5607705,0.061788797
48.34,-6.52,,,1.0,-1.0895441445852396,5.582178617287704,1.4726924,0.33701503,1.5610149,0.06363392
48.34,-6.5,,,1.0,-1.0880781139234,5.581746874818915,1.4728432,0.33531952,1.560689,0.06561828
48.34,-6.48,,,1.0,-1.0866120457080883,5.581315563184118,1.4724921,0.33345872,1.5597662,0.06532776
48.34,-6.46,,,1.0,-1.0851459400038093,5.580884682303039,1.4716284,0.3314128,1.5582279,0.06238699
48.34,-6.44,,,1.0,-1.0836797968749798,5.580454232095477,1.470229,0.32919943,1.5560582,0.062397003
48.34,-6.42,,,1.0,-1.08221361638593,5.580024212481292,1.4682735,0.32682097,1.5532341,0.0674088
48.34,-6.4,,,1.0,-1.0807473986009044,5.579594623380413,1.4657423,0.32428086,1.5497395,0.065396786
48.34,-6.38,,,1.0,-1.0792811435840586,5.579165464712827,1.4626213,0.32157516,1.5455524,0.068960905
48.34,-6.36,,,1.0,-1.0778148513994623,5.578736736398596,1.4588809,0.31872976,1.5406578,0.06378436
48.34,-6.34,,,1.0,-1.0763485221111,5.578308438357835,1.4545134,0.3157202,1.5350404,0.06170404
48.34,-6.32,,,1.0,-1.074882155782867,5.577880570510737,1.4494911,0.31257463,1.5286711,0.06385541
48.34,-6.3,,,1.0,-1.0734157524785743,5.577453132777549,1.4438028,0.30928707,1.5215474,0.06638098
48.34,-6.28,,,1.0,-1.0719493122619448,5.577026125078591,1.4374175,0.30587423,1.5136479,0.061832428
48.34,-6.26,,,1.0,-1.070482835196617,5.576599547334246,1.4303352,0.30232668,1.5049523,0.059079885
48.34,-6.2400002,,,1.0,-1.0690163213461414,5.576173399464961,1.4225268,0.29866576,1.4954556,0.05769372
48.34,-6.2200003,,,1.0,-1.0675497707739838,5.575747681391249,1.413981,0.29488707,1.4851425,0.060934305
48.34,-6.2000003,,,1.0,-1.0660831835435234,5.575322393033689,1.4046774,0.29100585,1.4739946,0.061478853
48.34,-6.1800003,,,1.0,-1.064616559718054,5.574897534312924,1.3946091,0.28702056,1.4620036,0.059184313
48.34,-6.1600003,,,1.0,-1.063149899360783,5.574473105149666,1.3837553,0.28295094,1.4491607,0.05785656
48.34,-6.1400003,,,1.0,-1.0616832025348328,5.57404910546469,1.3721029,0.27879703,1.4354552,0.054124475
48.34,-6.1200004,,,1.0,-1.06021646930324,5.573625535178834,1.3596306,0.27456546,1.4208832,0.05231166
48.34,-6.1,,,1.0,-1.0587496647579775,5.573202384129649,1.34634,0.2702747,1.4054301,0.048612356
48.34,-6.08,,,1.0,-1.0572828589030034,5.572779672415052,1.3322258,0.26591778,1.3890842,0.04726827
48.34,-6.06,,,1.0,-1.0558160168309851,5.572357389862494,1.3172591,0.26152265,1.371859,0.050848246
48.34,-6.04,,,1.0,-1.0543491386046189,5.571935536393072,1.3014408,0.25708163,1.3537388,0.050233245
48.34,-6.02,,,1.0,-1.052882224286514,5.571514111927959,1.2847636,0.25261152,1.3347152,0.047871113
48.34,-6.0,,,1.0,-1.0514152739391975,5.571093116388387,1.2672158,0.24812233,1.3148059,0.04502976
48.34,-5.98,,,1.0,-1.049948287625108,5.570672549695659,1.2488035,0.24361467,1.2939992,0.043284178
48.34,-5.96,,,1.0,-1.048481265406603,5.57025241177114,1.2295082,0.23911148,1.2722915,0.04213524
48.34,-5.94,,,1.0,-1.0470142073459527,5.569832702536261,1.2093261,0.23461819,1.2497,0.03989458
48.34,-5.92,,,1.0,-1.045547113505344,5.5694134219125235,1.1882823,0.23014325,1.2262281,0.039002657
48.34,-5.9,,,1.0,-1.0440799839468793,5.568994569821488,1.1663538,0.22569823,1.201876,0.038054824
48.34,-5.88,,,1.0,-1.0426128187325765,5.568576146184786,1.1435474,0.2212807,1.1766587,0.03635645
48.34,-5.86,,,1.0,-1.0411456179243683,5.5681581509241145,1.119869,0.2169196,1.150593,0.033426285
48.34,-5.84,,,1.0,-1.0396783815841053,5.567740583961232,1.0953424,0.21261752,1.1236941,0.03348553
48.34,-5.76,,,1.0,-1.0338090821365509,5.566074597525183,0.9888509,0.19620115,1.008092,0.028834343
48.34,-5.7000003,,,1.0,-1.0294067374824498,5.564829601001133,0.90074056,0.18499476,0.91373634,0.022925138
48.34,-5.6200004,,,1.0,-1.0235364543305907,5.563175592713957,0.7736307,0.17208344,0.77947396,0.02212429
48.34,-5.54,,,1.0,-1.017665579440246,5.561528412456173,0.63791716,0.16200984,0.63821363,0.021096945
48.34,-5.48,,,1.0,-1.0132620864882893,5.56029751898967,0.53248954,0.15663457,0.5298301,0.020481586
48.34,-5.4,,,1.0,-1.0073902816135154,5.558662302876937,0.39035326,0.15273929,0.38535815,0.016120553
48.34,-5.34,,,1.0,-1.0029860693555757,5.557440369486003,0.28508228,0.15243828,0.27948132,0.01983118
48.34,-5.32,,,1.0,-1.0015179306169577,5.5570339110315174,0.25063998,0.15285397,0.24503344,0.019227266
48.34,-5.3,,,1.0,-1.000049757984781,5.556627878787485,0.21665385,0.15353703,0.21112934,0.020207405
48.34,-5.28,,,1.0,-0.99858155151858,5.556222272677533,0.18318033,0.15447992,0.17782743,0.020308256
48.34,-5.26,,,1.0,-0.9971133112778062,5.55581709262535,0.15027538,0.15567815,0.14519326,0.020730615
48.34,-5.2400002,,,1.0,-0.9956450373218322,5.555412338554698,0.11805195,0.157148,0.113278195,0.022238135
48.34,-5.1800003,,,1.0,-0.9912400137552068,5.554200631470516,0.02588399,0.16310894,0.022419717,0.023840308
48.34,-5.1600003,,,1.0,-0.9897716055305268,5.553797580564916,-0.0031490873,0.1656143,-0.006080494,0.025333166
48.34,-5.1400003,,,1.0,-0.9883031638862898,5.553394955260647,-0.03125248,0.1683647,-0.03360301,0.025986433
48.34,-5.1200004,,,1.0,-0.986834688881383,5.552992755481872,-0.058389805,0.17136139,-0.060133655,0.027264118
48.34,-5.1000004,,,1.0,-0.985366180574612,5.552590981152821,-0.084521964,0.17460126,-0.085621074,0.027883768
48.34,-5.08,,,1.0,-0.9838976040115148,5.552189622633945,-0.10959166,0.17808712,-0.11005021,0.03013444
48.34,-5.06,,,1.0,-0.982429029276323,5.551788698987436,-0.13361764,0.18178833,-0.13338828,0.028718472
48.34,-5.04,,,1.0,-0.980960421415206,5.55138820056374,-0.15652618,0.18572474,-0.15561672,0.032067537
48.34,-5.02,,,1.0,-0.979491780486648,5.550988127287355,-0.17832285,0.18988454,-0.17672929,0.03383851
48.34,-4.98,,,1.0,-0.9765543996607536,5.5501892558748525,-0.21850194,0.19881451,-0.2155396,0.036761522
48.34,-4.96,,,1.0,-0.9750856598799869,5.549790457588068,-0.23686524,0.20358348,-0.23322847,0.03669715
48.34,-4.94,,,1.0,-0.9736168872649232,5.549392084147267,-0.25406495,0.20853114,-0.24976164,0.039572477
48.34,-4.92,,,1.0,-0.9721480818736472,5.5489941354772805,-0.27011177,0.21366435,-0.2651506,0.042997837
48.34,-4.9,,,1.0,-0.9706792437641674,5.548596611503017,-0.2849924,0.21897167,-0.27940074,0.041420817
48.34,-4.88,,,1.0,-0.96921037299441,5.548199512149445,-0.29871583,0.22443545,-0.29252788,0.04650557
48.34,-4.86,,,1.0,-0.9677414696222228,5.547802837341603,-0.31130594,0.23004168,-0.30451795,0.047771692
48.34,-4.84,,,1.0,-0.966272533705377,5.547406587004598,-0.32275242,0.2358064,-0.31540635,0.049934268
48.34,-4.82,,,1.0,-0.9648035653015604,5.547010761063607,-0.33308238,0.24170089,-0.3252037,0.052318573
48.34,-4.8,,,1.0,-0.9633345644683856,5.5466153594438685,-0.34231323,0.24770892,-0.33392945,0.055219293
48.34,-4.78,,,1.0,-0.9618655312633828,5.546220382070695,-0.35046372,0.25383556,-0.34160578,0.056574106
48.34,-4.7000003,,,1.0,-0.955989075872986,5.5446447135522074,-0.37269142,0.2792704,-0.36233047,0.06661224
48.34,-4.6800003,,,1.0,-0.9545198816690736,5.544251856293875,-0.37579,0.28581977,-0.3651502,0.06956875
48.34,-4.6600003,,,1.0,-0.953050655436874,5.54385942283539,-0.3779687,0.29241526,-0.36709142,0.07105541
48.34,-4.6400003,,,1.0,-0.9515813972333704,5.543467413102537,-0.37925366,0.29904795,-0.36817893,0.07499671
48.34,-4.6000004,,,1.0,-0.9486427851399912,5.542684664517213,-0.37927687,0.31242776,-0.3679168,0.0811851
48.34,-4.5800004,,,1.0,-0.9471734313636888,5.542293925516651,-0.37809086,0.3191327,-0.3666464,0.08416581
48.34,-4.52,,,1.0,-0.9427651447613472,5.5411242395156295,-0.3701538,0.33926952,-0.3586836,0.094779015
48.34,-4.5,,,1.0,-0.9412956643469196,5.540735193799996,-0.3661763,0.34594607,-0.3547657,0.09811187
48.34,-4.48,,,1.0,-0.9398261524142446,5.540346571218727,-0.36158845,0.3526079,-0.350274,0.10117817
48.34,-4.46,,,1.0,-0.9383566090196044,5.539958371698218,-0.3564347,0.35921907,-0.34523672,0.10461509
48.34,-4.36,,,1.0,-0.9310084220814212,5.538023717435816,-0.3234437,0.39148474,-0.31317466,0.12115824
48.34,-4.34,,,1.0,-0.9295386910926096,5.537638054738064,-0.3156512,0.39772844,-0.30561078,0.12739575
48.36,-10.0,,,1.0,-1.3432383648166797,5.666123069520581,0.25050884,0.5083911,0.23183542,0.079248905
48.36,-9.9800005,,,1.0,-1.3417806359821944,5.665615170902451,0.25692168,0.49874622,0.23811418,0.07419264
48.36,-9.96,,,1.0,-1.3403227873014112,5.665107693707229,0.26348668,0.48918343,0.24458799,0.06964719
48.36,-9.94,,,1.0,-1.3388648883661334,5.664600662073855,0.2701994,0.47972012,0.25125563,0.06540382
48.36,-9.92,,,1.0,-1.3374070087776435,5.664094100056345,0.27706322,0.47034723,0.25811633,0.06149113
48.36,-9.9,,,1.0,-1.335949009579403,5.663587959253322,0.2840761,0.46108693,0.26516688,0.05788517
48.36,-9.88,,,1.0,-1.3344910298948969,5.663082287842431,0.2912265,0.45194483,0.2724063,0.054574966
48.36,-9.86,,,1.0,-1.3330329307578284,5.662577037507343,0.29852372,0.44292152,0.27984175,0.051589012
48.36,-9.84,,,1.0,-1.3315748513010035,5.662072256340899,0.30596218,0.43402648,0.2874694,0.048876524
48.36,-9.82,,,1.0,-1.3301166525484007,5.661567896111789,0.313529,0.42527294,0.29527944,0.04643309
48.36,-9.8,,,1.0,-1.3286584736421163,5.6610640048280825,0.32123542,0.41665268,0.3032737,0.044281244
48.36,-9.78,,,1.0,-1.3272001755964355,5.660560534343451,0.32906193,0.40818328,0.31144908,0.042359114
48.36,-9.76,,,1.0,-1.325741897562713,5.660057532581227,0.337014,0.3998677,0.31980157,0.040649176
48.36,-9.74,,,1.0,-1.3242835005455698,5.6595549514800325,0.3450807,0.39170957,0.32832873,0.039155245
48.36,-9.72,,,1.0,-1.3228251237055917,5.6590528388785,0.35325876,0.38371617,0.3370255,0.037871838
48.36,-9.7,,,1.0,-1.321366628037768,5.6585511468001615,0.3615454,0.3758853,0.34588486,0.036753416
48.36,-9.68,,,1.0,-1.319908152711884,5.658049922998984,0.3699309,0.36822724,0.35490653,0.035821438
48.36,-9.66,,,1.0,-1.3184495587133278,5.6575491195833845,0.37841195,0.3607422,0.36408505,0.03505206
48.36,-9.64,,,1.0,-1.3169909852210535,5.657048784222692,0.38698316,0.35343307,0.37341458,0.034356594
48.36,-9.6,,,1.0,-1.3140736218709,5.656049421830553,0.4043729,0.3393525,0.39249173,0.03357911
48.36,-9.58,,,1.0,-1.3126148321673932,5.655550394661915,0.41318455,0.33258247,0.4022354,0.033332705
48.36,-9.56,,,1.0,-1.3111560632975618,5.655051835104424,0.42205238,0.32600152,0.41209558,0.033185244
48.36,-9.54,,,1.0,-1.3096971762181788,5.654553695520935,0.43098944,0.31960046,0.42207447,0.033118725
48.36,-9.52,,,1.0,-1.3082383101355235,5.654056023327089,0.43998504,0.31338054,0.43216705,0.03317225
48.36,-9.5,,,1.0,-1.3067793259968914,5.653558770970482,0.4490295,0.3073461,0.44236964,0.03320098
48.36,-9.4800005,,,1.0,-1.3053203630176142,5.653061985782264,0.4581225,0.30149114,0.45265827,0.033447504
48.36,-9.46,,,1.0,-1.303861282135537,5.652565620294734,0.4672569,0.29581803,0.46304032,0.03359151
48.36,-9.440001,,,1.0,-1.3024022225750127,5.652069721754587,0.47643077,0.2903214,0.47349554,0.03396523
48.36,-9.42,,,1.0,-1.300943045264472,5.651574242778799,0.48563528,0.28500277,0.4840218,0.034315467
48.36,-9.4,,,1.0,-1.2994838198564127,5.65107920693559,0.49486524,0.2798574,0.49461243,0.034723043
48.36,-9.38,,,1.0,-1.2980246160124076,5.650584637708719,0.50412333,0.2748804,0.5052522,0.035221457
48.36,-9.36,,,1.0,-1.2965652946468171,5.6500904878421165,0.5133941,0.27007276,0.5159372,0.035537243
48.36,-9.34,,,1.0,-1.2951059950064143,5.649596804371471,0.52267766,0.26542777,0.52666146,0.03606701
48.36,-9.32,,,1.0,-1.2936465779962218,5.649103540125302,0.5319769,0.26094002,0.5374037,0.0365752
48.36,-9.3,,,1.0,-1.2921871828719274,5.648610742054962,0.5412759,0.25660908,0.54816365,0.037111044
48.36,-9.28,,,1.0,-1.2907276705292436,5.64811836307353,0.5505753,0.25242674,0.5589304,0.037639856
48.36,-9.26,,,1.0,-1.289268180232746,5.6476264500480475,0.5598718,0.24838966,0.5696925,0.03819585
48.36,-9.24,,,1.0,-1.2878085728688664,5.64713495597612,0.5691533,0.24449372,0.58043784,0.038719058
48.36,-9.22,,,1.0,-1.286348987711039,5.646643927640514,0.57842284,0.24073142,0.59116906,0.039334297
48.36,-9.2,,,1.0,-1.2848892856364442,5.646153318123328,0.5876724,0.23709893,0.6018612,0.039850235
48.36,-9.16,,,1.0,-1.2819698094517078,5.645173448806356,0.60608745,0.23020554,0.62310535,0.040928364
48.36,-9.12,,,1.0,-1.2790501449327651,5.64419534731735,0.62437606,0.22376359,0.6441099,0.041771173
48.36,-9.1,,,1.0,-1.2775902770480665,5.64370697092621,0.63346046,0.22069931,0.65449613,0.042423725
48.36,-9.08,,,1.0,-1.2761302926961045,5.643219012949396,0.64249706,0.21773344,0.66479874,0.04304886
48.36,-9.06,,,1.0,-1.274670331185456,5.64273151983293,0.6514826,0.21486068,0.6750012,0.043426037
48.36,-9.04,,,1.0,-1.273210253356601,5.642244444996531,0.660414,0.21207595,0.6851136,0.043627262
48.36,-9.02,,,1.0,-1.2717501985268285,5.64175783480212,0.6692875,0.20937312,0.69510686,0.04404235
48.36,-8.9800005,,,1.0,-1.2688298796846411,5.6407859151292365,0.6868491,0.20420003,0.71474266,0.044636726
48.36,-8.96,,,1.0,-1.2673696158205072,5.6403006055169485,0.69553155,0.2017194,0.7243758,0.045027614
48.36,-8.940001,,,1.0,-1.265909375269747,5.639815760110689,0.704139,0.19930696,0.7338789,0.045447707
48.36,-8.92,,,1.0,-1.2644490188456228,5.639331332583047,0.7126723,0.19695616,0.7432381,0.04563403
48.36,-8.9,,,1.0,-1.262988616254466,5.638847345976595,0.72113395,0.19466567,0.75246054,0.04586935
48.36,-8.88,,,1.0,-1.2615282372113117,5.63836382324987,0.7295068,0.19243395,0.76153356,0.045745254
48.36,-8.86,,,1.0,-1.2600677425159168,5.6378807182017825,0.73780954,0.19025397,0.7704555,0.046366215
48.36,-8.84,,,1.0,-1.2586072715244252,5.637398076816206,0.7460207,0.18812615,0.77924013,0.046363473
48.36,-8.82,,,1.0,-1.2571466850276265,5.6369158529762275,0.75414807,0.18605006,0.78786814,0.046817303
48.36,-8.8,,,1.0,-1.25568612239022,5.636434092581804,0.7621913,0.18401957,0.7963467,0.046605706
48.36,-8.78,,,1.0,-1.254225444394057,5.635952749600158,0.7701425,0.18203926,0.80466866,0.04621601
48.36,-8.76,,,1.0,-1.252764790412364,5.635471869847366,0.77800816,0.1801039,0.81283605,0.04653871
48.36,-8.74,,,1.0,-1.2513040212180804,5.634991407374755,0.78578675,0.17821383,0.8208581,0.04637158
48.36,-8.72,,,1.0,-1.2498432761929337,5.634511407914553,0.7934682,0.17637056,0.8287334,0.045790195
48.36,-8.7,,,1.0,-1.2483824161009824,5.634031825602162,0.8010651,0.1745714,0.8364635,0.045835614
48.36,-8.68,,,1.0,-1.2469215803324245,5.63355270608599,0.80857205,0.1728189,0.84405154,0.04523921
48.36,-8.66,,,1.0,-1.2454606296424662,5.63307400358548,0.8159855,0.17111409,0.8514932,0.044962883
48.36,-8.64,,,1.0,-1.2439997034297494,5.632595763665258,0.8233161,0.16945511,0.85880333,0.04462719
48.36,-8.62,,,1.0,-1.242538662440658,5.632117940628777,0.830552,0.1678474,0.86598724,0.04576063
48.36,-8.6,,,1.0,-1.2410776460822464,5.63164057995691,0.8377045,0.16629052,0.87303615,0.043462753
48.36,-8.58,,,1.0,-1.2396165150921066,5.6311636360370825,0.8447714,0.1647861,0.87996674,0.04341638
48.36,-8.56,,,1.0,-1.2381554088856797,5.630687154266455,0.8517513,0.16333807,0.88678366,0.04293585
48.36,-8.54,,,1.0,-1.23669418819179,5.630211089116393,0.8586566,0.16194665,0.89349174,0.042277217
48.36,-8.52,,,1.0,-1.235232992434239,5.629735485900371,0.86547476,0.160617,0.90010035,0.04192114
48.36,-8.5,,,1.0,-1.2337716823331164,5.629260299173667,0.8722198,0.15935087,0.90660685,0.041356087
48.36,-8.4800005,,,1.0,-1.232310397320553,5.628785574166105,0.8788835,0.15815288,0.9130234,0.040914416
48.36,-8.46,,,1.0,-1.23084899810793,5.628311265516838,0.88547724,0.15702385,0.9193573,0.04067731
48.36,-8.440001,,,1.0,-1.229387624135682,5.627837418372074,0.8919816,0.155972,0.92561126,0.04138446
48.36,-8.42,,,1.0,-1.2279261361065124,5.627363987454809,0.8984282,0.1549958,0.93179584,0.04006028
48.36,-8.4,,,1.0,-1.2264646037783773,5.626890995284616,0.9048041,0.15410078,0.93791175,0.037704468
48.36,-8.38,,,1.0,-1.225003096917587,5.626418464297449,0.91111535,0.15329134,0.9439679,0.037584543
48.36,-8.36,,,1.0,-1.2235414762138777,5.62594634934201,0.91736054,0.1525709,0.94997483,0.036926746
48.36,-8.34,,,1.0,-1.2220798811283216,5.6254746953556065,0.9235293,0.15194649,0.9559296,0.036277175
48.36,-8.32,,,1.0,-1.2206181723420486,5.6250034572707,0.92963964,0.15141839,0.9618418,0.035467863
48.36,-8.3,,,1.0,-1.2191564893243347,5.6245326799411,0.93568367,0.15099263,0.96771246,0.034480095
48.36,-8.28,,,1.0,-1.2176946927477308,5.624062318382996,0.94167435,0.15067029,0.97355783,0.034345746
48.36,-8.26,,,1.0,-1.2162329220896937,5.6235924173667255,0.9476029,0.15045786,0.97936,0.032661676
48.36,-8.24,,,1.0,-1.2147710380142211,5.623122931992177,0.9534628,0.15036094,0.9851485,0.0331192
48.36,-8.22,,,1.0,-1.213309180006923,5.622653906946256,0.9592749,0.15037972,0.9909097,0.03257084
48.36,-8.2,,,1.0,-1.2118472087232726,5.6221852974125115,0.9650223,0.15051806,0.9966479,0.03200507
48.36,-8.18,,,1.0,-1.210385263657004,5.6217171479944446,0.97071415,0.150783,1.0023781,0.032733083
48.36,-8.16,,,1.0,-1.2089232054550978,5.621249413959236,0.9763499,0.15117276,1.0080986,0.030809164
48.36,-8.14,,,1.0,-1.2074611736193823,5.62078213982702,0.9819422,0.15169287,1.0138144,0.030660033
48.36,-8.12,,,1.0,-1.2059990287883726,5.620315280948577,0.98747593,0.15234488,1.0195241,0.030068994
48.36,-8.1,,,1.0,-1.2045369104719672,5.619848881760701,0.99297047,0.15313214,1.0252314,0.02961421
48.36,-8.08,,,1.0,-1.2030746793002418,5.619382897697738,0.9984174,0.15405512,1.0309454,0.029200077
48.36,-8.06,,,1.0,-1.2016124747911374,5.618917373113182,1.0038266,0.1551187,1.0366664,0.028831124
48.36,-7.96,,,1.0,-1.194300599655925,5.616596239690961,1.0304937,0.16252655,1.0655651,0.027858973
48.36,-7.94,,,1.0,-1.1928381034198752,5.6161333258436335,1.0357976,0.16442847,1.0714447,0.027789831
48.36,-7.88,,,1.0,-1.1884503596316398,5.614747204011974,1.0517913,0.17094958,1.0893784,0.027775168
48.36,-7.86,,,1.0,-1.1869876935790304,5.614286036356059,1.0571841,0.17338544,1.0954816,0.027810812
48.36,-7.82,,,1.0,-1.1840622347143197,5.613365009969003,1.0681137,0.1786362,1.1079082,0.028049946
48.36,-7.76,,,1.0,-1.1796737305786056,5.61198674143447,1.0850039,0.18738765,1.1272229,0.028496027
48.36,-7.7400002,,,1.0,-1.178210811925093,5.611528190531444,1.0908048,0.19051737,1.1338675,0.028550744
48.36,-7.7200003,,,1.0,-1.176747851418015,5.611070075459034,1.0966985,0.19375157,1.1406255,0.029053926
48.36,-7.7000003,,,1.0,-1.1752848491275751,5.610612396133159,1.1026977,0.19707441,1.1475021,0.029230475
48.36,-7.6800003,,,1.0,-1.173821805123883,5.610155152469804,1.108812,0.20048249,1.1545014,0.02957356
48.36,-7.6600003,,,1.0,-1.1723587194769551,5.609698344385013,1.1150411,0.20397401,1.1616368,0.02980733
48.36,-7.64,,,1.0,-1.1708955573725146,5.6092419609193,1.1213932,0.20753866,1.168898,0.029855728
48.36,-7.62,,,1.0,-1.1694323886478009,5.608786023750396,1.1278716,0.21117246,1.176303,0.030037403
48.36,-7.6,,,1.0,-1.1679691784893422,5.6083305219085595,1.1344819,0.21486247,1.1838436,0.030446768
48.36,-7.58,,,1.0,-1.1665059269667828,5.607875455310085,1.1412208,0.21860898,1.19152,0.03060031
48.36,-7.56,,,1.0,-1.1650426341496718,5.607420823871329,1.148094,0.22239852,1.1993413,0.03115046
48.36,-7.54,,,1.0,-1.1635793001074692,5.606966627508712,1.1550977,0.22623014,1.2073033,0.031407952
48.36,-7.52,,,1.0,-1.1621159249095387,5.606512866138714,1.1622388,0.23009002,1.2153966,0.031132936
48.36,-7.5,,,1.0,-1.1606525086251536,5.606059539677881,1.1695023,0.2339809,1.223631,0.031695843
48.36,-7.48,,,1.0,-1.159189051323495,5.605606648042822,1.1768898,0.23788404,1.2319983,0.03203833
48.36,-7.46,,,1.0,-1.157725553073649,5.605154191150206,1.1844022,0.24180222,1.2404827,0.032203197
48.36,-7.44,,,1.0,-1.1562620139446131,5.604702168916765,1.192032,0.24571991,1.2490928,0.032203436
48.36,-7.42,,,1.0,-1.1547984340052917,5.604250581259296,1.1997659,0.24963725,1.2578143,0.03276491
48.36,-7.4,,,1.0,-1.1533348133244945,5.60379942809466,1.2075965,0.25354153,1.2666334,0.032746077
48.36,-7.38,,,1.0,-1.1518711519709408,5.603348709339776,1.2155236,0.25742704,1.2755549,0.03302455
48.36,-7.36,,,1.0,-1.1504074500132593,5.602898424911631,1.2235315,0.26129037,1.2845578,0.03298354
48.36,-7.34,,,1.0,-1.1489437075199866,5.602448574727273,1.2316086,0.26512784,1.2936358,0.0333941
48.36,-7.32,,,1.0,-1.1474799245595668,5.601999158703812,1.2397494,0.2689184,1.302779,0.033575296
48.36,-7.3,,,1.0,-1.1460161012003534,5.6015501767584235,1.2479398,0.27266735,1.3119732,0.0333879
48.36,-7.28,,,1.0,-1.144552237510605,5.601101628808345,1.2561628,0.27636683,1.3212023,0.03455758
48.36,-7.26,,,1.0,-1.1430883335584952,5.600653514770876,1.2644109,0.2800085,1.3304578,0.035217285
48.36,-7.2400002,,,1.0,-1.1416243894121016,5.600205834563383,1.2726723,0.2835886,1.3397282,0.03493166
48.36,-7.1800003,,,1.0,-1.1372323164866422,5.5988653960953405,1.2973901,0.2938832,1.3674539,0.0381099
48.36,-7.12,,,1.0,-1.1328398493453675,5.597528848521903,1.3217238,0.30340314,1.394783,0.038182497
48.36,-7.04,,,1.0,-1.1269827172617826,5.595752864437404,1.352962,0.3146248,1.4299234,0.039553642
48.36,-6.94,,,1.0,-1.1196604150001286,5.5935426245360755,1.3890431,0.3258428,1.4706001,0.041769505
48.36,-6.92,,,1.0,-1.1181958369289775,5.5931018744317775,1.3957644,0.32766682,1.4781741,0.044353127
48.36,-6.9,,,1.0,-1.116731219807032,5.592661556762358,1.4022917,0.32934034,1.4855193,0.044417262
48.36,-6.88,,,1.0,-1.115266563700748,5.592221671446329,1.408622,0.33085632,1.4926381,0.04628265
48.36,-6.86,,,1.0,-1.1138018686764886,5.591782218402263,1.4147445,0.33222836,1.4995161,0.048882008
48.36,-6.84,,,1.0,-1.1123371348005318,5.591343197548797,1.4206452,0.3334247,1.5061266,0.049058914
48.36,-6.82,,,1.0,-1.1108723621390653,5.5909046088046335,1.4263215,0.33446407,1.5124617,0.049289823
48.36,-6.8,,,1.0,-1.1094075507581858,5.590466452088541,1.4317524,0.33533376,1.5185152,0.05286205
48.36,-6.78,,,1.0,-1.1079427007239049,5.590028727319345,1.436935,0.33603978,1.5242543,0.05337143
48.36,-6.76,,,1.0,-1.106477812102142,5.589591434415943,1.4418473,0.33657086,1.5296727,0.05139172
48.36,-6.7400002,,,1.0,-1.1050128849587295,5.589154573297293,1.4464884,0.33692878,1.5347495,0.05364704
48.36,-6.7200003,,,1.0,-1.103547919359412,5.588718143882416,1.4508308,0.33710444,1.5394701,0.057224512
48.36,-6.7000003,,,1.0,-1.1020829153698437,5.588282146090402,1.4548724,0.33710706,1.5438087,0.057023287
48.36,-6.6800003,,,1.0,-1.1006178730555924,5.587846579840401,1.4585896,0.3369249,1.5477523,0.0568012
48.36,-6.6600003,,,1.0,-1.099152792482136,5.587411445051629,1.4619713,0.3365656,1.5512853,0.058544636
48.36,-6.6400003,,,1.0,-1.0976876737148653,5.586976741643368,1.4649957,0.33602726,1.5543853,0.056776404
48.36,-6.62,,,1.0,-1.0962224818865345,5.586542459186237,1.4676509,0.33530074,1.557024,0.057200193
48.36,-6.6,,,1.0,-1.0947572869265476,5.5861086183073745,1.4699157,0.334401,1.5591967,0.05947292
48.36,-6.58,,,1.0,-1.093292053968392,5.585675208567245,1.4717758,0.3333146,1.5608666,0.05863881
48.36,-6.56,,,1.0,-1.0918267830771076,5.5852422298853925,1.4732106,0.33204937,1.5620245,0.06043148
48.36,-6.54,,,1.0,-1.0903614743176446,5.584809682181419,1.4742028,0.3306042,1.5626488,0.06008053
48.36,-6.52,,,1.0,-1.0888961277548674,5.584377565374989,1.474733,0.3289795,1.5627046,0.06501913
48.36,-6.5,,,1.0,-1.0874307434535515,5.583945879385837,1.4747788,0.3271867,1.5621941,0.059483767
48.36,-6.48,,,1.0,-1.0859653214783875,5.583514624133762,1.474322,0.325212,1.5610813,0.05935788
48.36,-6.46,,,1.0,-1.084499861893977,5.583083799538623,1.4733485,0.3230734,1.5593535,0.06030655
48.36,-6.44,,,1.0,-1.083034364764834,5.582653405520348,1.4718324,0.32075596,1.5569907,0.064148664
48.36,-6.42,,,1.0,-1.0815688301553867,5.58222344199893,1.469756,0.31827873,1.5539589,0.06626749
48.36,-6.4,,,1.0,-1.0801032581299777,5.581793908894424,1.4670987,0.315647,1.5502567,0.060233593
48.36,-6.38,,,1.0,-1.0786376487528582,5.5813648061269525,1.4638382,0.3128569,1.5458589,0.05983627
48.36,-6.36,,,1.0,-1.0771720020881974,5.580936133616702,1.4599577,0.30991447,1.5407436,0.06493688
48.36,-6.34,,,1.0,-1.075706318200076,5.580507891283924,1.4554383,0.30682456,1.5348996,0.058223724
48.36,-6.32,,,1.0,-1.0742405971524875,5.580080079048934,1.4502604,0.30360126,1.5283046,0.060744047
48.36,-6.3,,,1.0,-1.0727748390093417,5.579652696832115,1.4444025,0.3002352,1.5209408,0.056717634
48.36,-6.28,,,1.0,-1.071309043834458,5.579225744553913,1.437854,0.29673958,1.5127925,0.0610981
48.36,-6.26,,,1.0,-1.069843211691573,5.5787992221348395,1.4305872,0.29312152,1.5038506,0.056132555
48.36,-6.2400002,,,1.0,-1.068377342644336,5.578373129495473,1.422586,0.28939295,1.4940958,0.054890037
48.36,-6.2200003,,,1.0,-1.0669114367563102,5.577947466556454,1.4138411,0.28555095,1.4835165,0.056874394
48.36,-6.2000003,,,1.0,-1.065445494090972,5.577522233238491,1.4043361,0.28160495,1.472094,0.052662373
48.36,-6.1800003,,,1.0,-1.063979514711715,5.5770974294623565,1.3940449,0.2775706,1.4598304,0.056415558
48.36,-6.1600003,,,1.0,-1.0625134986818434,5.57667305514889,1.3829615,0.27344936,1.4467086,0.05000496
48.36,-6.1400003,,,1.0,-1.0610474460645785,5.576249110218992,1.3710737,0.269238,1.4327161,0.048688173
48.36,-6.1200004,,,1.0,-1.0595813569230548,5.575825594593634,1.3583623,0.26497275,1.417839,0.04724145
48.36,-6.1,,,1.0,-1.0581151963646955,5.5754024981117905,1.3448211,0.2606387,1.4020793,0.045788288
48.36,-6.08,,,1.0,-1.0566490343628503,5.57497984086891,1.3304397,0.25625294,1.3854369,0.048107147
48.36,-6.06,,,1.0,-1.0551828360256408,5.574557612693867,1.3152058,0.25181985,1.3678896,0.048888683
48.36,-6.04,,,1.0,-1.0537166014158597,5.5741358135078904,1.2991074,0.24735677,1.3494481,0.04268217
48.36,-6.02,,,1.0,-1.052250330596217,5.573714443232279,1.2821358,0.2428633,1.330108,0.044000864
48.36,-6.0,,,1.0,-1.0507840236293362,5.5732935017883936,1.2642932,0.2383545,1.3098567,0.04073274
48.36,-5.98,,,1.0,-1.0493176805777569,5.572872989097662,1.2455767,0.2338373,1.2887157,0.04124129
48.36,-5.96,,,1.0,-1.0478513015039326,5.572452905081576,1.2259567,0.22932714,1.2666698,0.03942728
48.36,-5.94,,,1.0,-1.0463848864702336,5.572033249661698,1.2054678,0.22482598,1.2437284,0.040216446
48.36,-5.92,,,1.0,-1.0449184355389465,5.571614022759651,1.184089,0.22034633,1.219898,0.038753152
48.36,-5.9,,,1.0,-1.0434519487722715,5.571195224297124,1.1618232,0.21589828,1.1951854,0.03567314
48.36,-5.86,,,1.0,-1.04051886798114,5.57035891237773,1.114665,0.20715016,1.1431754,0.034003615
48.36,-5.82,,,1.0,-1.0375856445927645,5.5695243132783565,1.0640299,0.19863904,1.0878017,0.029206514
48.36,-5.76,,,1.0,-1.0331855432218937,5.568275624801896,0.9818175,0.18654275,0.9987791,0.02766943
48.36,-5.6800003,,,1.0,-1.0273182469085629,5.56661669588725,0.8613794,0.17203116,0.87012166,0.022013783
48.36,-5.6200004,,,1.0,-1.022917405955674,5.565376988275164,0.7639912,0.16270673,0.7674245,0.018763423
48.36,-5.54,,,1.0,-1.0170490945481785,5.563730016455528,0.6269,0.15283805,0.624691,0.016523242
48.36,-5.46,,,1.0,-1.011180263403573,5.562089885901252,0.4847819,0.14634407,0.47869408,0.018256187
48.36,-5.4,,,1.0,-1.006778278341237,5.56086426814961,0.37745416,0.14395183,0.36962602,0.018387794
48.36,-5.34,,,1.0,-1.002375985051332,5.559642488238485,0.27168548,0.14380717,0.26306593,0.017924786
48.36,-5.32,,,1.0,-1.0009084857393051,5.55923608076462,0.2371411,0.14427686,0.22844139,0.019399762
48.36,-5.3,,,1.0,-0.9994409524191769,5.5588300994117565,0.20306101,0.14500654,0.19437388,0.019241929
48.36,-5.26,,,1.0,-0.996505783993072,5.558019414764081,0.1366307,0.1472438,0.12820622,0.020090103
48.36,-5.2200003,,,1.0,-0.9935704802491172,5.557210433686235,0.07293675,0.15053093,0.06503808,0.021224976
48.36,-5.2000003,,,1.0,-0.9921027777813742,5.556806581795911,0.042274013,0.15255809,0.034721956,0.021620274
48.36,-5.1800003,,,1.0,-0.990635041662119,5.556403155570072,0.012473079,0.15485036,0.0053153397,0.022865176
48.36,-5.1600003,,,1.0,-0.9891672719505012,5.556000154932865,-0.016421521,0.15737277,-0.023134392,0.024335265
48.36,-5.1400003,,,1.0,-0.987699468705588,5.555597579808508,-0.044366345,0.16016221,-0.050585173,0.02485323
48.36,-5.1200004,,,1.0,-0.9862316319863677,5.555195430121283,-0.0712946,0.1631918,-0.077011764,0.026086569
48.36,-5.1000004,,,1.0,-0.9847637618517469,5.554793705795539,-0.09718945,0.16646361,-0.102357045,0.02723074
48.36,-5.08,,,1.0,-0.9832958233625751,5.55439239719304,-0.12201655,0.1699667,-0.12662145,0.028640032
48.36,-5.04,,,1.0,-0.9803599165437852,5.553591074689324,-0.16834232,0.17765027,-0.17178236,0.03188324
48.36,-5.02,,,1.0,-0.978891913334238,5.553191051064484,-0.18980215,0.18182081,-0.19263944,0.03233576
48.36,-5.0,,,1.0,-0.9774238770026232,5.55279145242388,-0.2100999,0.18619603,-0.21233374,0.034826636
48.36,-4.98,,,1.0,-0.9759558076073688,5.552392278692268,-0.22922142,0.19077605,-0.23086305,0.034926653
48.36,-4.96,,,1.0,-0.97448770520682,5.5519935297944665,-0.24717593,0.19555062,-0.24822159,0.037174582
48.36,-4.94,,,1.0,-0.9730195698592462,5.551595205655364,-0.26394445,0.20050418,-0.26440805,0.039310694
48.36,-4.92,,,1.0,-0.9715514016228328,5.551197306199916,-0.27952644,0.20563316,-0.2794264,0.041472673
48.36,-4.9,,,1.0,-0.97008320055569,5.550799831353146,-0.29393762,0.2109341,-0.29327577,0.042353153
48.36,-4.88,,,1.0,-0.9686149667158452,5.550402781040145,-0.30717856,0.21638179,-0.30597475,0.044925213
48.36,-4.86,,,1.0,-0.9671467001612486,5.550006155186067,-0.31925333,0.22199327,-0.3175362,0.046019554
48.36,-4.84,,,1.0,-0.9656784009497704,5.549609953716142,-0.33017522,0.22773886,-0.32797116,0.04876089
48.36,-4.82,,,1.0,-0.964210069139203,5.54921417655566,-0.33997083,0.23361576,-0.33729383,0.050204515
48.36,-4.8,,,1.0,-0.9627417047872572,5.548818823629984,-0.34865594,0.23960626,-0.3455396,0.052278757
48.36,-4.5,,,1.0,-0.94071233852635,5.542939378104262,-0.36382332,0.33720046,-0.35826206,0.09350419
48.36,-4.48,,,1.0,-0.9392434612964548,5.542550802849841,-0.35869405,0.34378254,-0.35323897,0.096670866
48.36,-4.46,,,1.0,-0.9377745524943084,5.542162650571721,-0.35300598,0.35032845,-0.34768185,0.10012019
48.38,-10.0,,,1.0,-1.3424757762340305,5.668310451943661,0.2551912,0.505519,0.2362324,0.07903504
48.38,-9.96,,,1.0,-1.339561536210112,5.66729522742327,0.2681325,0.48630583,0.24875715,0.069509745
48.38,-9.94,,,1.0,-1.338104305832289,5.666788271254977,0.2748259,0.47683346,0.25531077,0.065449715
48.38,-9.9,,,1.0,-1.3351897637206964,5.665775718995404,0.28865427,0.45820177,0.26898414,0.057907104
48.38,-9.86,,,1.0,-1.3322750210309768,5.664764947323968,0.30305228,0.44003654,0.283424,0.051707745
48.38,-9.84,,,1.0,-1.330817609420641,5.664260241010999,0.31045818,0.43114907,0.29093006,0.049102306
48.38,-9.7,,,1.0,-1.3206140574192486,5.660739652075978,0.36582008,0.3730333,0.34852052,0.03711891
48.38,-9.66,,,1.0,-1.3176983215205649,5.659737772520527,0.38262174,0.35790497,0.36650485,0.03544569
48.38,-9.64,,,1.0,-1.3162404145230546,5.659237510809081,0.39116374,0.35060358,0.37573218,0.03483796
48.38,-9.6,,,1.0,-1.3133243837902016,5.658238295360407,0.40850028,0.33653653,0.39462447,0.033980966
48.38,-9.56,,,1.0,-1.310408157296057,5.657240855100721,0.4261461,0.32319683,0.41406515,0.033483148
48.38,-9.54,,,1.0,-1.308949936070569,5.656742788573699,0.43507087,0.31680167,0.42397994,0.03357923
48.38,-9.5,,,1.0,-1.3060334171226111,5.655748009776478,0.4531053,0.3045588,0.44415236,0.033704042
48.38,-9.46,,,1.0,-1.3031167039982186,5.654755004380037,0.47134888,0.29304576,0.46474442,0.03413105
48.38,-9.440001,,,1.0,-1.301658309589399,5.6542591783004825,0.48054427,0.28755462,0.47518003,0.034406662
48.38,-9.4,,,1.0,-1.2987412368362272,5.653268808055672,0.49905166,0.27709848,0.49629107,0.035119653
48.38,-9.36,,,1.0,-1.2958240410257271,5.652280233062087,0.51767707,0.267327,0.5176567,0.035996675
48.38,-9.34,,,1.0,-1.2943654058687684,5.6517866214634935,0.52703065,0.26268512,0.52841735,0.036589146
48.38,-9.3,,,1.0,-1.2914479223327706,5.650800702542923,0.5457821,0.25387686,0.55004025,0.037478685
48.38,-9.26,,,1.0,-1.288530247759216,5.649816553464172,0.5645644,0.24566716,0.57173556,0.038445354
48.38,-9.24,,,1.0,-1.2870713042443709,5.649325130682991,0.5739564,0.24177587,0.5825912,0.039015412
48.38,-9.2,,,1.0,-1.284153344279596,5.648343635058984,0.592719,0.23439133,0.60425013,0.040016294
48.38,-9.16,,,1.0,-1.281235194831407,5.647363907506072,0.6114182,0.227503,0.62579495,0.040746808
48.38,-9.14,,,1.0,-1.279776084033812,5.646874718193622,0.6207237,0.22423464,0.6364973,0.041401982
48.38,-9.1,,,1.0,-1.2768576515225185,5.645897641401636,0.63925713,0.21801233,0.65771174,0.0423162
48.38,-9.04,,,1.0,-1.2724796157664242,5.644435326212221,0.6667368,0.20940363,0.6889364,0.043688774
48.38,-9.0,,,1.0,-1.2695607145565757,5.643462663886716,0.68479836,0.20409012,0.70926756,0.04407358
48.38,-8.96,,,1.0,-1.2666416269412504,5.642491766108541,0.7026167,0.19907689,0.72912776,0.045013666
48.38,-8.940001,,,1.0,-1.265182048222945,5.642006990258304,0.7114282,0.19667155,0.7388663,0.04479122
48.38,-8.9,,,1.0,-1.262262612540911,5.641038714900376,0.72882193,0.19205165,0.7579503,0.045324087
48.38,-8.86,,,1.0,-1.259343061578288,5.64007222544274,0.7459001,0.18766356,0.7764576,0.04581833
48.38,-8.84,,,1.0,-1.2578832517620588,5.639589653043608,0.75431406,0.18554962,0.7854857,0.045217395
48.38,-8.8,,,1.0,-1.2549634246164814,5.6386258064451225,0.7708731,0.18147385,0.8030919,0.045259356
48.38,-8.76,,,1.0,-1.2520434141032806,5.637663720893912,0.78706956,0.17759186,0.8200677,0.04608357
48.38,-8.74,,,1.0,-1.2505833054608064,5.637183326845162,0.795027,0.17572153,0.82832956,0.045171976
48.38,-8.7,,,1.0,-1.2476630210237478,5.636223881578992,0.81064564,0.17212105,0.8443856,0.04476309
48.38,-8.66,,,1.0,-1.244742554723099,5.635266195619014,0.8258836,0.16870737,0.8598355,0.044367075
48.38,-8.64,,,1.0,-1.2432822883779953,5.6347880235572525,0.83335066,0.16707444,0.8673409,0.044392705
48.38,-8.6,,,1.0,-1.2403615504064622,5.633832975233253,0.84799755,0.16395974,0.8819426,0.04292059
48.38,-8.56,,,1.0,-1.237440632065498,5.632879684480381,0.86226314,0.16106057,0.8960058,0.04247141
48.38,-8.54,,,1.0,-1.235980070620216,5.632403686633545,0.86924833,0.15969938,0.9028528,0.042042613
48.38,-8.5,,,1.0,-1.2330588828379514,5.631453030960455,0.8829439,0.15716285,0.91620624,0.04039955
48.38,-8.46,,,1.0,-1.2301375161706225,5.630504131129435,0.8962822,0.1548956,0.9291408,0.04133892
48.38,-8.440001,,,1.0,-1.228676800767373,5.630030350729914,0.9028216,0.15387249,0.9354675,0.039281845
48.38,-8.4,,,1.0,-1.2257550972228584,5.629084060807889,0.91564566,0.15206432,0.94787776,0.037296534
48.38,-8.36,,,1.0,-1.2228332859230169,5.6281395475866285,0.92814475,0.15059769,0.95999,0.038858533
48.38,-8.34,,,1.0,-1.2213723487605592,5.627667959794346,0.93428314,0.15000153,0.96595365,0.03661585
48.38,-8.3,,,1.0,-1.2184502724475108,5.626726076442011,0.9463191,0.14910775,0.97771657,0.035275936
48.38,-8.26,,,1.0,-1.2155280201889052,5.625785945491805,0.9580573,0.14863491,0.9892935,0.034123182
48.38,-8.24,,,1.0,-1.2140667934242615,5.625316525767017,0.9638256,0.14856458,0.99503106,0.033521652
48.38,-8.2,,,1.0,-1.2111442783383626,5.624379022156681,0.9751628,0.14877486,1.006413,0.032347202
48.38,-8.16,,,1.0,-1.20822158876217,5.623443269237625,0.9862467,0.14947575,1.0177029,0.031518698
48.38,-8.14,,,1.0,-1.2067602135646207,5.62297606020816,0.99169266,0.15001988,1.0233371,0.03053379
48.38,-8.1,,,1.0,-1.2038372633409715,5.622042932025552,1.0024443,0.15149689,1.0345615,0.03016305
48.38,-8.06,,,1.0,-1.200914140072681,5.621111552829505,1.0130086,0.15351546,1.0457929,0.029592752
48.38,-7.96,,,1.0,-1.1936055437526736,5.618790741153951,1.0389098,0.16096753,1.0741687,0.028723478
48.38,-7.86,,,1.0,-1.1862959132963586,5.616480856887649,1.0648836,0.17179519,1.1035806,0.02856791
48.38,-7.7400002,,,1.0,-1.1775229582072018,5.613723390437282,1.0977087,0.18878907,1.141429,0.029504776
48.38,-7.7000003,,,1.0,-1.1745983032545284,5.612807721651527,1.1093603,0.1952681,1.1548948,0.02980566
48.38,-7.6600003,,,1.0,-1.1716734809449565,5.611893795095007,1.1214646,0.2020784,1.1688656,0.030471325
48.38,-7.64,,,1.0,-1.1702109723379286,5.611437474069106,1.127697,0.20559478,1.1760474,0.030647635
48.38,-7.6,,,1.0,-1.167285900041509,5.61052615962073,1.1405582,0.21280175,1.1908253,0.030890346
48.38,-7.54,,,1.0,-1.1628979805988942,5.609162451280823,1.1608343,0.22397482,1.214034,0.03177786
48.38,-7.5,,,1.0,-1.159972494449934,5.608255486969171,1.1750169,0.23157811,1.2302003,0.032165885
48.38,-7.46,,,1.0,-1.1570468437317427,5.607350261545344,1.1896998,0.2392397,1.2468816,0.03257656
48.38,-7.44,,,1.0,-1.1555839568320838,5.606898300708426,1.1972196,0.24307299,1.2554091,0.03254676
48.38,-7.4,,,1.0,-1.1526580602966274,5.60599568236925,1.2125767,0.25072104,1.2727748,0.032944918
48.38,-7.36,,,1.0,-1.1497320005718998,5.605094801256584,1.2282975,0.2582791,1.2905334,0.032935143
48.38,-7.34,,,1.0,-1.1482689096853085,5.604645011953038,1.2362772,0.26201642,1.2995174,0.033079386
48.38,-7.3,,,1.0,-1.1453426062063663,5.603746735437765,1.2524074,0.26935518,1.3176798,0.03447652
48.38,-7.26,,,1.0,-1.1424161409089366,5.602850194493977,1.2686917,0.27649045,1.3359826,0.034817696
48.38,-7.2400002,,,1.0,-1.1409528477488955,5.602402574655021,1.2768551,0.27995872,1.3451592,0.034523487
48.38,-7.2000003,,,1.0,-1.1380261407465735,5.601508635830812,1.2931726,0.28668487,1.3634843,0.035381317
48.38,-7.1,,,1.0,-1.1307086375328197,5.5992813626492985,1.333234,0.30195773,1.4084827,0.03633833
48.38,-6.96,,,1.0,-1.1204625131614103,5.596181381756621,1.3850981,0.31862915,1.4667854,0.042524815
48.38,-6.94,,,1.0,-1.1189986233472302,5.595740257988018,1.3919103,0.32047546,1.4744378,0.041929126
48.38,-6.9,,,1.0,-1.1160707260664413,5.594859307618652,1.4049953,0.3237279,1.4891108,0.045136333
48.38,-6.86,,,1.0,-1.1131426723595714,5.593980086263927,1.4172915,0.32637876,1.5028459,0.047141314
48.38,-6.84,,,1.0,-1.1116785870124544,5.593541123763863,1.4231201,0.32746524,1.5093298,0.044317126
48.38,-6.8,,,1.0,-1.1087502996622731,5.592664494712509,1.4340758,0.32913327,1.5214474,0.05055499
48.38,-6.76,,,1.0,-1.105821857211682,5.5917895930525034,1.4440304,0.3301314,1.5323313,0.051620126
48.38,-6.7400002,,,1.0,-1.104357577988721,5.5913527897918645,1.4485984,0.33036804,1.5372716,0.05402732
48.38,-6.7000003,,,1.0,-1.101428903876667,5.590480478005092,1.4568402,0.33031303,1.5460457,0.051852822
48.38,-6.6600003,,,1.0,-1.0985000759810073,5.589609891992781,1.4637938,0.32954502,1.5532252,0.05490136
48.38,-6.6400003,,,1.0,-1.0970356045282093,5.58917524595046,1.4667457,0.32888764,1.5561743,0.056461573
48.38,-6.6,,,1.0,-1.0941065120216398,5.588307237053788,1.4715132,0.32703614,1.5606761,0.057506442
48.38,-6.56,,,1.0,-1.0911773019556688,5.587440962678747,1.4746486,0.32447088,1.563189,0.05734086
48.38,-6.54,,,1.0,-1.089712639907113,5.587008471851939,1.4755565,0.32291627,1.5636415,0.057232022
48.38,-6.5,,,1.0,-1.0867832021036676,5.586144782518743,1.4759516,0.3192911,1.5628481,0.058567047
48.38,-6.46,,,1.0,-1.0838536131238306,5.585282815745524,1.474322,0.3149737,1.5596497,0.057216644
48.38,-6.44,,,1.0,-1.082388762104458,5.584852478118927,1.4726985,0.31257468,1.5570953,0.0565145
48.38,-6.4,,,1.0,-1.079458947329432,5.583993093986369,1.4677333,0.30727506,1.5499781,0.05902219
48.38,-6.36,,,1.0,-1.076528982668517,5.583135430816232,1.4603413,0.30136907,1.5400635,0.05750346
48.38,-6.34,,,1.0,-1.07506394429146,5.5827072443929024,1.4556843,0.29820347,1.5340021,0.05645609
48.38,-6.3,,,1.0,-1.0721337557646051,5.5818521614719545,1.4443477,0.29145908,1.5195992,0.05301416
48.38,-6.26,,,1.0,-1.0692034186337018,5.5809987979223505,1.430201,0.28421104,1.5020485,0.056137204
48.38,-6.2400002,,,1.0,-1.0677381945012614,5.580572760713447,1.4220245,0.28041065,1.4920483,0.0534029
48.38,-6.2000003,,,1.0,-1.0648076354207072,5.579721975031292,1.403389,0.27251583,1.4695524,0.05275631
48.38,-6.1600003,,,1.0,-1.0618769290093293,5.578872907135909,1.3816072,0.2642585,1.4436355,0.04668832
48.38,-6.1400003,,,1.0,-1.060411520713038,5.578449017160715,1.3694935,0.26001656,1.4293624,0.046745777
48.38,-6.1,,,1.0,-1.0574805593151428,5.5776025146800485,1.3427738,0.25133306,1.3981752,0.043500423
48.38,-6.06,,,1.0,-1.054549486789618,5.576757738509307,1.3126541,0.24245888,1.3633988,0.04116702
48.38,-6.04,,,1.0,-1.0530838959094362,5.576335993805475,1.2962902,0.237979,1.344657,0.042729974
48.38,-6.0,,,1.0,-1.0501526052282717,5.5754937907680056,1.2609288,0.22895527,1.3044608,0.038363695
48.38,-5.96,,,1.0,-1.047221169737096,5.5746533023677225,1.2220235,0.21991777,1.26063,0.0352602
48.38,-5.94,,,1.0,-1.045755397844084,5.574233700960617,1.2012223,0.21542406,1.2373672,0.037917495
48.38,-5.9,,,1.0,-1.042823746075132,5.573395783341238,1.1569549,0.20651495,1.1881741,0.03552556
48.38,-5.86,,,1.0,-1.039891950743852,5.572559578794073,1.1091431,0.1977948,1.1354892,0.031843424
48.38,-5.84,,,1.0,-1.0384259993976157,5.572142118727485,1.0839366,0.19352698,1.107879,0.029459476
48.38,-5.7400002,,,1.0,-1.0310957083364811,5.570061237349658,0.94528854,0.1735549,0.9578531,0.024733901
48.38,-5.6000004,,,1.0,-1.0208318159358902,5.5671659623675565,0.72051543,0.15113604,0.7200877,0.01804185
48.38,-5.54,,,1.0,-1.0164324442102786,5.56593152854495,0.61612064,0.1441943,0.6115488,0.018240094
48.38,-5.46,,,1.0,-1.0105661751506132,5.564291605749104,0.47299305,0.13793445,0.4644183,0.01804781
48.38,-5.4,,,1.0,-1.0061661104430304,5.563066142865625,0.36510843,0.13570225,0.35464618,0.017995596
48.38,-5.34,,,1.0,-1.0017657364746295,5.561844517011503,0.25900605,0.1357125,0.2475627,0.01632166
48.38,-5.3,,,1.0,-0.998831982817452,5.561032230440427,0.19028763,0.13701046,0.17863332,0.019559145
48.38,-5.2400002,,,1.0,-0.9944310970098256,5.559816995058031,0.091716155,0.1408968,0.08030573,0.019183159
48.38,-5.1600003,,,1.0,-0.9885627751658632,5.558202641042882,-0.028597286,0.14965647,-0.038876284,0.0235399
48.38,-5.1400003,,,1.0,-0.9870956104396084,5.557800116288789,-0.056331683,0.15246832,-0.06621238,0.024875998
48.38,-5.1000004,,,1.0,-0.98416118028268,5.556996342750822,-0.10865329,0.15881324,-0.11767429,0.02537179
48.38,-5.06,,,1.0,-0.9812265812626176,5.5561942604519645,-0.15659365,0.16608733,-0.16465686,0.027832508
48.38,-5.04,,,1.0,-0.9797592491857996,5.555793861696299,-0.17885095,0.17005181,-0.18642168,0.030444145
48.38,-5.0,,,1.0,-0.9768244852100578,5.554994339024585,-0.21984258,0.17861867,-0.22639877,0.03280723
48.38,-4.96,,,1.0,-0.9738895885284932,5.554196515638075,-0.256072,0.18796432,-0.26160645,0.034314632
48.38,-4.94,,,1.0,-0.9724220905690968,5.553798240989162,-0.27238384,0.19291902,-0.27741432,0.036693335
48.38,-4.9,,,1.0,-0.9694869957045203,5.553002965405398,-0.30141583,0.20331895,-0.30546865,0.04160583
48.38,-4.86,,,1.0,-0.9665517692998978,5.552209387608329,-0.32569405,0.21434855,-0.32884967,0.044657707
48.38,-4.84,,,1.0,-0.965084106915147,5.551813235193039,-0.33608377,0.22006512,-0.33882147,0.045534372
48.38,-4.82,,,1.0,-0.9636164118193196,5.551417507000439,-0.3453331,0.22591245,-0.3476668,0.04905629
48.38,-4.8,,,1.0,-0.9621486840702296,5.551022202956007,-0.3534594,0.23188084,-0.35541397,0.04898715
48.38,-4.44,,,1.0,-0.9357240313091952,5.543979165705376,-0.34135693,0.34807718,-0.34188917,0.099113226
48.4,-10.0,,,1.0,-1.3417130001386943,5.670497694678409,0.26041403,0.5030353,0.24151818,0.07924199
48.4,-9.9800005,,,1.0,-1.3402566089804302,5.669989947706162,0.26679787,0.49339163,0.24757776,0.07426512
48.4,-9.96,,,1.0,-1.3388000977675074,5.669482621919396,0.2733243,0.4838292,0.25382462,0.06980932
48.4,-9.94,,,1.0,-1.3373435360281063,5.668975741450135,0.27999917,0.47436655,0.26026478,0.0656333
48.4,-9.92,,,1.0,-1.3358869932999398,5.66846933034552,0.28682116,0.46500278,0.26688993,0.061764
48.4,-9.9,,,1.0,-1.334430330754134,5.667963340218882,0.2937872,0.4557491,0.2737081,0.058226824
48.4,-9.88,,,1.0,-1.3329736873868752,5.66745781923381,0.30089003,0.4466133,0.28071627,0.054959774
48.4,-9.86,,,1.0,-1.331516924359484,5.666952719088641,0.30813378,0.43759793,0.28790864,0.051966906
48.4,-9.82,,,1.0,-1.3286033174925198,5.66594387733781,0.3230274,0.41996944,0.30286023,0.046851873
48.4,-9.76,,,1.0,-1.3242325674583442,5.664433961455631,0.34631246,0.3946092,0.32666934,0.041306615
48.4,-9.74,,,1.0,-1.3227755049267216,5.663931529092511,0.35431346,0.3864653,0.33496162,0.039874315
48.4,-9.72,,,1.0,-1.321318462238555,5.663429564981095,0.36242363,0.3784871,0.3434239,0.038607836
48.4,-9.62,,,1.0,-1.3140322986485131,5.660926334082448,0.40449092,0.34115553,0.38821697,0.034816027
48.4,-9.6,,,1.0,-1.3125749598435044,5.6604270338543134,0.4131715,0.3342263,0.3976347,0.034457445
48.4,-9.56,,,1.0,-1.309660065597209,5.659429740522414,0.43077424,0.32090628,0.41689983,0.034083843
48.4,-9.54,,,1.0,-1.3082025103102182,5.65893174728227,0.4396876,0.3145188,0.42673448,0.034042835
48.4,-9.52,,,1.0,-1.306744975688107,5.658434221187039,0.44866425,0.3083167,0.43670052,0.034070015
48.4,-9.5,,,1.0,-1.3052873228053234,5.6579371146985595,0.45770293,0.30229837,0.44677725,0.03418219
48.4,-9.4800005,,,1.0,-1.303829690750418,5.657440475134378,0.466803,0.2964611,0.4569748,0.034350872
48.4,-9.46,,,1.0,-1.3023719405883425,5.656944255040996,0.47595748,0.29080337,0.46727523,0.0345757
48.4,-9.440001,,,1.0,-1.3009142114167176,5.656448501651544,0.4851691,0.2853207,0.47767776,0.034846067
48.4,-9.42,,,1.0,-1.2994563642910268,5.655953167597157,0.49442926,0.28001404,0.48817614,0.03518462
48.4,-9.4,,,1.0,-1.297998468800499,5.65545827643943,0.5037261,0.27488482,0.49875537,0.035544395
48.4,-9.38,,,1.0,-1.2965405945434867,5.654963851655549,0.5130726,0.26991868,0.5094101,0.03593564
48.4,-9.36,,,1.0,-1.2950826025613278,5.654469846003527,0.52244866,0.26512372,0.52013427,0.03629446
48.4,-9.34,,,1.0,-1.2936246319741926,5.653976306505607,0.53185314,0.2604909,0.5309185,0.036824703
48.4,-9.32,,,1.0,-1.2921665438140313,5.653483186004349,0.54128814,0.25601542,0.54175127,0.037237167
48.4,-9.3,,,1.0,-1.290708477209981,5.652990531437697,0.5507452,0.25169396,0.5526271,0.03772378
48.4,-9.28,,,1.0,-1.2892502931846304,5.652498295732727,0.56021804,0.247522,0.5635306,0.038202286
48.4,-9.26,,,1.0,-1.2877921308760565,5.652006525743118,0.5697019,0.24349713,0.574457,0.038642406
48.4,-9.24,,,1.0,-1.286333851297516,5.651515174480425,0.57919204,0.23961127,0.5853931,0.039196014
48.4,-9.22,,,1.0,-1.2848755935959946,5.651024288714099,0.5886882,0.23585844,0.5963347,0.039654016
48.4,-9.2,,,1.0,-1.2834172187754502,5.650533821540142,0.5981804,0.23223543,0.6072583,0.040183067
48.4,-9.18,,,1.0,-1.2819588659917478,5.6500438196438125,0.60766065,0.22873908,0.6181744,0.040530443
48.4,-9.16,,,1.0,-1.2805003962395731,5.649554236205517,0.6171305,0.22535801,0.6290514,0.04114735
48.4,-9.14,,,1.0,-1.279041948683645,5.64906511782636,0.6265734,0.22209543,0.6398936,0.041598678
48.4,-9.12,,,1.0,-1.277583384309407,5.648576417771124,0.636001,0.21893722,0.6506964,0.041861415
48.4,-9.1,,,1.0,-1.2761248422904,5.648088182556786,0.64539945,0.21588343,0.66142774,0.04223025
48.4,-9.08,,,1.0,-1.274666183602858,5.647600365532476,0.6547607,0.21292841,0.67210203,0.042791367
48.4,-9.06,,,1.0,-1.2732075474291111,5.647113013131074,0.66408575,0.21006548,0.6826926,0.043158412
48.4,-9.04,,,1.0,-1.2717487947362152,5.646626078786026,0.6733701,0.20729172,0.6932025,0.043528557
48.4,-9.02,,,1.0,-1.2702900647152648,5.646139608846154,0.68260366,0.20460176,0.70361567,0.04365313
48.4,-9.0,,,1.0,-1.268831218324164,5.645653556829177,0.6917803,0.20199198,0.71393085,0.044209242
48.4,-8.96,,,1.0,-1.2659134549797804,5.6446827989602655,0.70995605,0.19699562,0.7342187,0.045396686
48.4,-8.940001,,,1.0,-1.264454538183818,5.644198092891105,0.7189471,0.19460076,0.7441812,0.04489708
48.4,-8.92,,,1.0,-1.2629955053145416,5.643713804478584,0.72787577,0.19226879,0.754014,0.044745564
48.4,-8.9,,,1.0,-1.261536426015332,5.643229956758929,0.73671854,0.19000041,0.763716,0.044201374
48.4,-8.88,,,1.0,-1.2600773699383223,5.642746572684367,0.74548334,0.18779093,0.7732677,0.045968056
48.4,-8.86,,,1.0,-1.258618198009621,5.642263606067331,0.75417334,0.18563569,0.78267527,0.0444026
48.4,-8.84,,,1.0,-1.2571590494594045,5.641781102878799,0.7627631,0.18353772,0.7919378,0.045251846
48.4,-8.82,,,1.0,-1.2556997852047609,5.641299017015324,0.77127236,0.18148887,0.8010465,0.04543209
48.4,-8.8,,,1.0,-1.254240544484475,5.640817394364012,0.7796867,0.17949212,0.8099942,0.046120644
48.4,-8.78,,,1.0,-1.2527811882066466,5.6403361889055175,0.7880076,0.17754436,0.8187874,0.045167804
48.4,-8.76,,,1.0,-1.251321855618637,5.639855446443099,0.7962304,0.17564511,0.82742095,0.0450083
48.4,-8.74,,,1.0,-1.2498624076195852,5.639375121041475,0.80435085,0.17379242,0.8358921,0.04516661
48.4,-8.72,,,1.0,-1.2484029834654036,5.6388952584200975,0.81237036,0.1719889,0.8442038,0.04471743
48.4,-8.7,,,1.0,-1.2469434440463008,5.638415812727715,0.82028663,0.170232,0.852354,0.044743657
48.4,-8.68,,,1.0,-1.2454839286267096,5.637936829600004,0.82809895,0.16852295,0.8603447,0.04499173
48.4,-8.66,,,1.0,-1.2440242980879366,5.63745826326971,0.8358033,0.16686296,0.86818486,0.044097304
48.4,-8.64,,,1.0,-1.2425646917029078,5.636980159288771,0.8433896,0.1652546,0.87586653,0.043866992
48.4,-8.62,,,1.0,-1.2411049703440598,5.636502471973896,0.85088277,0.16369474,0.8833924,0.043602467
48.4,-8.6,,,1.0,-1.2396452732927812,5.636025246793312,0.8582564,0.1621896,0.8907746,0.043433666
48.4,-8.58,,,1.0,-1.238185461412665,5.6355484381476595,0.8655248,0.1607393,0.89801556,0.042818546
48.4,-8.56,,,1.0,-1.2367256739935375,5.635072091421493,0.8726909,0.15934485,0.90510577,0.043616056
48.4,-8.54,,,1.0,-1.2352657718901765,5.634596161099354,0.879754,0.15800923,0.9120727,0.041971564
48.4,-8.52,,,1.0,-1.233805894400817,5.63412069248215,0.8866921,0.15673828,0.91890776,0.042802572
48.4,-8.5,,,1.0,-1.2323459023714516,5.6336456401382895,0.8935351,0.15553051,0.9256181,0.04085648
48.4,-8.4800005,,,1.0,-1.2308859351086956,5.633171049285076,0.900276,0.15439159,0.9322116,0.040605783
48.4,-8.46,,,1.0,-1.2294258534497855,5.632696874574749,0.90691364,0.15332311,0.93868995,0.040017128
48.4,-8.440001,,,1.0,-1.2279657967096884,5.63222316114103,0.9134504,0.15232933,0.94507086,0.039283514
48.4,-8.42,,,1.0,-1.2265056257169138,5.631749863719966,0.91989154,0.1514138,0.9513482,0.039701223
48.4,-8.4,,,1.0,-1.2250454101667816,5.631277004825039,0.9262471,0.15057933,0.95753604,0.038430333
48.4,-8.38,,,1.0,-1.2235852197630148,5.630804606886152,0.93249255,0.14983141,0.9636323,0.037873268
48.4,-8.36,,,1.0,-1.2221249153210834,5.630332624764991,0.93864447,0.1491735,0.969651,0.03725314
48.4,-8.34,,,1.0,-1.2206646361767146,5.629861103386485,0.944711,0.14860743,0.9756009,0.036181808
48.4,-8.32,,,1.0,-1.2192042431367227,5.629389997696031,0.9506922,0.14813852,0.9814746,0.036118984
48.4,-8.3,,,1.0,-1.2177438755450916,5.628919352535106,0.95659435,0.14776897,0.9872878,0.035675645
48.4,-8.28,,,1.0,-1.2162833942000049,5.628449122932791,0.96240246,0.14750564,0.99304706,0.03488052
48.4,-8.26,,,1.0,-1.2148229384536762,5.627979353647132,0.9681287,0.14734948,0.9987532,0.034915686
48.4,-8.24,,,1.0,-1.213362369095688,5.627509999790869,0.9737832,0.14730436,1.0044132,0.03398943
48.4,-8.22,,,1.0,-1.211901825486455,5.627041106038652,0.9793564,0.14737552,1.010041,0.03331244
48.4,-8.2,,,1.0,-1.21044116840699,5.626572627586841,0.98485607,0.14756477,1.0156262,0.033005834
48.4,-8.18,,,1.0,-1.2089805372258782,5.626104609026726,0.9902831,0.14787519,1.021185,0.03257084
48.4,-8.16,,,1.0,-1.2075197927155912,5.625637005638257,0.9956454,0.14830935,1.0267214,0.032574534
48.4,-8.14,,,1.0,-1.20605907425286,5.625169861929393,1.0009484,0.14887035,1.032236,0.032069325
48.4,-8.12,,,1.0,-1.2045982426016388,5.62470313326364,1.0061847,0.149562,1.0377395,0.031217813
48.4,-8.1,,,1.0,-1.2031374371467796,5.624236864065667,1.0113733,0.15038288,1.0432293,0.03100574
48.4,-8.08,,,1.0,-1.2016765186437488,5.623771009782496,1.0165049,0.15133679,1.0487208,0.03066957
48.4,-8.06,,,1.0,-1.2002156264854893,5.623305614755535,1.0216027,0.15242589,1.0542135,0.030987501
48.4,-8.04,,,1.0,-1.1987546214190077,5.622840634515301,1.026656,0.15365005,1.0597193,0.030068278
48.4,-8.0,,,1.0,-1.1958325515029808,5.62191200678352,1.0366923,0.15650272,1.0707843,0.029528022
48.4,-7.96,,,1.0,-1.1929103094697109,5.620985125909595,1.0466719,0.15989733,1.0819639,0.029203653
48.4,-7.94,,,1.0,-1.1914491240880836,5.620522340332858,1.0516682,0.16179317,1.0876126,0.029301167
48.4,-7.92,,,1.0,-1.1899878958917245,5.620059991216948,1.0566709,0.16382086,1.0933142,0.029263496
48.4,-7.9,,,1.0,-1.188526624951962,5.619598078477446,1.0616919,0.16598094,1.0990628,0.02947259
48.4,-7.86,,,1.0,-1.1856039551270765,5.618675561790298,1.0718493,0.17067057,1.1107774,0.029322863
48.4,-7.8,,,1.0,-1.1812196315920334,5.617295057475726,1.0874889,0.17859894,1.1289343,0.029874206
48.4,-7.7400002,,,1.0,-1.1768349271997705,5.615918476002276,1.1038188,0.18748635,1.1479826,0.030377507
48.4,-7.7200003,,,1.0,-1.1753732747636554,5.615460486861808,1.1094575,0.1906383,1.1545607,0.030347824
48.4,-7.7000003,,,1.0,-1.1739115802922535,5.615002933256964,1.1152052,0.19387716,1.1612556,0.030735493
48.4,-7.6800003,,,1.0,-1.1724498438558628,5.614545815104004,1.1210675,0.1971929,1.1680789,0.030901909
48.4,-7.6600003,,,1.0,-1.1709880655246854,5.614089132319252,1.1270484,0.20058525,1.1750324,0.03096199
48.4,-7.64,,,1.0,-1.1695262105157915,5.613632873946488,1.1331556,0.2040422,1.182123,0.03138721
48.4,-7.62,,,1.0,-1.168064348604283,5.613177061657752,1.1393949,0.20755738,1.1893487,0.0313735
48.4,-7.52,,,1.0,-1.1607544151709588,5.610904525309754,1.172579,0.22579956,1.2275752,0.032417536
48.4,-7.5,,,1.0,-1.159292304196658,5.610451322476173,1.1796165,0.22953016,1.2356358,0.032295346
48.4,-7.48,,,1.0,-1.157830151955221,5.609998554260518,1.1867805,0.23327357,1.2438202,0.03260231
48.4,-7.46,,,1.0,-1.156367958515923,5.609546220579736,1.1940689,0.23701966,1.2521344,0.031789303
48.4,-7.44,,,1.0,-1.1549057239479494,5.6090943213508355,1.2014652,0.24076378,1.2605664,0.032195807
48.4,-7.42,,,1.0,-1.1534434483203906,5.608642856490892,1.2089819,0.24450368,1.2691066,0.032270074
48.4,-7.4,,,1.0,-1.151981131702248,5.608191825917036,1.2165996,0.24822009,1.277752,0.032513857
48.4,-7.38,,,1.0,-1.1505187741624296,5.607741229546471,1.2243116,0.2519166,1.2864982,0.033142567
48.4,-7.36,,,1.0,-1.1490563757697507,5.607291067296451,1.232109,0.25558376,1.2953259,0.033359766
48.4,-7.34,,,1.0,-1.1475939365929386,5.606841339084304,1.2399758,0.2592169,1.3042287,0.033035874
48.4,-7.32,,,1.0,-1.1461314567006249,5.6063920448274125,1.2479113,0.2628075,1.31319,0.032316208
48.4,-7.3,,,1.0,-1.1446689361613531,5.605943184443229,1.2558991,0.2663467,1.3222029,0.034140587
48.4,-7.28,,,1.0,-1.1432063750435717,5.605494757849262,1.2639242,0.26983452,1.3312548,0.03372562
48.4,-7.26,,,1.0,-1.141743773415643,5.605046764963088,1.2719812,0.273264,1.3403313,0.034258842
48.4,-7.2400002,,,1.0,-1.1402811313458336,5.6045992057023435,1.2800496,0.27662253,1.3494174,0.03404951
48.4,-7.2200003,,,1.0,-1.1388184489023232,5.604152079984731,1.2881187,0.27990937,1.3584939,0.033025026
48.4,-7.2000003,,,1.0,-1.137355726153196,5.603705387728012,1.2961745,0.28311938,1.3675593,0.035904408
48.4,-7.1600003,,,1.0,-1.1344301600099886,5.602813303268624,1.312197,0.2892813,1.3855661,0.03459537
48.4,-7.1,,,1.0,-1.1300414753206935,5.601478414890791,1.335787,0.29780477,1.4120809,0.035633445
48.4,-7.02,,,1.0,-1.1241893839646822,5.599704639068116,1.3658947,0.3076092,1.4458991,0.03880644
48.4,-6.96,,,1.0,-1.1197998990996505,5.598378850228317,1.3870717,0.31362724,1.4696476,0.040371537
48.4,-6.94,,,1.0,-1.118336658531301,5.597937785518771,1.3938072,0.31535697,1.4771885,0.041182637
48.4,-6.92,,,1.0,-1.116873378601066,5.597497153125448,1.4003724,0.31694102,1.4845203,0.041461706
48.4,-6.9,,,1.0,-1.1154100593756802,5.597056952967061,1.4067454,0.31837088,1.491625,0.042500973
48.4,-6.88,,,1.0,-1.1139467009217916,5.5966171849623905,1.412928,0.31965137,1.4984972,0.04092431
48.4,-6.86,,,1.0,-1.1124833033059562,5.596177849030275,1.4188993,0.32077026,1.505125,0.04299879
48.4,-6.84,,,1.0,-1.1110198665946434,5.595738945089623,1.4246576,0.32173657,1.5114897,0.04519725
48.4,-6.82,,,1.0,-1.1095563908542312,5.5953004730594005,1.430194,0.32253635,1.5175685,0.04438269
48.4,-6.8,,,1.0,-1.1080928761510118,5.594862432858641,1.4354854,0.32316965,1.5233612,0.046372414
48.4,-6.78,,,1.0,-1.1066293225511858,5.59442482440644,1.440531,0.3236314,1.5288359,0.049449086
48.4,-6.76,,,1.0,-1.1051657301208664,5.593987647621961,1.4453133,0.32392603,1.533991,0.047534227
48.4,-6.7400002,,,1.0,-1.1037020989260795,5.5935509024244245,1.4498184,0.32404566,1.5387954,0.04693985
48.4,-6.7200003,,,1.0,-1.1022384290327605,5.593114588733121,1.4540329,0.32398975,1.5432401,0.05107355
48.4,-6.7000003,,,1.0,-1.1007747205067573,5.592678706467403,1.4579346,0.32375717,1.5473094,0.052403927
48.4,-6.6800003,,,1.0,-1.0993109734138302,5.592243255546687,1.4615201,0.32334584,1.5509763,0.052644372
48.4,-6.6600003,,,1.0,-1.09784718781965,5.591808235890451,1.4647658,0.32275766,1.5542223,0.057495356
48.4,-6.6400003,,,1.0,-1.0963833637898015,5.591373647418244,1.467656,0.32199317,1.5570279,0.05104959
48.4,-6.62,,,1.0,-1.0949194664880897,5.590939479703681,1.4701715,0.32104528,1.5593739,0.053673863
48.4,-6.6,,,1.0,-1.09345556578239,5.590505753368694,1.4722939,0.31992137,1.5612465,0.05556655
48.4,-6.58,,,1.0,-1.0919916268372465,5.59007245797675,1.4740037,0.3186139,1.5626107,0.05575931
48.4,-6.56,,,1.0,-1.0905276497178915,5.589639593447651,1.475288,0.31713963,1.563456,0.05625868
48.4,-6.54,,,1.0,-1.0890636344894709,5.589207159701264,1.4761224,0.315475,1.5637585,0.05661559
48.4,-6.52,,,1.0,-1.0875995812170414,5.58877515665752,1.4764868,0.31364906,1.5634936,0.05603969
48.4,-6.5,,,1.0,-1.0861354899655749,5.588343584236411,1.4763575,0.31164783,1.5626435,0.0554564
48.4,-6.48,,,1.0,-1.0846713607999527,5.5879124423579976,1.4757233,0.3094765,1.5611929,0.055725336
48.4,-6.46,,,1.0,-1.0832071937849723,5.587481730942404,1.4745538,0.30713683,1.5591161,0.056135774
48.4,-6.44,,,1.0,-1.0817429889853416,5.587051449909818,1.4728391,0.30463994,1.5563898,0.056849957
48.4,-6.42,,,1.0,-1.0802787464656836,5.58662159918049,1.4705491,0.30198216,1.552994,0.05647111
48.4,-6.4,,,1.0,-1.0788144662905337,5.58619217867474,1.4676659,0.29916573,1.5489141,0.05727148
48.4,-6.38,,,1.0,-1.07735014852434,5.58576318831295,1.464172,0.2962051,1.5441266,0.056412697
48.4,-6.36,,,1.0,-1.0758857932314645,5.585334628015565,1.4600419,0.29309487,1.5386128,0.05363643
48.4,-6.34,,,1.0,-1.074421400476183,5.584906497703098,1.4552591,0.2898504,1.5323544,0.051314354
48.4,-6.32,,,1.0,-1.0729569703226849,5.584478797296122,1.4497999,0.2864741,1.5253373,0.05602753
48.4,-6.3,,,1.0,-1.0714925028350732,5.58405152671528,1.4436537,0.28296328,1.517549,0.051227093
48.4,-6.28,,,1.0,-1.0700279980773637,5.583624685881278,1.4367919,0.27933133,1.5089623,0.052565098
48.4,-6.26,,,1.0,-1.0685634561134885,5.583198274714884,1.429198,0.2755903,1.4995573,0.049526453
48.4,-6.2400002,,,1.0,-1.067098877007291,5.582772293136935,1.4208578,0.27173424,1.4893371,0.050041556
48.4,-6.2200003,,,1.0,-1.0656342608225298,5.5823467410683305,1.4117545,0.26777852,1.4782809,0.047700167
48.4,-6.2000003,,,1.0,-1.0641696076228784,5.5819216184300355,1.4018672,0.2637323,1.4663683,0.051602602
48.4,-6.1800003,,,1.0,-1.062704917471924,5.581496925143081,1.3911858,0.2596054,1.4535993,0.04874277
48.4,-6.1600003,,,1.0,-1.061240190433168,5.581072661128561,1.379694,0.25539005,1.439962,0.046837926
48.4,-6.1400003,,,1.0,-1.0597754265700263,5.580648826307636,1.3673794,0.25110918,1.4254427,0.044421196
48.4,-6.1200004,,,1.0,-1.058310625945831,5.580225420601532,1.354229,0.2467711,1.4100329,0.04147768
48.4,-6.1,,,1.0,-1.0568457536989126,5.579802433852093,1.3402258,0.24238157,1.3937278,0.043721676
48.4,-6.08,,,1.0,-1.0553808797413866,5.579379886149791,1.325361,0.23793977,1.3765242,0.043964386
48.4,-6.06,,,1.0,-1.0539159692122892,5.578957767326376,1.3096331,0.2334665,1.3584138,0.038860917
48.4,-6.04,,,1.0,-1.0524510221746095,5.578536077303332,1.293027,0.22896588,1.3393917,0.039263725
48.4,-6.02,,,1.0,-1.0509860386912535,5.57811481600221,1.275533,0.2244516,1.3194672,0.03862822
48.4,-6.0,,,1.0,-1.0495210188250423,5.577693983344627,1.2571478,0.21992993,1.2986264,0.039710164
48.4,-5.98,,,1.0,-1.0480559626387105,5.577273579252267,1.2378694,0.21541005,1.2768754,0.037222266
48.4,-5.96,,,1.0,-1.0465908701949105,5.5768536036468745,1.2176917,0.21090293,1.2542179,0.032356262
48.4,-5.94,,,1.0,-1.0451257415562083,5.576434056450263,1.1966195,0.20640922,1.2306632,0.033843875
48.4,-5.92,,,1.0,-1.043660576785087,5.576014937584311,1.1746465,0.20195937,1.2062085,0.032477617
48.4,-5.9,,,1.0,-1.0421953759439453,5.57559624697096,1.1517726,0.197541,1.1808662,0.030755997
48.4,-5.88,,,1.0,-1.0407301390950952,5.575177984532226,1.12801,0.19317842,1.15465,0.028669357
48.4,-5.86,,,1.0,-1.0392648663007686,5.574760150190175,1.1033698,0.18887907,1.1275693,0.028740883
48.4,-5.82,,,1.0,-1.0363342131241822,5.5739257654847645,1.051471,0.18048412,1.0708992,0.025270939
48.4,-5.7400002,,,1.0,-1.0304724781540868,5.572262129812761,0.937651,0.1648714,0.9480912,0.022486687
48.4,-5.7200003,,,1.0,-1.029006955476813,5.571847289971129,0.90725,0.16126251,0.9155806,0.024240732
48.4,-5.7000003,,,1.0,-1.027541397348886,5.571432877605146,0.87609303,0.15779209,0.88241726,0.02224207
48.4,-5.6800003,,,1.0,-1.0260758038317837,5.571018892637478,0.8442617,0.15447259,0.8486301,0.018031359
48.4,-5.6200004,,,1.0,-1.0216788115589506,5.56977950135202,0.7450022,0.14547694,0.7440236,0.01838553
48.4,-5.6000004,,,1.0,-1.0202130770982605,5.569367225205598,0.7108097,0.14283425,0.7082407,0.016751528
48.4,-5.52,,,1.0,-1.014349754084954,5.567722380193583,0.56993866,0.13423657,0.56199133,0.014438391
48.4,-5.46,,,1.0,-1.0099519220055704,5.566493234477444,0.46170977,0.1300571,0.4508448,0.017358303
48.4,-5.38,,,1.0,-1.0040876609701224,5.564860343822925,0.3176511,0.12780786,0.30430454,0.017980337
48.4,-5.34,,,1.0,-1.0011553237108812,5.564046455820763,0.24712734,0.12817359,0.23308988,0.016572475
48.4,-5.32,,,1.0,-0.999689103606228,5.563640150884167,0.21248657,0.12873805,0.19824925,0.018529177
48.4,-5.3,,,1.0,-0.9982228492648,5.5632342718891055,0.1784119,0.12955856,0.16401924,0.01777649
48.4,-5.28,,,1.0,-0.9967565607464336,5.562828818759567,0.1449346,0.13064015,0.13046937,0.017648697
48.4,-5.2400002,,,1.0,-0.9938238814178164,5.5620191897933635,0.08005193,0.13357043,0.06567394,0.020025015
48.4,-5.1800003,,,1.0,-0.989424607589055,5.5608079384390905,-0.011055746,0.13986015,-0.024934806,0.021346092
48.4,-5.1600003,,,1.0,-0.987958115261046,5.560405038910238,-0.039549585,0.14245087,-0.05317111,0.022949219
48.4,-5.1400003,,,1.0,-0.9864915891726748,5.560002564716711,-0.06703065,0.14528823,-0.08035887,0.023673058
48.4,-5.1200004,,,1.0,-0.9850250293831304,5.559600515783032,-0.09346555,0.1483612,-0.10645513,0.025428534
48.4,-5.1000004,,,1.0,-0.98355843595152,5.5591988920337965,-0.1187932,0.15166807,-0.13143644,0.025671482
48.4,-5.06,,,1.0,-0.9806251134297892,5.558396910237214,-0.16606101,0.15896237,-0.17793724,0.027904987
48.4,-5.04,,,1.0,-0.9791584194250326,5.557996561599645,-0.18794605,0.16292703,-0.19941114,0.029897928
48.4,-5.02,,,1.0,-0.9776916920138428,5.55759663784555,-0.20863709,0.16711313,-0.219701,0.031049848
48.4,-5.0,,,1.0,-0.976224931254928,5.557197138899852,-0.22812882,0.17148578,-0.23875812,0.032474518
48.4,-4.98,,,1.0,-0.9747581372069172,5.556798064687545,-0.2464078,0.17606783,-0.2566104,0.034062862
48.4,-4.94,,,1.0,-0.9718244494777204,5.556001190163408,-0.2792973,0.18575943,-0.2886738,0.036913395
48.4,-4.92,,,1.0,-0.9703575559133932,5.555603389701899,-0.29392242,0.19085926,-0.30288404,0.037703633
48.4,-4.9,,,1.0,-0.9688906292936874,5.555206013674422,-0.30733225,0.1961298,-0.31589344,0.039942622
48.4,-4.88,,,1.0,-0.9674236696768338,5.5548090620063055,-0.31954086,0.20154697,-0.32770815,0.041373134
48.4,-4.86,,,1.0,-0.965956677120984,5.554412534622944,-0.3305537,0.20710349,-0.33836097,0.043133855
48.4,-4.84,,,1.0,-0.9644896516842116,5.554016431449803,-0.34040228,0.21278656,-0.34784967,0.045027018
48.4,-4.82,,,1.0,-0.963022593424509,5.553620752412409,-0.349092,0.21859163,-0.3562004,0.046355367
48.4,-4.8,,,1.0,-0.9615555023997928,5.553225497436362,-0.3566499,0.22452426,-0.36345297,0.04835391
48.42,-9.96,,,1.0,-1.3380386173686776,5.671669460063286,0.27906406,0.481763,0.25978833,0.07013297
48.42,-9.94,,,1.0,-1.3365827242209931,5.671162655512418,0.28573087,0.4723088,0.2661135,0.06595695
48.42,-9.9,,,1.0,-1.3336708556918593,5.670150405747741,0.29947582,0.45371443,0.27933785,0.058573604
48.42,-9.86,,,1.0,-1.3307587855003349,5.669139935596344,0.3137792,0.43559152,0.29331142,0.052445173
48.42,-9.84,,,1.0,-1.3293027097010797,5.668635379675029,0.32112873,0.4267258,0.30057794,0.049693823
48.42,-9.76,,,1.0,-1.323477766725585,5.666621553283078,0.35180706,0.39267945,0.331478,0.04175973
48.42,-9.74,,,1.0,-1.3220213714335003,5.666119195622917,0.3597736,0.3845483,0.33964774,0.040260673
48.42,-9.56,,,1.0,-1.3089119310475936,5.66161807394988,0.4359507,0.31912512,0.42061943,0.034556746
48.42,-9.54,,,1.0,-1.3074550416565405,5.6611201542129015,0.4448416,0.3127523,0.43036896,0.03451562
48.42,-9.5,,,1.0,-1.3045411855102078,5.660125668274803,0.46283963,0.30055827,0.45026118,0.034646034
48.42,-9.46,,,1.0,-1.3016271341169556,5.6591329547876,0.4810971,0.28908408,0.4706458,0.035131693
48.42,-9.440001,,,1.0,-1.3001700701409915,5.658637274303757,0.49031654,0.28361523,0.48100471,0.03528905
48.42,-9.4,,,1.0,-1.2972556575792666,5.6576471945549045,0.50891864,0.27319866,0.50202066,0.035959244
48.42,-9.36,,,1.0,-1.2943411208297777,5.656658909106616,0.5277085,0.2634601,0.52338654,0.036645174
48.42,-9.34,,,1.0,-1.29288381477195,5.6561654419241,0.53716296,0.25883675,0.5341793,0.037093163
48.42,-9.3,,,1.0,-1.2899689886990957,5.65517981113785,0.5561776,0.2500549,0.5559393,0.03803563
48.42,-9.26,,,1.0,-1.2870539705251822,5.65419594925582,0.5752865,0.24187392,0.57786477,0.03897822
48.42,-9.24,,,1.0,-1.285596354843437,5.653704669725574,0.58486485,0.23799407,0.5888697,0.039454937
48.42,-9.2,,,1.0,-1.282681049685671,5.65272345989646,0.6040524,0.23063171,0.6108983,0.040509462
48.42,-9.16,,,1.0,-1.279765553984502,5.651744017206941,0.623229,0.22376657,0.6328989,0.041194677
48.42,-9.14,,,1.0,-1.2783077696317402,5.6512549699742465,0.63279766,0.22050947,0.64386374,0.041577816
48.42,-9.1,,,1.0,-1.2753919892801413,5.650278176652964,0.6518883,0.21431053,0.6656723,0.042377234
48.42,-9.06,,,1.0,-1.272476019932669,5.649303148712514,0.6708672,0.20850515,0.6872375,0.04285133
48.42,-9.04,,,1.0,-1.271017929814761,5.648816284938517,0.6802993,0.20573938,0.6979144,0.043217897
48.42,-9.0,,,1.0,-1.2681016781261023,5.647843903774637,0.69902927,0.20045292,0.7189958,0.04377067
48.42,-8.96,,,1.0,-1.265185238979051,5.64687328623868,0.7175362,0.19547355,0.73966503,0.04398203
48.42,-8.940001,,,1.0,-1.263726984068924,5.646388650162196,0.7266993,0.19308764,0.7498229,0.044457436
48.42,-8.9,,,1.0,-1.2608101953415634,5.6454206536785305,0.74480885,0.18850923,0.7697514,0.044884443
48.42,-8.86,,,1.0,-1.2578932902211368,5.64445444217509,0.76260537,0.18416995,0.7891278,0.04504931
48.42,-8.84,,,1.0,-1.2564348029014147,5.643972008407971,0.771368,0.18208289,0.7985921,0.04469526
48.42,-8.8,,,1.0,-1.253517620026688,5.643008438398059,0.7886224,0.1780687,0.81705546,0.04472673
48.42,-8.76,,,1.0,-1.2506002527385531,5.642046628527983,0.8054764,0.17425448,0.83487564,0.044844985
48.42,-8.74,,,1.0,-1.2491414653483883,5.641566371983527,0.81374776,0.17242074,0.84353215,0.04480803
48.42,-8.7,,,1.0,-1.2462238225703943,5.640607201041772,0.82994837,0.1689018,0.8603632,0.04496157
48.42,-8.66,,,1.0,-1.243305996886614,5.639649788504705,0.84570646,0.16557658,0.8765183,0.04319954
48.42,-8.64,,,1.0,-1.241847050428103,5.639171752813826,0.85340494,0.16399014,0.8843476,0.043769002
48.42,-8.6,,,1.0,-1.238928951512852,5.63821697656492,0.8684495,0.1609745,0.8995234,0.042704105
48.42,-8.56,,,1.0,-1.2360106711895753,5.637263956991538,0.88301,0.15818167,0.91407925,0.042993903
48.42,-8.54,,,1.0,-1.2345514283955494,5.6367880944025535,0.8901165,0.15687388,0.9211341,0.04107237
48.42,-8.5,,,1.0,-1.2316328770757743,5.635837708569946,0.90394944,0.15444899,0.9348285,0.039776087
48.42,-8.46,,,1.0,-1.2287141458359545,5.634889077689676,0.9173383,0.15229654,0.947992,0.040656924
48.42,-8.440001,,,1.0,-1.2272547477273903,5.634415431429416,0.92386067,0.15133214,0.95439464,0.039292336
48.42,-8.4,,,1.0,-1.22433567812343,5.633469409134307,0.9365592,0.14963901,0.9668658,0.038963675
48.42,-8.36,,,1.0,-1.2214164996699826,5.632525162649677,0.94883895,0.14828783,0.9789389,0.037523627
48.42,-8.34,,,1.0,-1.219956878513046,5.6320537078918065,0.95481944,0.14774966,0.98484427,0.036844492
48.42,-8.3,,,1.0,-1.217037433502107,5.631112089954633,0.9664882,0.14696443,0.99642074,0.035571456
48.42,-8.26,,,1.0,-1.2141178115179034,5.630172223541502,0.97778755,0.1465944,1.0077236,0.034903526
48.42,-8.24,,,1.0,-1.2126578995368689,5.629702935759833,0.98329896,0.14657313,1.0132903,0.034400582
48.42,-8.2,,,1.0,-1.2097380131865367,5.628765695373767,0.99407005,0.14687634,1.0242807,0.033474922
48.42,-8.16,,,1.0,-1.206817951321859,5.627830204806667,1.004537,0.14765787,1.0351301,0.032537222
48.42,-8.14,,,1.0,-1.2053578895651935,5.627363126623668,1.009667,0.14823496,1.0405074,0.03213501
48.42,-8.1,,,1.0,-1.2024375655197448,5.626430259488873,1.0197414,0.14977312,1.0512222,0.031607628
48.42,-8.06,,,1.0,-1.199517067409272,5.62549914047407,1.0296087,0.15183246,1.0619218,0.031241775
48.42,-8.04,,,1.0,-1.1980567184428912,5.625034225220806,1.0344833,0.15306139,1.0672814,0.030848742
48.42,-8.0,,,1.0,-1.195135960314336,5.624105727136086,1.0441518,0.15591586,1.078049,0.030394197
48.42,-7.96,,,1.0,-1.1922150295605642,5.623178975478472,1.0537678,0.15929937,1.0889337,0.030237794
48.42,-7.94,,,1.0,-1.1907544996284258,5.622716254348717,1.0585845,0.16118741,1.0944388,0.030231237
48.42,-7.9,,,1.0,-1.1878333110112271,5.621792121065623,1.0682702,0.16534513,1.1056117,0.029801846
48.42,-7.86,,,1.0,-1.1849119511991348,5.620869732522888,1.078089,0.16999483,1.11705,0.030069828
48.42,-7.84,,,1.0,-1.1834512072730272,5.620409192318808,1.0830787,0.17249602,1.122889,0.03046894
48.42,-7.8,,,1.0,-1.1805295917359149,5.619489419625075,1.0932435,0.17783159,1.1348299,0.03054285
48.42,-7.7400002,,,1.0,-1.1761468502808563,5.618113028611942,1.1091253,0.18659568,1.1535205,0.03121686
48.42,-7.7000003,,,1.0,-1.173224811369039,5.617197612310692,1.1202188,0.19288576,1.1665615,0.031329155
48.42,-7.6600003,,,1.0,-1.1703026040947533,5.6162839373947655,1.1317815,0.19947559,1.1801226,0.03148651
48.42,-7.64,,,1.0,-1.168841402659908,5.615827741876386,1.1377515,0.20286977,1.187107,0.032099128
48.42,-7.6,,,1.0,-1.1659189438932085,5.614916677806925,1.1500827,0.20981729,1.2014871,0.03236711
48.42,-7.54,,,1.0,-1.1615349428672026,5.613553343464234,1.1695995,0.22054482,1.2241158,0.03287506
48.42,-7.5,,,1.0,-1.1586120677461864,5.612646627439865,1.183279,0.22781545,1.2398938,0.031565428
48.42,-7.46,,,1.0,-1.1556890270578526,5.611741649470553,1.1974795,0.23512304,1.2561954,0.033083916
48.42,-7.44,,,1.0,-1.1542274447993095,5.611289812049296,1.204759,0.23877203,1.2645311,0.032308817
48.42,-7.4,,,1.0,-1.1513041567993996,5.6103874399196325,1.2196472,0.24603093,1.2815264,0.03221917
48.42,-7.36,,,1.0,-1.1483807046158945,5.609486804189236,1.2349228,0.25318974,1.2989136,0.032871008
48.42,-7.34,,,1.0,-1.1469189171275125,5.609037137267297,1.2426807,0.25670987,1.3077176,0.0329237
48.42,-7.3,,,1.0,-1.1439952197011305,5.608139104897552,1.2583863,0.26362443,1.325514,0.032928705
48.42,-7.26,,,1.0,-1.1410713594657087,5.607242807277543,1.2742585,0.27030993,1.3434614,0.033692718
48.42,-7.1400003,,,1.0,-1.1322988073706195,5.604564316340368,1.321837,0.2885695,1.397082,0.0348531
48.42,-7.0,,,1.0,-1.1220623022544105,5.601459101380562,1.3742374,0.30524045,1.4559103,0.03742647
48.42,-6.94,,,1.0,-1.117674646953028,5.6001347880432055,1.3947235,0.31047726,1.4788055,0.03905654
48.42,-6.9,,,1.0,-1.1147493458875566,5.599254073699746,1.4075279,0.31324875,1.4930358,0.041929483
48.42,-6.86,,,1.0,-1.1118238874206634,5.5983750875708385,1.4195572,0.3154081,1.5063214,0.043872595
48.42,-6.84,,,1.0,-1.1103610993282604,5.5979362423843195,1.4252573,0.3162433,1.5125755,0.04206443
48.42,-6.8,,,1.0,-1.1074354057579168,5.597059847362661,1.4359744,0.3174389,1.5242215,0.045728683
48.42,-6.76,,,1.0,-1.1045095561156553,5.5961851789376,1.4456921,0.31795645,1.5346206,0.045098066
48.42,-6.7400002,,,1.0,-1.103046572933024,5.5957484919970675,1.4501446,0.31795853,1.5393103,0.046541095
48.42,-6.7000003,,,1.0,-1.100120490174919,5.594876412257104,1.4581603,0.31744206,1.5475857,0.048983335
48.42,-6.6600003,,,1.0,-1.0971942526655445,5.59400605750216,1.4648874,0.31621206,1.5542512,0.051321745
48.42,-6.6400003,,,1.0,-1.095731076043496,5.593571526793144,1.4677246,0.31533206,1.5569279,0.05216074
48.42,-6.6,,,1.0,-1.0928045725054627,5.592703747976378,1.4722527,0.31303823,1.5608824,0.05391717
48.42,-6.56,,,1.0,-1.0898779504133502,5.591837702894333,1.475133,0.31004548,1.5628223,0.05025935
48.42,-6.54,,,1.0,-1.0884145819907796,5.5914053264206185,1.4759057,0.30828828,1.5629871,0.051686406
48.42,-6.5,,,1.0,-1.085487730718379,5.590541865208114,1.4760078,0.3042549,1.561587,0.053509116
48.42,-6.46,,,1.0,-1.0825607273096458,5.589680125776668,1.4740545,0.2995612,1.5577413,0.05098629
48.42,-6.44,,,1.0,-1.0810971687163318,5.589249901529517,1.472254,0.29697227,1.5548618,0.051262617
48.42,-6.4,,,1.0,-1.078169938075404,5.588390743574276,1.4668983,0.2913308,1.5470583,0.052940488
48.42,-6.36,,,1.0,-1.075242556592525,5.587533305807756,1.4590696,0.28510207,1.5364139,0.050962448
48.42,-6.34,,,1.0,-1.0737788094464482,5.587105231796746,1.4541749,0.28178346,1.5299668,0.048817992
48.42,-6.3,,,1.0,-1.0708512026664498,5.586250373122757,1.4423238,0.27476293,1.5147833,0.04900253
48.42,-6.26,,,1.0,-1.0679234463302285,5.585397233051601,1.4275912,0.26726747,1.4964019,0.046373725
48.42,-6.2400002,,,1.0,-1.066459512238551,5.584971307294373,1.4191046,0.26336217,1.4859713,0.051616907
48.42,-6.2000003,,,1.0,-1.0635315325273416,5.584120743941766,1.3997873,0.25527608,1.4625708,0.04935026
48.42,-6.1600003,,,1.0,-1.0606034045370354,5.583271897612573,1.3772601,0.24685496,1.4357173,0.041905403
48.42,-6.1400003,,,1.0,-1.059139285096165,5.582848118134856,1.3647517,0.24254572,1.4209634,0.04548478
48.42,-6.1,,,1.0,-1.0562109007305776,5.582001836081814,1.3371973,0.23376703,1.3887756,0.04016924
48.42,-6.06,,,1.0,-1.0532824042622717,5.581157279577833,1.306174,0.2248298,1.352971,0.036165595
48.42,-6.04,,,1.0,-1.051818101057053,5.580735644423682,1.2893392,0.22033203,1.333695,0.038133264
48.42,-6.0,,,1.0,-1.048889385019503,5.579893659919453,1.2529863,0.21129465,1.2924095,0.036259413
48.42,-5.96,,,1.0,-1.0459605232315006,5.57905338929927,1.2130351,0.20229375,1.2474772,0.03407526
48.42,-5.94,,,1.0,-1.0444960378379011,5.578633896500423,1.1917005,0.19782484,1.223651,0.033186913
48.42,-5.9,,,1.0,-1.0415669583644092,5.577796195535244,1.1463292,0.188999,1.173321,0.031796694
48.42,-5.8,,,1.0,-1.034243628587916,5.575709433179806,1.0174186,0.16806549,1.0324508,0.022557974
48.42,-5.76,,,1.0,-1.0313140455455854,5.574877722629605,0.9599422,0.16034663,0.9704773,0.023629427
48.42,-5.7400002,,,1.0,-1.0298492004582838,5.574462508699909,0.93000305,0.15666592,0.93839616,0.02179408
48.42,-5.6600003,,,1.0,-1.0239894644411904,5.572805926813328,0.803083,0.14333439,0.8035462,0.017353773
48.42,-5.6000004,,,1.0,-1.0195942906989086,5.571567975762197,0.70136946,0.13505578,0.6968024,0.019078255
48.42,-5.46,,,1.0,-1.0093376212584573,5.5686943522106445,0.45102218,0.12272525,0.43806654,0.016836643
48.42,-5.44,,,1.0,-1.007872248180793,5.568285542114156,0.41472703,0.1218524,0.40096366,0.01743412
48.42,-5.3,,,1.0,-0.9976136680736328,5.5654358038026075,0.16754296,0.12265587,0.15065384,0.0172925
48.42,-5.2400002,,,1.0,-0.993216618176263,5.5642208755382265,0.06955796,0.12677538,0.052438725,0.019329667
48.42,-5.1600003,,,1.0,-0.9873534076942032,5.562606928511039,-0.04920103,0.13576698,-0.065895334,0.022290945
48.42,-5.1400003,,,1.0,-0.9858875202409916,5.562204505058634,-0.07639619,0.13861883,-0.09289269,0.021211386
48.42,-5.1000004,,,1.0,-0.9829556439506344,5.56140093359138,-0.12751822,0.1450271,-0.14352126,0.025699854
48.42,-5.06,,,1.0,-0.9800235979228896,5.560599052657009,-0.17405944,0.15232152,-0.18948098,0.026661634
48.42,-5.04,,,1.0,-0.9785575419882568,5.560198754317252,-0.1955421,0.1562897,-0.21065111,0.027897835
48.42,-5.0,,,1.0,-0.9756253296203872,5.559399431948294,-0.2348625,0.16482961,-0.24932061,0.031665325
48.42,-4.96,,,1.0,-0.9726929836460344,5.558601808160717,-0.2692695,0.17413378,-0.28304318,0.03475952
48.42,-4.94,,,1.0,-0.9712267607030014,5.558203633047936,-0.28461757,0.17904615,-0.29805532,0.033480287
48.42,-4.9,,,1.0,-0.968294215197672,5.557408556010955,-0.3116136,0.18935508,-0.32440755,0.038948774
48.42,-4.86,,,1.0,-0.9653615372556688,5.556615176061616,-0.33376023,0.2002573,-0.34594077,0.041625857
48.42,-4.84,,,1.0,-0.9638951487664978,5.55621912230864,-0.34304363,0.20590186,-0.3549517,0.042961
48.42,-4.82,,,1.0,-0.9624287273426992,5.555823492604303,-0.3511686,0.21166152,-0.362814,0.04505539
48.44,-9.96,,,1.0,-1.337276804595093,5.673856576238282,0.28536683,0.48010397,0.26665258,0.070469856
48.44,-9.94,,,1.0,-1.3358215802473887,5.673349847854056,0.29202008,0.47066373,0.2728769,0.06640983
48.44,-9.9,,,1.0,-1.3329110488800848,5.672337750051839,0.30573028,0.45210826,0.28588152,0.05898404
48.44,-9.88,,,1.0,-1.3314557420281654,5.671832380411423,0.3127907,0.4430076,0.29266042,0.05584359
48.44,-9.86,,,1.0,-1.330000315309308,5.671327431374368,0.31999052,0.43402278,0.2996286,0.05270672
48.44,-9.84,,,1.0,-1.3285449076018063,5.6708229510054124,0.32732013,0.4251734,0.30678132,0.050200462
48.44,-9.82,,,1.0,-1.327089380184783,5.67031889110256,0.33477584,0.41646475,0.31411693,0.04791546
48.44,-9.8,,,1.0,-1.3256338719459255,5.669815299645868,0.34235418,0.40789157,0.32162854,0.04578805
48.44,-9.78,,,1.0,-1.324178244154562,5.669312128518232,0.35005048,0.39947683,0.3293279,0.04391396
48.44,-9.74,,,1.0,-1.321266907865026,5.668307142904113,0.3658058,0.38310277,0.34525466,0.040803194
48.44,-9.7,,,1.0,-1.3183553719608894,5.667303933543836,0.38199425,0.36737967,0.36188146,0.03847277
48.44,-9.68,,,1.0,-1.3168995640649808,5.666803006673309,0.39024234,0.3597734,0.37044707,0.037575126
48.44,-9.66,,,1.0,-1.3154436370852003,5.666302499721952,0.3985917,0.35233873,0.3791798,0.03682041
48.44,-9.64,,,1.0,-1.3139877299465048,5.6658024603314505,0.4070297,0.3450805,0.38807693,0.03622949
48.44,-9.62,,,1.0,-1.312531703879349,5.665302840723916,0.41556117,0.33800107,0.39713347,0.03575158
48.44,-9.6,,,1.0,-1.3110756978179328,5.664803688456522,0.42418158,0.3311054,0.40634143,0.03540492
48.44,-9.58,,,1.0,-1.3096195729830689,5.664304955836101,0.4328901,0.32438362,0.41570792,0.035081863
48.44,-9.56,,,1.0,-1.30816346831817,5.6638066903353534,0.44168,0.31784773,0.425218,0.034946203
48.44,-9.54,,,1.0,-1.306707245034438,5.663308844345797,0.45054513,0.31149608,0.43488106,0.034971952
48.44,-9.52,,,1.0,-1.3052510420844696,5.662811465255692,0.45949528,0.30532163,0.44467762,0.03495407
48.44,-9.5,,,1.0,-1.303794720669887,5.662314505541208,0.4685154,0.29933095,0.4546121,0.03511882
48.44,-9.4800005,,,1.0,-1.302338419752437,5.6618180125062025,0.4776089,0.29351908,0.4646729,0.035277247
48.44,-9.46,,,1.0,-1.3008820005241966,5.66132193871146,0.4867659,0.287888,0.47486123,0.03539765
48.44,-9.440001,,,1.0,-1.2994256019560348,5.66082633137647,0.49599117,0.28243184,0.48516092,0.035817385
48.44,-9.42,,,1.0,-1.297969085230508,5.660331143146601,0.50527704,0.27715135,0.49558148,0.036043644
48.44,-9.4,,,1.0,-1.296512519873564,5.659836397576786,0.51462287,0.2720422,0.5061018,0.03641057
48.44,-9.38,,,1.0,-1.2950559754203217,5.659342118137595,0.5240203,0.2671035,0.516718,0.036727905
48.44,-9.36,,,1.0,-1.2935993130391186,5.658848257601209,0.53347313,0.2623263,0.52742225,0.037118673
48.44,-9.34,,,1.0,-1.2921426717235014,5.658354862976336,0.5429697,0.25771344,0.5382096,0.037527442
48.44,-9.32,,,1.0,-1.2906859126323662,5.657861887119662,0.5525081,0.25325704,0.5490702,0.03799033
48.44,-9.3,,,1.0,-1.2892291747682778,5.657369376955641,0.56207925,0.24895632,0.55998546,0.038258076
48.44,-9.28,,,1.0,-1.287772319280723,5.656877285425427,0.5716856,0.244802,0.57095814,0.03868878
48.44,-9.26,,,1.0,-1.286315485181256,5.656385659369256,0.5813235,0.24078977,0.5819748,0.03926468
48.44,-9.24,,,1.0,-1.284858533609979,5.655894451812714,0.5909817,0.23691851,0.59302473,0.03960073
48.44,-9.22,,,1.0,-1.2834016035874094,5.6554037095118534,0.6006492,0.23318267,0.60409343,0.04013431
48.44,-9.2,,,1.0,-1.2819445562442997,5.654913385576659,0.6103351,0.22957408,0.6151804,0.04057908
48.44,-9.18,,,1.0,-1.2804875306100945,5.654423526679036,0.62002593,0.22609007,0.62626696,0.040905595
48.44,-9.16,,,1.0,-1.2790303878062277,5.653934086013336,0.6297127,0.22272259,0.6373444,0.04126954
48.44,-9.14,,,1.0,-1.2775732668710464,5.653445110167344,0.6393997,0.21947086,0.648413,0.041579723
48.44,-9.12,,,1.0,-1.2761160289166924,5.652956552419744,0.6490681,0.21632707,0.6594352,0.041989565
48.44,-9.1,,,1.0,-1.2746588129903849,5.6524684592742425,0.6587227,0.21328717,0.67043334,0.042400837
48.44,-9.08,,,1.0,-1.2732014801950058,5.651980784093822,0.6683584,0.21034348,0.6813755,0.042749643
48.44,-9.04,,,1.0,-1.270286742258873,5.651006780334444,0.6875287,0.2047354,0.70307636,0.04320419
48.44,-9.0,,,1.0,-1.26737181572439,5.6500345404414185,0.7065452,0.19946617,0.7244611,0.04393673
48.44,-8.96,,,1.0,-1.2644567012060504,5.649064063715497,0.7253531,0.19450378,0.7454556,0.04382348
48.44,-8.940001,,,1.0,-1.2629991083976666,5.648579497869927,0.73466676,0.19212854,0.7557905,0.04441929
48.44,-8.92,,,1.0,-1.2615413993167477,5.64809534945837,0.7439164,0.18981755,0.7659943,0.04437554
48.44,-8.9,,,1.0,-1.2600836435437108,5.647611641510658,0.75308466,0.18757087,0.77607435,0.044304013
48.44,-8.88,,,1.0,-1.258625910667779,5.647128396972672,0.7621829,0.1853838,0.7860105,0.04495287
48.44,-8.84,,,1.0,-1.2557102358688466,5.646163205561977,0.7801121,0.18118143,0.805452,0.044547915
48.44,-8.82,,,1.0,-1.2542522940934455,5.64568125855738,0.7889273,0.17916363,0.8149411,0.045205712
48.44,-8.8,,,1.0,-1.252794375528067,5.64519977453081,0.79765517,0.17719734,0.8242714,0.04480529
48.44,-8.78,,,1.0,-1.2513363412070837,5.6447187074764456,0.8062761,0.17528188,0.8334355,0.044920683
48.44,-8.76,,,1.0,-1.2498783302519665,5.64423810318464,0.8147842,0.17341709,0.84243494,0.044846535
48.44,-8.74,,,1.0,-1.248420203688079,5.643757915733589,0.823189,0.17160165,0.85126024,0.04455328
48.44,-8.72,,,1.0,-1.2469621006454914,5.643278190829884,0.83146983,0.16983533,0.8599161,0.043435097
48.44,-8.7,,,1.0,-1.2455038821405855,5.642798882635705,0.83963335,0.16812044,0.86839384,0.04433179
48.44,-8.68,,,1.0,-1.2440456873120056,5.64232003677391,0.84767604,0.16645348,0.87669855,0.044622302
48.44,-8.66,,,1.0,-1.2425873771671818,5.641841607490635,0.85559654,0.16483724,0.88483226,0.043866158
48.44,-8.64,,,1.0,-1.2411290908532993,5.6413636403250385,0.86338055,0.16327304,0.89279044,0.043293595
48.44,-8.62,,,1.0,-1.2396706893688698,5.640886089607176,0.8710278,0.16176176,0.90057415,0.04327154
48.44,-8.6,,,1.0,-1.2382123118695902,5.640409000792541,0.8785591,0.16030484,0.90818477,0.043049812
48.44,-8.58,,,1.0,-1.2367538193450809,5.639932328295078,0.8859511,0.15890342,0.91562885,0.04206121
48.44,-8.56,,,1.0,-1.2352953509595253,5.639456117486646,0.8932054,0.1575613,0.9229144,0.041286707
48.44,-8.54,,,1.0,-1.233836767693679,5.638980322865044,0.90034086,0.15627939,0.9300361,0.041490078
48.44,-8.52,,,1.0,-1.2323782087201869,5.638504989718536,0.90733033,0.15505958,0.93699956,0.0419693
48.44,-8.5,,,1.0,-1.230919535010967,5.638030072628739,0.91419464,0.15390658,0.9438226,0.040621042
48.44,-8.4800005,,,1.0,-1.2294608857470928,5.63755561680035,0.92093223,0.15282166,0.9504973,0.041800976
48.44,-8.46,,,1.0,-1.2280021218916812,5.6370815768987805,0.92752814,0.15180779,0.95702773,0.040676475
48.44,-8.440001,,,1.0,-1.2265433826342054,5.63660799804519,0.93400496,0.15086985,0.96342707,0.041433096
48.44,-8.42,,,1.0,-1.225084528929005,5.6361348349887495,0.94036233,0.15000921,0.9697068,0.04085207
48.44,-8.4,,,1.0,-1.2236256304087514,5.635662110236809,0.94658667,0.14923,0.9758649,0.03992331
48.44,-8.38,,,1.0,-1.2221667567145675,5.635189846213188,0.95269775,0.14853573,0.9819054,0.03808844
48.44,-8.36,,,1.0,-1.2207077687876788,5.634717997792626,0.95869106,0.14793062,0.98784244,0.037802458
48.44,-8.34,,,1.0,-1.2192488058384443,5.634246609887597,0.96457624,0.14741695,0.9936896,0.035856843
48.44,-8.32,,,1.0,-1.2177897287993862,5.633775637456521,0.97033936,0.146999,0.9994291,0.0371809
48.44,-8.3,,,1.0,-1.216330676889168,5.63330512532845,0.97600234,0.14668095,1.0050969,0.03626573
48.44,-8.28,,,1.0,-1.2148715110316322,5.632835028545444,0.98155195,0.14646488,1.0106782,0.035553455
48.44,-8.26,,,1.0,-1.213412370453723,5.632365391853177,0.98700553,0.14635515,1.0161868,0.03560102
48.44,-8.24,,,1.0,-1.2119531160706332,5.631896170377317,0.99236083,0.1463548,1.0216398,0.034782887
48.44,-8.22,,,1.0,-1.2104938871175557,5.631427408780181,0.9976245,0.14646685,1.0270287,0.034737468
48.44,-8.2,,,1.0,-1.209034544501065,5.630959062271019,1.0028036,0.14669383,1.0323666,0.034252524
48.44,-8.18,,,1.0,-1.2075752274645757,5.630491175428832,1.0078996,0.14703977,1.0376647,0.033845186
48.44,-8.16,,,1.0,-1.2061157969060703,5.63002370354641,1.012909,0.14750648,1.0429225,0.032916903
48.44,-8.14,,,1.0,-1.204656392077159,5.629556691119467,1.0178492,0.14809597,1.048151,0.033225775
48.44,-8.12,,,1.0,-1.2031968738672578,5.629090093524312,1.0227246,0.1488105,1.053357,0.03246081
48.44,-8.1,,,1.0,-1.2017373815361478,5.6286239551734,1.0275382,0.14965266,1.0585448,0.032497644
48.44,-8.08,,,1.0,-1.2002777759647094,5.628158231526525,1.0322952,0.15062284,1.0637335,0.032104254
48.44,-8.06,,,1.0,-1.1988181964208622,5.6276929669129165,1.0370139,0.15172112,1.0689111,0.031284094
48.44,-8.04,,,1.0,-1.197358503776981,5.62722811687582,1.0416865,0.15295088,1.0741016,0.03178692
48.44,-8.02,,,1.0,-1.1958988373090966,5.626763725661273,1.046335,0.15430903,1.0793005,0.03161311
48.44,-8.0,,,1.0,-1.1944390578811046,5.626299748895941,1.0509608,0.15579706,1.0845301,0.03127098
48.44,-7.98,,,1.0,-1.1929792699725197,5.6258362196965,1.0555799,0.15741557,1.089789,0.031277657
48.44,-7.96,,,1.0,-1.191519438852597,5.6253731269116125,1.0601913,0.15916216,1.0950791,0.031214952
48.44,-7.94,,,1.0,-1.19005956459304,5.624910470457024,1.0648167,0.16103435,1.1004227,0.03121972
48.44,-7.92,,,1.0,-1.188599647265457,5.6244482502485385,1.0694572,0.16303211,1.1058196,0.03126669
48.44,-7.9,,,1.0,-1.1871396869413615,5.623986466202019,1.0741236,0.16515112,1.1112773,0.031174421
48.44,-7.88,,,1.0,-1.1856796836921732,5.623525118233394,1.0788305,0.16739148,1.1168054,0.031243086
48.44,-7.86,,,1.0,-1.1842196375892171,5.623064206258652,1.0835861,0.16974711,1.1224103,0.03129077
48.44,-7.84,,,1.0,-1.1827595487037248,5.622603730193843,1.0883974,0.1722151,1.1280985,0.031381845
48.44,-7.82,,,1.0,-1.1812994171068325,5.6221436899550765,1.0932717,0.17479235,1.1338753,0.031618476
48.44,-7.8,,,1.0,-1.1798392428695854,5.6216840854585275,1.0982223,0.17747545,1.1397501,0.03153515
48.44,-7.78,,,1.0,-1.1783790260629314,5.6212249166204264,1.1032585,0.18025517,1.1457323,0.031569958
48.44,-7.7400002,,,1.0,-1.1754584650247355,5.620307885584822,1.1136124,0.18609571,1.15803,0.031961083
48.44,-7.7200003,,,1.0,-1.1739981209346253,5.619850023220093,1.118946,0.18914562,1.1643634,0.031984806
48.44,-7.7000003,,,1.0,-1.1725377345579715,5.619392596179366,1.1243938,0.19227433,1.1708223,0.032313824
48.44,-7.6800003,,,1.0,-1.1710773059652568,5.618935604379184,1.1299552,0.19546998,1.1774027,0.032436013
48.44,-7.6600003,,,1.0,-1.1696168352268712,5.61847904773615,1.135648,0.19873577,1.1841288,0.032366514
48.44,-7.64,,,1.0,-1.1681562875912366,5.6180229152973205,1.1414673,0.20205784,1.19099,0.032521248
48.44,-7.62,,,1.0,-1.166695732771302,5.617567228729014,1.1474199,0.2054357,1.197987,0.032788515
48.44,-7.6,,,1.0,-1.1652351360163076,5.617111977068036,1.1535058,0.2088561,1.20513,0.032658815
48.44,-7.58,,,1.0,-1.1637744973962714,5.616657160231241,1.1597297,0.21231985,1.2124156,0.03289795
48.44,-7.54,,,1.0,-1.1608530948406794,5.615748830697909,1.172589,0.21933222,1.2274162,0.033354282
48.44,-7.52,,,1.0,-1.159392331044697,5.615295317835385,1.1792215,0.22287315,1.2351178,0.033113837
48.44,-7.5,,,1.0,-1.157931525662817,5.61484223946507,1.1859943,0.2264269,1.2429703,0.032666683
48.44,-7.48,,,1.0,-1.156470678764597,5.614389595504124,1.1928933,0.22998172,1.2509451,0.033180714
48.44,-7.46,,,1.0,-1.1550097904194994,5.6139373858697725,1.1999197,0.23353732,1.2590517,0.033024788
48.44,-7.44,,,1.0,-1.1535488606968958,5.6134856104793,1.2070667,0.23708636,1.2672782,0.03218162
48.44,-7.42,,,1.0,-1.1520878896660662,5.613034269250056,1.214334,0.24062467,1.275624,0.033281803
48.44,-7.4,,,1.0,-1.1506268773961994,5.612583362099451,1.2217011,0.24413836,1.2840704,0.033557415
48.44,-7.38,,,1.0,-1.1491658239563889,5.612132888944959,1.2291691,0.24762195,1.2926219,0.033037066
48.44,-7.36,,,1.0,-1.147704729415642,5.611682849704114,1.2367288,0.25107628,1.3012589,0.032497883
48.44,-7.34,,,1.0,-1.1462435938428706,5.6112332442945165,1.2443733,0.2544909,1.3099698,0.03384781
48.44,-7.32,,,1.0,-1.144782417306896,5.610784072633826,1.2520783,0.2578606,1.3187461,0.033474326
48.44,-7.3,,,1.0,-1.14332119987645,5.610335334639764,1.2598468,0.26117533,1.327576,0.03362608
48.44,-7.28,,,1.0,-1.1418599416201698,5.609887030230118,1.2676595,0.2644341,1.3364431,0.033010483
48.44,-7.26,,,1.0,-1.1403986426066068,5.6094391593227355,1.2755028,0.26762772,1.3453376,0.03324294
48.44,-7.2400002,,,1.0,-1.138937302904215,5.608991721835528,1.2833655,0.27075547,1.3542396,0.032829523
48.44,-7.2200003,,,1.0,-1.1374759225813635,5.60854471768647,1.291236,0.27380604,1.3631425,0.033788085
48.44,-7.1400003,,,1.0,-1.1316299964494982,5.606761032833379,1.322505,0.2851609,1.3984307,0.03513384
48.44,-7.08,,,1.0,-1.1272450938229677,5.605427804654169,1.3453413,0.29263103,1.424128,0.03813529
48.44,-7.02,,,1.0,-1.1228598653512074,5.604098481244054,1.3672849,0.29906988,1.4487467,0.03649938
48.44,-7.0,,,1.0,-1.121398042688632,5.603656238429156,1.3743471,0.30096322,1.4566501,0.036798954
48.44,-6.98,,,1.0,-1.119936180218945,5.603214427972994,1.3812695,0.30272645,1.4643828,0.039564848
48.44,-6.92,,,1.0,-1.1155503546387062,5.601891589945143,1.4010757,0.3071679,1.486407,0.040208697
48.44,-6.9,,,1.0,-1.11408833361162,5.601451508112467,1.40733,0.30835634,1.4933151,0.040570498
48.44,-6.88,,,1.0,-1.1126262731125,5.601011858233117,1.4133909,0.30939114,1.4999912,0.04199207
48.44,-6.86,,,1.0,-1.111164173208095,5.600572640226205,1.419252,0.3102693,1.506409,0.042986155
48.44,-6.84,,,1.0,-1.1097020339650654,5.600133854010899,1.4249021,0.31098706,1.512564,0.042651057
48.44,-6.82,,,1.0,-1.1082398554499806,5.599695499506438,1.4303309,0.31154644,1.5184363,0.04558468
48.44,-6.8,,,1.0,-1.1067776377293237,5.599257576632119,1.4355288,0.31194216,1.5240129,0.044977188
48.44,-6.78,,,1.0,-1.1053153808694862,5.598820085307305,1.440481,0.31216896,1.5292809,0.0448215
48.44,-6.76,,,1.0,-1.1038530849367747,5.598383025451424,1.4451612,0.31221998,1.5342079,0.045915246
48.44,-6.7400002,,,1.0,-1.1023907499974046,5.597946396983965,1.4495788,0.31210947,1.5388019,0.04732108
48.44,-6.7200003,,,1.0,-1.1009283761175046,5.597510199824482,1.4536961,0.31181508,1.5430187,0.04695034
48.44,-6.7000003,,,1.0,-1.0994659633631143,5.597074433892591,1.4575143,0.3113532,1.5468608,0.050713897
48.44,-6.6800003,,,1.0,-1.0980035118001863,5.596639099107975,1.4610058,0.31071132,1.5502859,0.0497396
48.44,-6.6600003,,,1.0,-1.0965410214945823,5.596204195390378,1.4641595,0.30990183,1.5532961,0.050201654
48.44,-6.6400003,,,1.0,-1.0950784925120816,5.595769722659609,1.4669545,0.30891246,1.555867,0.050809145
48.44,-6.62,,,1.0,-1.0936158900475466,5.595335670492303,1.4693754,0.30774873,1.5579675,0.049800515
48.44,-6.6,,,1.0,-1.0921532839073054,5.594902059505144,1.4714025,0.30640787,1.5595846,0.04801786
48.44,-6.58,,,1.0,-1.0906906392869684,5.594468879264618,1.4730104,0.30488515,1.5607014,0.050085783
48.44,-6.56,,,1.0,-1.0892279562519616,5.594036129690795,1.4741883,0.30320144,1.5612823,0.05359721
48.44,-6.54,,,1.0,-1.0877652348676212,5.593603810703801,1.4749109,0.30134434,1.5613195,0.05289364
48.44,-6.52,,,1.0,-1.0863024751991996,5.593171922223826,1.4751568,0.29931736,1.5607829,0.05358982
48.44,-6.5,,,1.0,-1.0848396773118587,5.59274046417113,1.4749047,0.29711688,1.5596582,0.052011013
48.44,-6.48,,,1.0,-1.0833768412706757,5.592309436466033,1.4741367,0.294757,1.5579188,0.052996278
48.44,-6.46,,,1.0,-1.0819139671406408,5.5918788390289205,1.4728274,0.29224128,1.5555463,0.05279541
48.44,-6.44,,,1.0,-1.0804510549866544,5.59144867178024,1.4709594,0.2895658,1.5525255,0.052332163
48.44,-6.42,,,1.0,-1.0789881048735337,5.591018934640506,1.4685098,0.2867366,1.5488211,0.05201316
48.44,-6.4,,,1.0,-1.0775251168660076,5.590589627530297,1.4654543,0.2837634,1.5444276,0.050269842
48.44,-6.38,,,1.0,-1.0760620910287184,5.590160750370253,1.4617739,0.28064156,1.5393116,0.049945354
48.44,-6.36,,,1.0,-1.0745990274262214,5.589732303081081,1.4574459,0.2773863,1.5334623,0.05148053
48.44,-6.34,,,1.0,-1.0731359261229865,5.5893042855835535,1.4524523,0.27400267,1.5268624,0.04838133
48.44,-6.32,,,1.0,-1.0716727871833969,5.5888766977985025,1.4467697,0.27048707,1.5194893,0.050317287
48.44,-6.3,,,1.0,-1.070209610671751,5.58844953964683,1.4403812,0.2668537,1.5113277,0.04657471
48.44,-6.28,,,1.0,-1.068746396652257,5.588022811049501,1.4332643,0.26310635,1.5023708,0.046162963
48.44,-6.26,,,1.0,-1.0672831451890423,5.587596511927543,1.4254043,0.2592548,1.4925867,0.04856038
48.44,-6.2400002,,,1.0,-1.0658198563461456,5.5871706422020475,1.4167798,0.25529987,1.4819702,0.04769337
48.44,-6.2200003,,,1.0,-1.0643565301875195,5.586745201794175,1.4073755,0.2512545,1.4705071,0.04574442
48.44,-6.2000003,,,1.0,-1.0628931667770318,5.5863201906251465,1.397176,0.24713069,1.4581867,0.04378438
48.44,-6.1800003,,,1.0,-1.0614297661784655,5.5858956086162515,1.3861616,0.24292684,1.4449922,0.043428183
48.44,-6.1600003,,,1.0,-1.059966328455516,5.585471455688837,1.3743234,0.23865247,1.4309157,0.042243958
48.44,-6.1400003,,,1.0,-1.058502853671796,5.585047731764327,1.3616499,0.2343213,1.4159589,0.042961955
48.44,-6.1200004,,,1.0,-1.0570393418908297,5.584624436764195,1.3481135,0.22994637,1.4000988,0.039687514
48.44,-6.1,,,1.0,-1.055575758281866,5.584201560533182,1.3337221,0.22551382,1.383338,0.038952827
48.44,-6.08,,,1.0,-1.054112172695768,5.583779123156739,1.3184597,0.2210533,1.3656651,0.03742194
48.44,-6.06,,,1.0,-1.0526485503024945,5.583357114469512,1.3023021,0.21656692,1.3470764,0.035880804
48.44,-6.04,,,1.0,-1.051184891165229,5.582935534393241,1.2852604,0.21206665,1.3275809,0.035775423
48.44,-6.02,,,1.0,-1.0497211953470746,5.582514382849728,1.2673287,0.20756114,1.3071711,0.03486705
48.44,-6.0,,,1.0,-1.0482574629110466,5.582093659760848,1.2484798,0.20305169,1.2858323,0.033199787
48.44,-5.98,,,1.0,-1.0467936939200768,5.581673365048535,1.2287306,0.1985569,1.2635924,0.032249212
48.44,-5.96,,,1.0,-1.0453298884370124,5.5812534986347915,1.2080739,0.19408262,1.2404349,0.03063798
48.44,-5.94,,,1.0,-1.0438660465246177,5.580834060441684,1.1865116,0.1896382,1.2163733,0.029738903
48.44,-5.92,,,1.0,-1.0424021682455695,5.580415050391342,1.1640317,0.18523526,1.1914208,0.029266953
48.44,-5.88,,,1.0,-1.0394743028378108,5.579578314407811,1.1163846,0.176579,1.1388563,0.027104378
48.44,-5.82,,,1.0,-1.035082233538411,5.578326419560298,1.0382876,0.1641407,1.0535939,0.024707317
48.44,-5.8,,,1.0,-1.0336181383709928,5.5779099767349685,1.0105301,0.1601736,1.0235404,0.022884727
48.44,-5.7200003,,,1.0,-1.027761399018453,5.576248480655655,0.8914714,0.14545548,0.8958287,0.020824313
48.44,-5.6600003,,,1.0,-1.0233684696185987,5.57500684541725,0.79454803,0.13587713,0.7931502,0.018802643
48.44,-5.58,,,1.0,-1.0175106988167142,5.573357300428888,0.65719104,0.12547791,0.6492862,0.016533494
48.44,-5.52,,,1.0,-1.0131170265316367,5.572124630245146,0.54995644,0.11973357,0.53814846,0.014493108
48.44,-5.46,,,1.0,-1.0087230386188475,5.570895798765523,0.44101724,0.115938544,0.4261783,0.016928434
48.44,-5.44,,,1.0,-1.0072583061255338,5.570487040961172,0.4046754,0.11512947,0.38899663,0.015810966
48.44,-5.38,,,1.0,-1.0028638999268986,5.569263324547495,0.29660177,0.114151955,0.27897653,0.016137242
48.44,-5.36,,,1.0,-1.0013990284892575,5.568856271155739,0.2611755,0.11431432,0.24306433,0.017518163
48.44,-5.32,,,1.0,-0.99846918191862,5.568043442035546,0.19168814,0.115380645,0.17281674,0.015620351
48.44,-5.3,,,1.0,-0.9970042069059352,5.56763766615538,0.15777612,0.11628914,0.1386434,0.01699543
48.44,-5.28,,,1.0,-0.9955391974884128,5.56723231596079,0.1245315,0.117445946,0.105185635,0.016379476
48.44,-5.2200003,,,1.0,-0.9911439634059448,5.566018818733826,0.029440356,0.12242162,0.009796892,0.018265963
48.44,-5.1800003,,,1.0,-0.988213636423761,5.565211947624353,-0.02947837,0.12696898,-0.049069036,0.019895077
48.44,-5.1600003,,,1.0,-0.9867484218333984,5.564809149955864,-0.05742591,0.12959063,-0.076944016,0.02064979
48.44,-5.1400003,,,1.0,-0.985283173256174,5.564406777444451,-0.08432321,0.13246274,-0.10370669,0.021826982
48.44,-5.1200004,,,1.0,-0.9838178907514766,5.564004830014881,-0.11008882,0.1355561,-0.12934688,0.022961378
48.44,-5.08,,,1.0,-0.9808871892597096,5.563202200542804,-0.1582043,0.14241177,-0.17710656,0.024463773
48.44,-5.06,,,1.0,-0.97942180532732,5.562801527918146,-0.1804874,0.14616871,-0.19918,0.026007175
48.44,-5.04,,,1.0,-0.9779563877042122,5.562401280075054,-0.2015492,0.15012288,-0.22001362,0.026533008
48.44,-5.02,,,1.0,-0.9764909364493766,5.56200145693863,-0.22138454,0.1542893,-0.23961626,0.027368069
48.44,-5.0,,,1.0,-0.9750254516217188,5.561602058434034,-0.23997252,0.15863788,-0.25796136,0.028598785
48.44,-4.98,,,1.0,-0.9735599332800714,5.561203084486504,-0.2573153,0.16317546,-0.2750498,0.029921532
48.44,-4.96,,,1.0,-0.9720943814831818,5.560804535021336,-0.27340585,0.16788638,-0.29089132,0.033205032
48.44,-4.94,,,1.0,-0.970628796289722,5.560406409963895,-0.28823668,0.17276615,-0.30547795,0.033863187
48.44,-4.92,,,1.0,-0.9691631777582812,5.560008709239613,-0.30183017,0.17781317,-0.31883007,0.0355525
48.44,-4.9,,,1.0,-0.967697525947372,5.559611432773991,-0.31418893,0.18300772,-0.33093792,0.036623955
48.44,-4.88,,,1.0,-0.9662318409154268,5.559214580492595,-0.32530957,0.18833756,-0.34183958,0.038955927
48.44,-4.86,,,1.0,-0.9647661227207984,5.558818152321055,-0.33522603,0.19380957,-0.3515271,0.038514018
48.44,-4.84,,,1.0,-0.9633003714217616,5.558422148185074,-0.34395486,0.19940388,-0.36004385,0.04012227
48.44,-4.82,,,1.0,-0.9618345870765126,5.558026568010419,-0.35150146,0.20511001,-0.3673952,0.042515278
48.46,-10.0,,,1.0,-1.3394236935084587,5.677058167980908,0.27937305,0.497939,0.2626984,0.08076501
48.46,-9.9800005,,,1.0,-1.3379693093401603,5.6765506502192045,0.2857304,0.4883443,0.2684614,0.075695515
48.46,-9.96,,,1.0,-1.3365148048060915,5.676043553285636,0.2922303,0.4788308,0.27440864,0.07146597
48.46,-9.94,,,1.0,-1.3350602493389747,5.675536901301755,0.2988681,0.46942562,0.28053042,0.0672729
48.46,-9.92,,,1.0,-1.3336057123811411,5.6750307183043125,0.3056442,0.4601156,0.28684062,0.06342316
48.46,-9.88,,,1.0,-1.3306964168865274,5.674019662317761,0.31960088,0.4418416,0.29999965,0.05665922
48.46,-9.86,,,1.0,-1.3292416585077251,5.673514789191489,0.32677498,0.4328851,0.30685595,0.05352533
48.46,-9.84,,,1.0,-1.327786918973494,5.673010384607704,0.33408096,0.4240598,0.3138932,0.05119145
48.46,-9.82,,,1.0,-1.3263320596267685,5.6725064003717955,0.3415052,0.41537553,0.32111135,0.048800588
48.46,-9.8,,,1.0,-1.3248772192916096,5.672002884456764,0.3490555,0.40683508,0.32851127,0.046428323
48.46,-9.78,,,1.0,-1.3234222593011264,5.671499788752864,0.35672715,0.39843976,0.3360912,0.044870377
48.46,-9.74,,,1.0,-1.320512258177859,5.670494953618673,0.37240797,0.38211864,0.35178018,0.041727304
48.46,-9.72,,,1.0,-1.3190572172112034,5.669993213967258,0.3804137,0.37419254,0.35988447,0.040489197
48.46,-9.7,,,1.0,-1.317602056902364,5.66949189425411,0.3885194,0.36644018,0.36816555,0.039414167
48.46,-9.68,,,1.0,-1.3161469161034771,5.668991042198466,0.3967337,0.3588587,0.37660715,0.038514137
48.46,-9.66,,,1.0,-1.3146916561183757,5.668490609944972,0.40504077,0.35144746,0.3852232,0.037765622
48.46,-9.64,,,1.0,-1.3132364158084937,5.667990645128346,0.41344655,0.3442139,0.39400113,0.03716433
48.46,-9.62,,,1.0,-1.3117810564679668,5.667491099977963,0.42194086,0.33715665,0.40294373,0.036666155
48.46,-9.6,,,1.0,-1.3103257169675002,5.666992022044056,0.4305268,0.33028388,0.41204688,0.03622794
48.46,-9.58,,,1.0,-1.30887025859156,5.666493363640698,0.439205,0.3235861,0.421299,0.03606546
48.46,-9.56,,,1.0,-1.307414820220089,5.66599517223367,0.44796163,0.31706876,0.430709,0.0359056
48.46,-9.54,,,1.0,-1.3059592631279204,5.665497400221708,0.4568036,0.3107376,0.44026768,0.035877228
48.46,-9.52,,,1.0,-1.3045037262042036,5.665000094986177,0.4657315,0.30458283,0.44997603,0.035828948
48.46,-9.5,,,1.0,-1.3030480707141667,5.664503209010438,0.47472826,0.29861325,0.45981953,0.035785913
48.46,-9.4800005,,,1.0,-1.3015924355561372,5.664006789591475,0.48381257,0.29281873,0.4698045,0.03617549
48.46,-9.46,,,1.0,-1.3001366819857714,5.663510789297248,0.4929676,0.28720385,0.4799213,0.03640151
48.46,-9.440001,,,1.0,-1.2986809489105446,5.663015255340387,0.5021915,0.28176713,0.4901581,0.036634207
48.46,-9.42,,,1.0,-1.2972250975765671,5.662520140373415,0.5114825,0.27650183,0.5005209,0.036943674
48.46,-9.4,,,1.0,-1.2957691974781358,5.662025467947918,0.5208389,0.27140886,0.51099527,0.037279725
48.46,-9.38,,,1.0,-1.294313318118746,5.661531261531138,0.5302545,0.26648325,0.5215695,0.03765154
48.46,-9.36,,,1.0,-1.2928573207302512,5.661037473902376,0.5397307,0.26172125,0.53224957,0.038091063
48.46,-9.34,,,1.0,-1.2914013442428678,5.660544152063541,0.54925734,0.25712228,0.5430102,0.03844571
48.46,-9.32,,,1.0,-1.2899452498789827,5.660051248878409,0.55883676,0.25267744,0.55385715,0.038508177
48.46,-9.3,,,1.0,-1.2884891765778577,5.659558811264663,0.56845146,0.2483871,0.56477445,0.03922701
48.46,-9.28,,,1.0,-1.2870329855524434,5.659066792170521,0.578113,0.24424338,0.5757517,0.03938651
48.46,-9.26,,,1.0,-1.285576815751016,5.658575238429471,0.58780617,0.24024308,0.5867839,0.0398674
48.46,-9.24,,,1.0,-1.284120528377119,5.658084103074144,0.597524,0.23638028,0.59786326,0.040106297
48.46,-9.22,,,1.0,-1.282664262388017,5.657593432853861,0.6072661,0.2326529,0.60896903,0.040714502
48.46,-9.2,,,1.0,-1.2812078789778745,5.657103180885633,0.6170254,0.22905475,0.6201041,0.04071474
48.46,-9.18,,,1.0,-1.2797515171129124,5.656613393834654,0.62679887,0.225577,0.6312497,0.04087329
48.46,-9.16,,,1.0,-1.278295037977953,5.656124024902276,0.6365805,0.22222054,0.6423901,0.041701913
48.46,-9.14,,,1.0,-1.2768385805481404,5.655635120669599,0.6463597,0.21897376,0.65352786,0.042299747
48.46,-9.12,,,1.0,-1.2753820059989824,5.65514663442229,0.656137,0.21583724,0.6646398,0.042343497
48.46,-9.1,,,1.0,-1.273925453314521,5.654658612657384,0.6658989,0.21280277,0.67572916,0.04319465
48.46,-9.08,,,1.0,-1.2724687836609785,5.654171008744822,0.67564106,0.20986998,0.6867699,0.043465614
48.46,-9.06,,,1.0,-1.2710121360312665,5.653683869097616,0.6853606,0.2070269,0.69776446,0.043713093
48.46,-9.04,,,1.0,-1.2695553715823489,5.653197147169953,0.6950564,0.20427597,0.7086981,0.043959737
48.46,-9.02,,,1.0,-1.2680986293159775,5.652710889290851,0.7047145,0.20160937,0.71955574,0.04386282
48.46,-9.0,,,1.0,-1.2666417703798931,5.652225048998703,0.71431935,0.19902456,0.7303385,0.04355347
48.46,-8.9800005,,,1.0,-1.265184933784657,5.651739672538569,0.72388846,0.19651365,0.7410216,0.044158936
48.46,-8.96,,,1.0,-1.2637279806688122,5.651254713533024,0.7333969,0.19407761,0.75160515,0.04461384
48.46,-8.940001,,,1.0,-1.2622710500517027,5.650770218143196,0.7428493,0.19171196,0.7620802,0.04469776
48.46,-8.92,,,1.0,-1.2608140030627049,5.6502861400758055,0.7522344,0.18941247,0.77244145,0.044478893
48.46,-8.9,,,1.0,-1.2593569092507442,5.649802502357471,0.7615456,0.18717575,0.78266865,0.044338465
48.46,-8.88,,,1.0,-1.2578998381735764,5.649319327930881,0.7707713,0.18500102,0.7927601,0.044807673
48.46,-8.86,,,1.0,-1.2564426509468845,5.648836570628913,0.7799151,0.18288606,0.80270773,0.044745564
48.46,-8.84,,,1.0,-1.2549854866118388,5.648354276403023,0.7889664,0.18082452,0.8125115,0.044787407
48.46,-8.82,,,1.0,-1.2535282062750324,5.647872399170152,0.7979278,0.17882079,0.8221584,0.04432535
48.46,-8.8,,,1.0,-1.252070948986318,5.647390984797946,0.80677325,0.17686957,0.83163196,0.045297265
48.46,-8.78,,,1.0,-1.2506135758432226,5.646909987287376,0.8155196,0.1749689,0.8409526,0.045142174
48.46,-8.76,,,1.0,-1.2491562259042523,5.646429452422312,0.82415295,0.17312157,0.85009396,0.044551253
48.46,-8.74,,,1.0,-1.2476987602579015,5.645949334287718,0.83266604,0.17132437,0.85905993,0.04405856
48.46,-8.72,,,1.0,-1.2462413179713,5.6454696785837255,0.8410494,0.1695767,0.86784744,0.04418385
48.46,-8.7,,,1.0,-1.2447837601239369,5.644990439479259,0.84931433,0.16787922,0.876455,0.044050813
48.46,-8.68,,,1.0,-1.2433262257915385,5.644511662590739,0.8574345,0.16623259,0.884877,0.04363978
48.46,-8.66,,,1.0,-1.2418685760446198,5.644033302171026,0.8654271,0.16463745,0.8931197,0.04404962
48.46,-8.64,,,1.0,-1.2404109499674745,5.643555403752858,0.8732839,0.16309428,0.901179,0.0432173
48.46,-8.62,,,1.0,-1.2389532086216697,5.643077921672994,0.88099045,0.16160506,0.90905017,0.042373538
48.46,-8.6,,,1.0,-1.237495491100039,5.642600901380531,0.8885588,0.16017145,0.91674113,0.043117046
48.46,-8.58,,,1.0,-1.2360376584552342,5.642124297296093,0.8959845,0.15879333,0.9242597,0.042369127
48.46,-8.56,,,1.0,-1.2345798497885987,5.641648154785167,0.903263,0.15747553,0.9315926,0.04250741
48.46,-8.54,,,1.0,-1.2331219261438944,5.641172428352207,0.9103918,0.15621698,0.9387553,0.042277694
48.46,-8.52,,,1.0,-1.2316640266309515,5.640697163279121,0.9173763,0.15502203,0.9457523,0.041802764
48.46,-8.5,,,1.0,-1.2302060122846716,5.640222314154168,0.924222,0.1538949,0.9525887,0.040589094
48.46,-8.4800005,,,1.0,-1.2287480222233378,5.639747926175708,0.9309192,0.15283358,0.9592612,0.038723946
48.46,-8.46,,,1.0,-1.227289917473024,5.639273954015771,0.93747115,0.1518451,0.9657907,0.039588213
48.46,-8.440001,,,1.0,-1.225831837160438,5.638800442789201,0.9438875,0.15093213,0.97216964,0.039061308
48.46,-8.42,,,1.0,-1.2243736423028535,5.638327347251763,0.95016176,0.15009582,0.9784058,0.039485455
48.46,-8.4,,,1.0,-1.2229154025016074,5.637854689907727,0.9563065,0.1493411,0.98451483,0.03837204
48.46,-8.38,,,1.0,-1.221457187366512,5.637382493177851,0.96231025,0.1486708,0.9904979,0.038832426
48.46,-8.36,,,1.0,-1.2199988579016907,5.63691071194344,0.96819204,0.1480884,0.99635965,0.03709507
48.46,-8.34,,,1.0,-1.2185405532547997,5.636439391110704,0.9739518,0.14759833,1.0021087,0.037765622
48.46,-8.32,,,1.0,-1.2170821344212313,5.635968485644604,0.97957283,0.14720207,1.0077599,0.03708124
48.46,-8.3,,,1.0,-1.2156237405569708,5.635498040367952,0.98509324,0.14690483,1.013309,0.036839485
48.46,-8.28,,,1.0,-1.2141652326487111,5.63502801032933,0.9904904,0.1467095,1.0187727,0.035889983
48.46,-8.26,,,1.0,-1.2127067498607378,5.634558440268186,0.99577755,0.14661837,1.0241567,0.03593409
48.46,-8.24,,,1.0,-1.2112481531710717,5.634089285316692,1.000963,0.14663517,1.0294636,0.035227537
48.46,-8.22,,,1.0,-1.2097895817522737,5.633620590130965,1.0060452,0.14676332,1.0346999,0.034905672
48.46,-8.2,,,1.0,-1.2083308965737174,5.633152309926733,1.0110384,0.14700544,1.0398844,0.034763098
48.46,-8.18,,,1.0,-1.2068722368162133,5.632684489276811,1.015929,0.14736342,1.0450197,0.03424549
48.46,-8.16,,,1.0,-1.2054134634405194,5.632217083480459,1.0207398,0.14784002,1.0501059,0.03336525
48.46,-8.14,,,1.0,-1.2039547156356631,5.631750137027218,1.0254813,0.14843857,1.0551608,0.033504844
48.46,-8.12,,,1.0,-1.2024958543538151,5.631283605299841,1.0301491,0.14915997,1.0601889,0.033372164
48.46,-8.1,,,1.0,-1.2010370187921964,5.630817532704643,1.0347524,0.15000486,1.0651954,0.03312719
48.46,-8.08,,,1.0,-1.1995780698944172,5.63035187470783,1.0393034,0.15097618,1.0701921,0.03297627
48.46,-8.06,,,1.0,-1.1981191468658623,5.629886675632518,1.0438027,0.15207374,1.07519,0.032356262
48.46,-8.04,,,1.0,-1.1966601106416104,5.62942189102834,1.0482689,0.1532985,1.0801849,0.03241706
48.46,-8.02,,,1.0,-1.1952011004351857,5.628957565135243,1.0527068,0.1546495,1.0851992,0.032403946
48.46,-7.98,,,1.0,-1.19228284528821,5.6280301894935425,1.0615289,0.15773189,1.0953089,0.03188312
48.46,-7.94,,,1.0,-1.1893644515762931,5.6271045701438736,1.0703537,0.16131365,1.1055791,0.03197694
48.46,-7.92,,,1.0,-1.1879051898928237,5.626642414718753,1.0747911,0.16328692,1.11079,0.032052994
48.46,-7.9,,,1.0,-1.1864458850865187,5.626180695348101,1.0792605,0.16537988,1.1160735,0.032133818
48.46,-7.88,,,1.0,-1.1849865372288897,5.625719411947982,1.083772,0.1675883,1.1214193,0.03202033
48.46,-7.86,,,1.0,-1.183527146391356,5.625258564434527,1.0883362,0.16990882,1.1268516,0.032135725
48.46,-7.84,,,1.0,-1.182067712645238,5.624798152723928,1.0929576,0.17234015,1.13237,0.032277465
48.46,-7.82,,,1.0,-1.1806082360617678,5.624338176732435,1.0976465,0.17487508,1.137986,0.03232646
48.46,-7.8,,,1.0,-1.17914871671208,5.6238786363763635,1.1024147,0.17750883,1.1436998,0.03238988
48.46,-7.78,,,1.0,-1.1776891546672157,5.62341953157209,1.1072726,0.18024111,1.1495237,0.03278637
48.46,-7.76,,,1.0,-1.1762295499981252,5.622960862236046,1.1122229,0.18306386,1.1554599,0.03274119
48.46,-7.7400002,,,1.0,-1.1747699027756624,5.622502628284733,1.117275,0.1859715,1.161516,0.03288591
48.46,-7.7200003,,,1.0,-1.1733102130705888,5.622044829634708,1.1224374,0.18895853,1.1676977,0.033040524
48.46,-7.7000003,,,1.0,-1.171850480953573,5.621587466202594,1.1277124,0.19202101,1.1740047,0.032959938
48.46,-7.6800003,,,1.0,-1.1703907064951895,5.621130537905072,1.1331159,0.19515258,1.1804518,0.03305149
48.46,-7.6600003,,,1.0,-1.1689308897659207,5.620674044658885,1.1386406,0.19834465,1.1870335,0.033292413
48.46,-7.64,,,1.0,-1.167470996029872,5.620217975512738,1.1442944,0.20159101,1.1937486,0.033533096
48.46,-7.62,,,1.0,-1.1660110949689038,5.619762352130069,1.150084,0.20488799,1.2006203,0.033347845
48.46,-7.6,,,1.0,-1.1645511518479406,5.619307163549337,1.1560125,0.20822877,1.207629,0.033213854
48.46,-7.58,,,1.0,-1.1630911667370931,5.61885240968753,1.1620787,0.21160424,1.2147856,0.03340769
48.46,-7.56,,,1.0,-1.1616311397063794,5.618398090461703,1.1682857,0.21501017,1.2220846,0.0334754
48.46,-7.54,,,1.0,-1.160171070825725,5.6179442057889695,1.1746329,0.21843934,1.2295262,0.033490896
48.46,-7.52,,,1.0,-1.1587109601649643,5.617490755586507,1.1811188,0.2218833,1.2371101,0.033423424
48.46,-7.5,,,1.0,-1.1572508077938377,5.617037739771551,1.1877382,0.22533894,1.2448301,0.03394413
48.46,-7.48,,,1.0,-1.155790613781994,5.616585158261406,1.1944903,0.22879404,1.2526922,0.033264756
48.46,-7.46,,,1.0,-1.15433037819899,5.6161330109734315,1.2013737,0.23224717,1.2606862,0.0333848
48.46,-7.44,,,1.0,-1.152870101114292,5.615681297825052,1.2083834,0.2356931,1.268799,0.03349924
48.46,-7.42,,,1.0,-1.151409782597273,5.615230018733755,1.215507,0.23911965,1.277026,0.033972383
48.46,-7.4,,,1.0,-1.1499494227172122,5.61477917361709,1.2227435,0.24252313,1.2853673,0.033245683
48.46,-7.38,,,1.0,-1.1484890215433026,5.614328762392665,1.2300822,0.24590033,1.2938077,0.03321123
48.46,-7.36,,,1.0,-1.1470285791446395,5.613878784978157,1.2375141,0.24923992,1.3023388,0.03366375
48.46,-7.34,,,1.0,-1.1455680955902323,5.613429241291298,1.2450272,0.2525363,1.3109481,0.033603787
48.46,-7.32,,,1.0,-1.144107570948995,5.612980131249888,1.2526162,0.25578856,1.3196241,0.03363967
48.46,-7.3,,,1.0,-1.142647005289753,5.612531454771786,1.2602639,0.25898665,1.3283536,0.033955455
48.46,-7.28,,,1.0,-1.1411863986812392,5.612083211774915,1.267962,0.2621265,1.3371282,0.03346002
48.46,-7.2000003,,,1.0,-1.1353435641259462,5.610294572960382,1.2989817,0.27398115,1.3723629,0.03364098
48.46,-7.12,,,1.0,-1.1295000450255035,5.608512852696416,1.3297184,0.2844655,1.4070905,0.03440702
48.46,-7.06,,,1.0,-1.1251170080677382,5.607181114590791,1.3520609,0.29123402,1.4322357,0.03607738
48.46,-7.0,,,1.0,-1.1207336099255714,5.605853268996188,1.3734292,0.2969213,1.456172,0.035566807
48.46,-6.98,,,1.0,-1.1192723972633776,5.605411518421358,1.3802892,0.298558,1.4638262,0.038889766
48.46,-6.92,,,1.0,-1.114888520374434,5.604088859431957,1.3999361,0.3026297,1.4856144,0.0389297
48.46,-6.9,,,1.0,-1.1134271486677016,5.603648837077361,1.4061403,0.30369198,1.4924437,0.041359425
48.46,-6.88,,,1.0,-1.1119657373673892,5.603209246575615,1.4121609,0.3046052,1.499033,0.03985977
48.46,-6.86,,,1.0,-1.1105042865403396,5.602770087845959,1.4179794,0.30535942,1.5053712,0.04036665
48.46,-6.84,,,1.0,-1.1090427962533087,5.602331360807701,1.4235939,0.305959,1.5114402,0.042990923
48.46,-6.82,,,1.0,-1.107581266572961,5.60189306538021,1.4289876,0.3063966,1.5172298,0.04462886
48.46,-6.8,,,1.0,-1.1061196975658751,5.601455201482915,1.4341462,0.30666673,1.5227253,0.043118358
48.46,-6.78,,,1.0,-1.1046580892985405,5.601017769035316,1.4390659,0.30677575,1.5279002,0.043497086
48.46,-6.76,,,1.0,-1.1031964418373543,5.600580767956971,1.4437238,0.30671602,1.5327493,0.0456115
48.46,-6.7400002,,,1.0,-1.101734755248632,5.600144198167501,1.4481057,0.30648226,1.537238,0.04570794
48.46,-6.7200003,,,1.0,-1.1002730295985952,5.599708059586596,1.4521979,0.30607545,1.5413759,0.04717648
48.46,-6.7000003,,,1.0,-1.0988112649533814,5.599272352134001,1.4559906,0.30550212,1.5451127,0.04471922
48.46,-6.6800003,,,1.0,-1.0973494613790356,5.598837075729535,1.4594562,0.30475157,1.5484554,0.049201608
48.46,-6.6600003,,,1.0,-1.0958876189415196,5.59840223029307,1.4625827,0.30382508,1.5513645,0.047092795
48.46,-6.6400003,,,1.0,-1.094425737706704,5.59796781574455,1.4653519,0.30272895,1.553838,0.049747586
48.46,-6.62,,,1.0,-1.0929637828849912,5.597533821662125,1.467746,0.30145836,1.5558422,0.049230695
48.46,-6.6,,,1.0,-1.0915018242519208,5.5971002686598395,1.4697384,0.30000436,1.5573556,0.05010259
48.46,-6.58,,,1.0,-1.0900398270186415,5.596667146305699,1.4713186,0.29838967,1.5583634,0.051714897
48.46,-6.56,,,1.0,-1.0885777912506758,5.596234454519904,1.4724604,0.29660118,1.5588425,0.05089879
48.46,-6.54,,,1.0,-1.087115717013457,5.595802193222712,1.4731485,0.2946446,1.5587668,0.05093932
48.46,-6.52,,,1.0,-1.0856536043723326,5.595370362334444,1.473355,0.2925225,1.5581261,0.0496943
48.46,-6.5,,,1.0,-1.0841914533925614,5.594938961775492,1.4730612,0.29023397,1.5568823,0.051603198
48.46,-6.48,,,1.0,-1.0827292641393162,5.594507991466304,1.4722483,0.28778565,1.5550265,0.050735712
48.46,-6.46,,,1.0,-1.081267036677683,5.594077451327398,1.4708883,0.28517866,1.5525291,0.051759243
48.46,-6.44,,,1.0,-1.0798047710726617,5.593647341279353,1.468967,0.2824285,1.54938,0.050811052
48.46,-6.42,,,1.0,-1.0783424673891622,5.5932176612428135,1.4664552,0.27951896,1.5455488,0.050833344
48.46,-6.4,,,1.0,-1.0768801256920126,5.592788411138484,1.463333,0.27647316,1.5410173,0.049707174
48.46,-6.38,,,1.0,-1.07541774604595,5.59235959088714,1.4595811,0.27327633,1.5357736,0.04839921
48.46,-6.36,,,1.0,-1.0739553285156274,5.5919312004096176,1.4551765,0.26995254,1.5297835,0.048926592
48.46,-6.34,,,1.0,-1.0724928731656114,5.5915032396268165,1.4501019,0.2665065,1.5230358,0.047967434
48.46,-6.32,,,1.0,-1.071030380060382,5.591075708459701,1.4443299,0.26293123,1.5155131,0.047845125
48.46,-6.3,,,1.0,-1.069567849264333,5.5906486068293,1.4378443,0.25924295,1.5072088,0.046910524
48.46,-6.28,,,1.0,-1.0681052808417724,5.590221934656708,1.4306263,0.25544697,1.4980916,0.045644403
48.46,-6.26,,,1.0,-1.0666426748569222,5.589795691863084,1.4226533,0.25154573,1.4881437,0.044813633
48.46,-6.2400002,,,1.0,-1.065180031373918,5.589369878369647,1.4139147,0.2475571,1.4773651,0.04385829
48.46,-6.2200003,,,1.0,-1.063717350456811,5.588944494097685,1.4043825,0.24347603,1.4657315,0.042795897
48.46,-6.2000003,,,1.0,-1.062254632169565,5.5885195389685505,1.3940536,0.23931837,1.4532326,0.041345835
48.46,-6.1800003,,,1.0,-1.06079187657606,5.588095012903659,1.382901,0.23508716,1.4398638,0.04064274
48.46,-6.1600003,,,1.0,-1.0593290837400895,5.587670915824489,1.3709136,0.23079073,1.4256057,0.041678667
48.46,-6.1400003,,,1.0,-1.0578662537253627,5.587247247652586,1.3580837,0.22644901,1.410458,0.039429545
48.46,-6.1200004,,,1.0,-1.0564033865955016,5.586824008309563,1.3443927,0.222049,1.3944114,0.03815067
48.46,-6.1,,,1.0,-1.054940447535217,5.586401187641599,1.3298315,0.2176187,1.377455,0.03680408
48.46,-6.08,,,1.0,-1.053477506364737,5.585978805731635,1.314394,0.21315885,1.3595899,0.037071228
48.46,-6.06,,,1.0,-1.052014528269485,5.585556852415764,1.2980589,0.20867378,1.3408065,0.035712957
48.46,-6.04,,,1.0,-1.0505515133127434,5.585135327615853,1.2808319,0.2041825,1.3211108,0.035269737
48.46,-6.02,,,1.0,-1.049088461557711,5.584714231253838,1.2627032,0.19968832,1.300496,0.033172607
48.46,-6.0,,,1.0,-1.0476253730675031,5.584293563251713,1.2436625,0.19519973,1.2789618,0.032182932
48.46,-5.98,,,1.0,-1.046162247905147,5.583873323531544,1.2237194,0.190732,1.2565111,0.03023982
48.46,-5.96,,,1.0,-1.0446990861335894,5.58345351201546,1.2028569,0.1862871,1.2331553,0.03086853
48.46,-5.94,,,1.0,-1.0432358878156909,5.583034128625651,1.1810832,0.18187523,1.2088865,0.027647734
48.46,-5.92,,,1.0,-1.0417726530142273,5.582615173284376,1.1584021,0.17750525,1.183732,0.02654314
48.46,-5.9,,,1.0,-1.040309381791892,5.582196645913959,1.1348183,0.17319608,1.1576858,0.026753902
48.46,-5.88,,,1.0,-1.0388460742112924,5.581778546436788,1.1103224,0.16894329,1.13077,0.026401281
48.46,-5.86,,,1.0,-1.0373827303349532,5.581360874775315,1.0849553,0.16476297,1.1029906,0.025976181
48.46,-5.84,,,1.0,-1.0359193502253157,5.580943630852059,1.0587064,0.1606676,1.0743717,0.02330339
48.46,-5.82,,,1.0,-1.034455933944736,5.5805268145896045,1.0315838,0.15665627,1.0449296,0.02430439
48.46,-5.78,,,1.0,-1.031528993119761,5.579694464737757,0.9748329,0.14895022,0.9836655,0.020875454
48.46,-5.7200003,,,1.0,-1.0271383121543531,5.5784491454843295,0.88375753,0.13829422,0.88628024,0.02004528
48.46,-5.7000003,,,1.0,-1.025674680152941,5.5780348935645865,0.8519251,0.13501644,0.8524771,0.020114899
48.46,-5.6600003,,,1.0,-1.0227473090014685,5.577207671010346,0.78629494,0.12892711,0.7831288,0.017267942
48.46,-5.6400003,,,1.0,-1.0212835699747067,5.576794700222128,0.7525553,0.12612891,0.7476687,0.016601324
48.46,-5.6200004,,,1.0,-1.0198197953959889,5.576382156324136,0.71828514,0.12350881,0.71174634,0.017625213
48.46,-5.6000004,,,1.0,-1.0183559853267574,5.575970039239676,0.6835388,0.121068716,0.675436,0.016415358
48.46,-5.58,,,1.0,-1.0168921049271202,5.575558339081731,0.6483441,0.118819594,0.63877684,0.016489863
48.46,-5.56,,,1.0,-1.0154282240600163,5.575147075404677,0.61279535,0.11677086,0.6018307,0.017357826
48.46,-5.5,,,1.0,-1.0110363698629956,5.5739158435708225,0.504554,0.11187148,0.4899965,0.01692915
48.46,-5.44,,,1.0,-1.006644199553196,5.572688448929884,0.39543283,0.10895276,0.3780746,0.014394522
48.46,-5.38,,,1.0,-1.0022517147718126,5.571464889425231,0.28750098,0.108144045,0.26811337,0.015588403
48.46,-5.36,,,1.0,-1.0007874835781545,5.571057888154822,0.25216973,0.1083529,0.23224014,0.015910983
48.46,-5.3,,,1.0,-0.9963945820428688,5.569839438975236,0.1492083,0.11046457,0.12808889,0.01749754
48.46,-5.2200003,,,1.0,-0.9905368970148428,5.568220798051632,0.021762861,0.11672127,-0.00013461041,0.01887083
48.46,-5.1800003,,,1.0,-0.9876078485881128,5.567414029651999,-0.03655988,0.121298194,-0.058574125,0.02021265
48.46,-5.1600003,,,1.0,-0.9861432731056936,5.567011283204073,-0.064179696,0.123931766,-0.086202025,0.022214413
48.46,-5.02,,,1.0,-0.9758902583325328,5.564203946235191,-0.22526374,0.14857346,-0.2466408,0.027387977
48.46,-5.0,,,1.0,-0.9744254117111716,5.563804598239233,-0.24338335,0.15290028,-0.26459622,0.029691935
48.46,-4.98,,,1.0,-0.972960531463564,5.563405674711886,-0.26021975,0.1574024,-0.2812835,0.027928352
48.46,-4.96,,,1.0,-0.9714956176485592,5.563007175578568,-0.275799,0.16207826,-0.2966955,0.03066194
48.46,-4.94,,,1.0,-0.9700306703249296,5.56260910076477,-0.29011843,0.16692483,-0.31084907,0.031440258
48.46,-4.92,,,1.0,-0.9685656895513648,5.562211450196036,-0.30317637,0.17192489,-0.32374156,0.032487392
48.46,-4.9,,,1.0,-0.9671006753864776,5.561814223797988,-0.31498328,0.17706877,-0.33538228,0.03576231
48.46,-4.88,,,1.0,-0.9656356278888014,5.561417421496311,-0.3255545,0.1823535,-0.3458053,0.03585148
48.46,-4.86,,,1.0,-0.964170547116789,5.561021043216756,-0.3349051,0.1877631,-0.35501546,0.037313342
48.46,-4.84,,,1.0,-0.962705433128816,5.56062508888514,-0.34305882,0.19329584,-0.36302477,0.03877783
48.46,-4.82,,,1.0,-0.9612402859831782,5.560229558427351,-0.35003608,0.1989429,-0.36987397,0.040487885
48.46,-4.8,,,1.0,-0.9597751057380935,5.559834451769341,-0.35586044,0.20469427,-0.37558252,0.042711735
48.48,-10.0,,,1.0,-1.338660168520165,5.679244852298179,0.28678927,0.4970079,0.27151582,0.08156192
48.48,-9.96,,,1.0,-1.3357526181136063,5.678230391236223,0.29964578,0.47796446,0.28304407,0.07221532
48.48,-9.94,,,1.0,-1.334298731607562,5.677723815886309,0.30627835,0.46858478,0.28907385,0.06802797
48.48,-9.84,,,1.0,-1.327028743927355,5.67519768051229,0.34140065,0.42337537,0.32191193,0.05176449
48.48,-9.8,,,1.0,-1.3241203803828148,5.6741903320349,0.35632583,0.40620708,0.3363035,0.047349453
48.48,-9.76,,,1.0,-1.321211815179398,5.673184759913361,0.37171912,0.3896343,0.35140046,0.043496966
48.48,-9.74,,,1.0,-1.3197574224826074,5.672682627796578,0.37957826,0.38157892,0.35921174,0.0423584
48.48,-9.7,,,1.0,-1.316848556000925,5.671679718890913,0.39561638,0.36596978,0.37534872,0.040025115
48.48,-9.66,,,1.0,-1.3139394894745309,5.670678584557001,0.41205692,0.35102916,0.39216384,0.038350582
48.48,-9.64,,,1.0,-1.3124849160766798,5.670178694545217,0.4204238,0.34382325,0.4008273,0.037688255
48.48,-9.6,,,1.0,-1.3095755506902438,5.669180220712985,0.43742758,0.3299452,0.41863167,0.036863565
48.48,-9.56,,,1.0,-1.3066659868628854,5.668183519674096,0.45479414,0.31677908,0.4370791,0.03627181
48.48,-9.54,,,1.0,-1.305211096046401,5.667685821869826,0.4636051,0.3104759,0.44653237,0.03638649
48.48,-9.5,,,1.0,-1.302301235752222,5.666691778711523,0.48148617,0.2983942,0.46589017,0.03646791
48.48,-9.46,,,1.0,-1.2993911786106165,5.665699506573832,0.49969453,0.28702843,0.48582047,0.036631823
48.48,-9.440001,,,1.0,-1.297936111113337,5.665204046224304,0.50891185,0.28160787,0.49598798,0.036785007
48.48,-9.4,,,1.0,-1.2950256905015625,5.664214405696941,0.52756244,0.27128798,0.5166924,0.037534714
48.48,-9.36,,,1.0,-1.2921151440115166,5.663226558038607,0.5464785,0.2616319,0.5378518,0.038304567
48.48,-9.34,,,1.0,-1.290659832438271,5.662733309214121,0.5560313,0.25704658,0.5485808,0.03881061
48.48,-9.3,,,1.0,-1.2877489942358176,5.6617481140931645,0.5752887,0.2483384,0.5702947,0.039152145
48.48,-9.26,,,1.0,-1.2848379623422088,5.660764686464565,0.5947226,0.24022174,0.5922967,0.04036355
48.48,-9.24,,,1.0,-1.2833823392524857,5.660273623537891,0.6044955,0.23636866,0.603385,0.040715933
48.48,-9.2,,,1.0,-1.2804710179937866,5.659292845851254,0.62412214,0.22906208,0.62566817,0.041514635
48.48,-9.16,,,1.0,-1.2775595046068304,5.658313833901484,0.64381814,0.22224545,0.6480384,0.041805983
48.48,-9.14,,,1.0,-1.2761037107700557,5.657825001508661,0.65368026,0.21900856,0.65922457,0.04229474
48.48,-9.1,,,1.0,-1.273191910359347,5.656848636829878,0.67339396,0.21285516,0.6815493,0.04309666
48.48,-9.06,,,1.0,-1.270279919373171,5.6558740361382895,0.6930615,0.20709419,0.70374924,0.04373443
48.48,-9.04,,,1.0,-1.2688238178916302,5.655387385472317,0.702855,0.20435154,0.7147724,0.043864965
48.48,-8.96,,,1.0,-1.262999077473305,5.6534452357182285,0.7416576,0.19418907,0.7581105,0.04435873
48.48,-8.940001,,,1.0,-1.2615428091368837,5.652960811008899,0.7512246,0.19183064,0.76870424,0.04398358
48.48,-8.9,,,1.0,-1.2586299925682765,5.651993236245715,0.770156,0.18731809,0.78953826,0.043979645
48.48,-8.86,,,1.0,-1.2557170579428814,5.651027445077079,0.788772,0.1830489,0.80983657,0.0446136
48.48,-8.84,,,1.0,-1.254260555235652,5.650545220957635,0.7979427,0.18100494,0.8197665,0.044247746
48.48,-8.8,,,1.0,-1.2513473405064666,5.64958206922585,0.81597203,0.17707354,0.8391409,0.04428506
48.48,-8.76,,,1.0,-1.2484339398002,5.648620676267235,0.83354837,0.17335755,0.857845,0.043625116
48.48,-8.74,,,1.0,-1.2469771351625272,5.6481406276720785,0.84214926,0.17157722,0.866922,0.044002652
48.48,-8.7,,,1.0,-1.244063456624883,5.647181871598455,0.8589641,0.16816902,0.8845298,0.04321289
48.48,-8.66,,,1.0,-1.2411495936231294,5.646224872571751,0.8752044,0.16496587,0.90136987,0.04354906
48.48,-8.64,,,1.0,-1.2396926278747125,5.645747043123085,0.88309526,0.16344231,0.90950006,0.042354703
48.48,-8.6,,,1.0,-1.2367784893080496,5.644792678354549,0.89843154,0.16056085,0.9251875,0.04201007
48.48,-8.56,,,1.0,-1.2338641677804096,5.643840068912618,0.9131377,0.15790874,0.94010603,0.042330384
48.48,-8.54,,,1.0,-1.232406903849694,5.643364410889488,0.92025524,0.15667439,0.9472893,0.041484475
48.48,-8.5,,,1.0,-1.2294923090001535,5.642414433171542,0.9340079,0.15439683,0.96111685,0.04112053
48.48,-8.46,,,1.0,-1.2265775326830106,5.641466209065812,0.94713676,0.15239418,0.9742636,0.040621758
48.48,-8.440001,,,1.0,-1.2251201114089991,5.64099276568654,0.95346904,0.15150428,0.9805909,0.039319396
48.48,-8.4,,,1.0,-1.222204994504674,5.640047148172014,0.96567345,0.14995676,0.9928,0.038621902
48.48,-8.36,,,1.0,-1.2192897671144636,5.639103305126932,0.97731936,0.14874864,1.0044651,0.039432406
48.48,-8.34,,,1.0,-1.2178321208644385,5.638632051585869,0.98292285,0.14827764,1.010101,0.037316322
48.48,-8.3,,,1.0,-1.2149166246076115,5.637690835097743,0.9937559,0.14762211,1.0210536,0.036273718
48.48,-8.26,,,1.0,-1.2120009498408113,5.636751368810995,1.0040838,0.14736795,1.0316045,0.036248922
48.48,-8.24,,,1.0,-1.2105430109399298,5.636282280602359,1.0090793,0.14739883,1.036749,0.035707474
48.48,-8.2,,,1.0,-1.207627069506008,5.6353454383651655,1.0187455,0.14779127,1.0468333,0.034931898
48.48,-8.16,,,1.0,-1.2047109510264864,5.6344103446329346,1.0280346,0.14864254,1.0566833,0.03454876
48.48,-8.14,,,1.0,-1.2032528603418724,5.633943464370977,1.0325526,0.14924514,1.0615404,0.034298062
48.48,-8.1,,,1.0,-1.2003364773888217,5.63301099210652,1.0413784,0.15081275,1.0711735,0.03363657
48.48,-8.06,,,1.0,-1.1974199188449692,5.632080266656658,1.0499755,0.15287125,1.0807546,0.033443213
48.48,-8.04,,,1.0,-1.1959615391373624,5.631615547702089,1.0542152,0.15408683,1.0855376,0.03329289
48.48,-8.0,,,1.0,-1.1930447182908592,5.630687441230627,1.0626177,0.15688801,1.0951812,0.032848
48.48,-7.96,,,1.0,-1.1901277232988594,5.629761079889437,1.0709933,0.16018027,1.1049417,0.032841682
48.48,-7.94,,,1.0,-1.1886691606781887,5.629298553432648,1.0751925,0.16200686,1.1098971,0.033297777
48.48,-7.9,,,1.0,-1.1857519055464705,5.628374808527121,1.0836737,0.1660111,1.1199936,0.03282404
48.48,-7.86,,,1.0,-1.1828344777050916,5.627452807073632,1.0923322,0.17046237,1.1303883,0.03315687
48.48,-7.84,,,1.0,-1.1813756991969946,5.626992459932116,1.0967525,0.17284709,1.1357168,0.03310561
48.48,-7.8,,,1.0,-1.1784580133625926,5.626073072401511,1.1058205,0.17791855,1.1466807,0.033129215
48.48,-7.76,,,1.0,-1.1755401562449652,5.625155426650807,1.1152425,0.18335629,1.1580914,0.033347845
48.48,-7.7400002,,,1.0,-1.1740811636324848,5.6246972567344,1.1201053,0.18619978,1.1639762,0.033825397
48.48,-7.7000003,,,1.0,-1.1711630506544617,5.62378222240297,1.1301793,0.19211048,1.1761386,0.03379798
48.48,-7.6600003,,,1.0,-1.1682447678102934,5.622868928185436,1.1407434,0.19828016,1.1888417,0.033929944
48.48,-7.64,,,1.0,-1.1667855280740893,5.622412922545038,1.1462255,0.20144719,1.1954111,0.03398919
48.48,-7.6,,,1.0,-1.1638669914861497,5.621502237273099,1.1575968,0.20791048,1.2089826,0.034126997
48.48,-7.56,,,1.0,-1.1609482864398537,5.620593290455182,1.1695354,0.21450722,1.2231474,0.03386855
48.48,-7.54,,,1.0,-1.15948887092004,5.6201394687595005,1.1757168,0.21783781,1.2304487,0.033869028
48.48,-7.5,,,1.0,-1.1565699142367176,5.619233128381267,1.1885024,0.2245357,1.2454836,0.03390336
48.48,-7.46,,,1.0,-1.1536507904935671,5.61832852480336,1.2018313,0.2312327,1.2610768,0.034318328
48.48,-7.44,,,1.0,-1.1521911661486255,5.617876874108319,1.2086865,0.23456538,1.2690634,0.033322215
48.48,-7.4,,,1.0,-1.149271792859338,5.616974874494188,1.2227643,0.24117464,1.2853969,0.03386402
48.48,-7.36,,,1.0,-1.1463522538995574,5.616074610032876,1.237254,0.2476551,1.3021402,0.03365779
48.48,-7.34,,,1.0,-1.144892422466154,5.615625128279093,1.2446373,0.2508343,1.3106431,0.033723354
48.48,-7.3,,,1.0,-1.1419726360373683,5.614727465314947,1.2596239,0.25704336,1.3278449,0.03354025
48.48,-7.26,,,1.0,-1.1390526853182743,5.613831535862323,1.2748189,0.26301062,1.3452256,0.034085274
48.48,-7.2400002,,,1.0,-1.1375926485216454,5.613384220998173,1.2824689,0.26589298,1.3539478,0.033462763
48.48,-7.2000003,,,1.0,-1.1346724523969969,5.612490890585434,1.2977945,0.2714209,1.3713962,0.034080625
48.48,-7.06,,,1.0,-1.1244504517316258,5.609377857822979,1.3502904,0.28778893,1.430736,0.036700726
48.48,-6.94,,,1.0,-1.1156871959285055,5.606726417787801,1.3914413,0.2972157,1.4766407,0.03515649
48.48,-6.9,,,1.0,-1.1127657911498592,5.605846060614542,1.4039633,0.29925168,1.490395,0.038276196
48.48,-6.86,,,1.0,-1.1098442275112268,5.604967430450098,1.415739,0.30067313,1.5031837,0.038610578
48.48,-6.84,,,1.0,-1.1083833862867067,5.6045287627946605,1.4213237,0.30114937,1.5091912,0.041381
48.48,-6.8,,,1.0,-1.1054615853610648,5.603652721934868,1.4318361,0.30162096,1.5203315,0.043215394
48.48,-6.76,,,1.0,-1.102539626910661,5.602778406473939,1.4413685,0.30142748,1.5302104,0.043578506
48.48,-6.7400002,,,1.0,-1.1010785887798582,5.602341895567319,1.4457428,0.30108392,1.5346303,0.045900702
48.48,-6.7000003,,,1.0,-1.0981563950386457,5.601470167000862,1.4535987,0.29987752,1.5423598,0.046877623
48.48,-6.6600003,,,1.0,-1.095234045099058,5.600600162229646,1.4601654,0.29798436,1.5484607,0.046305656
48.48,-6.6400003,,,1.0,-1.0937728117199572,5.600165806067318,1.4629194,0.29677558,1.550846,0.046339273
48.48,-6.6,,,1.0,-1.0908501936316748,5.599298375459703,1.4672776,0.29385173,1.554194,0.049020886
48.48,-6.56,,,1.0,-1.087927455501637,5.598432677400784,1.4699676,0.2902516,1.5555007,0.051965
48.48,-6.54,,,1.0,-1.0864660285203174,5.598000473996419,1.4706317,0.28819788,1.5553329,0.04947424
48.48,-6.5,,,1.0,-1.083543059052293,5.597137358040151,1.4704905,0.28360462,1.5532544,0.049577475
48.48,-6.46,,,1.0,-1.080619936012357,5.596275962690941,1.4682521,0.27838916,1.5486999,0.050106883
48.48,-6.44,,,1.0,-1.0791583170658228,5.5958459100456395,1.4662876,0.2755552,1.5454434,0.0504632
48.48,-6.4,,,1.0,-1.076234964644665,5.594987094417511,1.4605596,0.26944786,1.536862,0.049152613
48.48,-6.36,,,1.0,-1.0733114599517677,5.594129997811924,1.4522889,0.2628057,1.5253928,0.045972466
48.48,-6.34,,,1.0,-1.0718496506652349,5.593702093945039,1.447145,0.25929946,1.5185205,0.047526002
48.48,-6.3,,,1.0,-1.0689259185348872,5.592847574688558,1.4347382,0.2519406,1.502431,0.043962
48.48,-6.26,,,1.0,-1.0660020354243342,5.591994772876505,1.4193685,0.24415517,1.4830967,0.04566264
48.48,-6.2400002,,,1.0,-1.064540037412224,5.591569015815398,1.4105251,0.2401284,1.4721671,0.04230857
48.48,-6.2000003,,,1.0,-1.061615928795073,5.5907187889900944,1.3904467,0.23183823,1.4477456,0.041381836
48.48,-6.1600003,,,1.0,-1.0586916704806657,5.589870278037533,1.367057,0.22327638,1.419805,0.038409114
48.48,-6.1400003,,,1.0,-1.0572294853466644,5.589446665817591,1.3541,0.21892309,1.4044985,0.038082123
48.48,-6.1,,,1.0,-1.0543049685802084,5.588600717424915,1.3255651,0.21009243,1.3711629,0.03535509
48.48,-6.06,,,1.0,-1.0513803382526006,5.587756493434324,1.2934816,0.20117152,1.3341787,0.033042908
48.48,-6.04,,,1.0,-1.049917967588842,5.587335024109206,1.2760853,0.19668823,1.3143111,0.033332348
48.48,-6.0,,,1.0,-1.0469931155778969,5.586493370409624,1.238583,0.18775862,1.2718203,0.03167796
48.48,-5.96,,,1.0,-1.044068116410034,5.58565342945874,1.1974249,0.17890185,1.2256694,0.029006839
48.48,-5.94,,,1.0,-1.0426055617998136,5.58523410106974,1.1754682,0.17452931,1.201242,0.027300477
48.48,-5.9,,,1.0,-1.0396803428411634,5.5843967280765385,1.1288346,0.16594517,1.149718,0.026157498
48.48,-5.86,,,1.0,-1.0367549779830834,5.58356106627973,1.0786186,0.15762341,1.094696,0.023536682
48.48,-5.84,,,1.0,-1.03529224099826,5.583143876886461,1.0521767,0.1535852,1.0659205,0.021702409
48.48,-5.7400002,,,1.0,-1.0279780130120035,5.581064341881799,0.9075025,0.13496947,0.91030467,0.02083993
48.48,-5.7000003,,,1.0,-1.0250520695492642,5.58023551868991,0.8442552,0.1284225,0.84311944,0.018227816
48.48,-5.6400003,,,1.0,-1.0206628856166315,5.578995486418842,0.7445053,0.1197691,0.738021,0.01740396
48.48,-5.54,,,1.0,-1.0133468316481606,5.576937291112677,0.5685045,0.1089499,0.5547826,0.014980793
48.48,-5.5,,,1.0,-1.010420176062485,5.576117002369058,0.49609503,0.10603607,0.48008624,0.01405859
48.48,-5.36,,,1.0,-1.0001757747042048,5.573259415061426,0.2442875,0.10294008,0.22279218,0.01832652
48.48,-5.34,,,1.0,-0.9987121490586592,5.572852891836147,0.20958292,0.10344052,0.18757783,0.017848969
48.48,-5.1600003,,,1.0,-0.985537961595518,5.569213328271097,-0.069361106,0.11878586,-0.093595855,0.019298077
48.48,-5.1400003,,,1.0,-0.9840739911268616,5.568811058212095,-0.09551417,0.1216557,-0.11980858,0.021137118
48.48,-5.04,,,1.0,-0.9767535927655564,5.566806070430461,-0.20851694,0.1392138,-0.23277062,0.025526404
48.48,-5.0,,,1.0,-0.9738252099723088,5.566007051378929,-0.24501084,0.14761126,-0.26913935,0.028888702
48.48,-4.96,,,1.0,-0.9708966922255162,5.565209729847369,-0.27639934,0.15671325,-0.30038223,0.031155825
48.48,-4.94,,,1.0,-0.969432382891866,5.564811705465463,-0.2901733,0.16150415,-0.31408504,0.030667424
48.48,-4.9,,,1.0,-0.966503663598016,5.564016929097755,-0.31394526,0.17154264,-0.337691,0.034667134
48.48,-4.86,,,1.0,-0.9635748105264524,5.563223848763429,-0.33274055,0.18211496,-0.35633498,0.037893295
48.48,-4.84,,,1.0,-0.9621103339703642,5.562827944423506,-0.3403192,0.18757701,-0.3638404,0.038304448
48.48,-4.8,,,1.0,-0.959181281109559,5.562037407028148,-0.35195816,0.19881845,-0.3753859,0.04027164
48.48,-4.78,,,1.0,-0.9577167049213984,5.561642773824925,-0.356066,0.20457137,-0.37946674,0.04296434
48.5,-10.0,,,1.0,-1.3378964565801217,5.681431397082024,0.2947579,0.49645066,0.2811852,0.08230257
48.5,-9.9800005,,,1.0,-1.3364434108909595,5.680924033306971,0.30112156,0.48692852,0.28677794,0.07737517
48.5,-9.96,,,1.0,-1.3349902446295467,5.6804170901209785,0.30761355,0.477484,0.29254827,0.07306707
48.5,-9.92,,,1.0,-1.3320838278758642,5.679404561889516,0.32100096,0.4588977,0.30460143,0.06476569
48.5,-9.9,,,1.0,-1.3306305082527272,5.678898952524296,0.32788903,0.44976646,0.31088892,0.06117177
48.5,-9.88,,,1.0,-1.3291772069733432,5.678393811670981,0.3349028,0.44075853,0.3173591,0.057939053
48.5,-9.86,,,1.0,-1.327723785518189,5.677889091064947,0.34203574,0.43186897,0.3239975,0.05499053
48.5,-9.84,,,1.0,-1.3262703825745787,5.677384838749617,0.34929645,0.42310894,0.33081505,0.05267024
48.5,-9.82,,,1.0,-1.3248168596130854,5.676881006545218,0.35667148,0.4144919,0.33781102,0.05027318
48.5,-9.8,,,1.0,-1.3233633553304938,5.676377642410564,0.3641683,0.40601462,0.344978,0.047756076
48.5,-9.78,,,1.0,-1.3219097311875028,5.675874698250697,0.37177506,0.39768565,0.35232237,0.04586482
48.5,-9.76,,,1.0,-1.320456125890341,5.675372221939856,0.37949258,0.38951182,0.3598413,0.04452169
48.5,-9.74,,,1.0,-1.319002400889864,5.674870165467869,0.3873144,0.38149732,0.36752802,0.043059826
48.5,-9.72,,,1.0,-1.317548694901708,5.674368576624433,0.39524198,0.37363988,0.37539244,0.04173255
48.5,-9.7,,,1.0,-1.3160948693669234,5.673867407484125,0.4032697,0.36595023,0.38342267,0.04066646
48.5,-9.68,,,1.0,-1.3146410630105243,5.673366705752135,0.41140303,0.3584258,0.39161965,0.039768696
48.5,-9.66,,,1.0,-1.3131871372637796,5.672866423587757,0.4196296,0.35107696,0.39999306,0.038977265
48.5,-9.64,,,1.0,-1.311733230861056,5.672366608611704,0.42795265,0.3439058,0.4085301,0.038340926
48.5,-9.62,,,1.0,-1.3102792052238736,5.671867213067959,0.4363631,0.3369081,0.4172285,0.03784132
48.5,-9.6,,,1.0,-1.3088251990959188,5.671368284492792,0.4448802,0.33008343,0.42609447,0.03745842
48.5,-9.58,,,1.0,-1.3073710738889932,5.670869775214834,0.45347565,0.3234414,0.43512192,0.03702259
48.5,-9.56,,,1.0,-1.3059169683560732,5.670371732685952,0.4621663,0.31697786,0.44430622,0.03700173
48.5,-9.54,,,1.0,-1.3044627438992753,5.669874109319392,0.47094876,0.31069422,0.45365655,0.036901236
48.5,-9.52,,,1.0,-1.3030085392808337,5.669376952482649,0.47981834,0.3045922,0.46315655,0.03683281
48.5,-9.5,,,1.0,-1.3015542158932112,5.6688802146735515,0.48877677,0.2986653,0.47280842,0.03697419
48.5,-9.4800005,,,1.0,-1.3000999125078716,5.668383943175258,0.4978177,0.29292023,0.48260477,0.03709936
48.5,-9.46,,,1.0,-1.2986454905076517,5.667888090570145,0.50693953,0.2873515,0.49254832,0.03731489
48.5,-9.440001,,,1.0,-1.2971910886732143,5.667392704057068,0.51614475,0.28195167,0.50263536,0.03753674
48.5,-9.42,,,1.0,-1.2957365683778048,5.666897736302917,0.52542895,0.276726,0.5128453,0.037833214
48.5,-9.4,,,1.0,-1.2942819990524037,5.6664032108525495,0.5347837,0.2716726,0.5231931,0.038112402
48.5,-9.38,,,1.0,-1.2928274501372456,5.665909151166523,0.5442162,0.26678038,0.5336541,0.038582087
48.5,-9.36,,,1.0,-1.291372782991238,5.665415510038437,0.5537141,0.26205194,0.5442265,0.038704157
48.5,-9.34,,,1.0,-1.2899181364179146,5.66492233445654,0.5632739,0.25748098,0.5549022,0.039199114
48.5,-9.32,,,1.0,-1.2884633717666678,5.66442957729886,0.5728947,0.2530687,0.56568176,0.0395751
48.5,-9.3,,,1.0,-1.2870086278501247,5.66393728546946,0.5825698,0.24880457,0.57654434,0.03993368
48.5,-9.28,,,1.0,-1.2855537660081926,5.663445411930768,0.59229535,0.24468923,0.58749014,0.039974928
48.5,-9.26,,,1.0,-1.2840989250625643,5.662954003502692,0.60207117,0.24071097,0.5985044,0.040700197
48.5,-9.24,,,1.0,-1.2826439663436884,5.66246301323203,0.6118822,0.23687392,0.60957956,0.040700793
48.5,-9.22,,,1.0,-1.2811890286822964,5.661972487854573,0.62173355,0.23316568,0.62070185,0.041141033
48.5,-9.2,,,1.0,-1.2797339733994106,5.661482380501446,0.6316073,0.22958755,0.63186324,0.041786194
48.5,-9.18,,,1.0,-1.2782789393347682,5.6609927378243565,0.6415026,0.2261312,0.6430578,0.042085648
48.5,-9.16,,,1.0,-1.2768237877999968,5.660503513038731,0.6514201,0.2227906,0.654269,0.0420177
48.5,-9.14,,,1.0,-1.275368657643811,5.6600147527122235,0.6613464,0.21956438,0.6654855,0.042170525
48.5,-9.12,,,1.0,-1.273913410168472,5.659526410144524,0.67128253,0.21644592,0.67670494,0.042962074
48.5,-9.1,,,1.0,-1.272458184231644,5.659038531819277,0.68121266,0.21342862,0.6878999,0.043248773
48.5,-9.08,,,1.0,-1.271002841126252,5.6585510711204,0.691129,0.21051145,0.699077,0.043327928
48.5,-9.06,,,1.0,-1.269547519718878,5.658064074447553,0.7010393,0.20768416,0.71021247,0.043441772
48.5,-9.04,,,1.0,-1.2680920812931438,5.657577495268856,0.7109268,0.20495021,0.72130233,0.04332161
48.5,-9.02,,,1.0,-1.2666366647245195,5.657091379900012,0.7207788,0.20230001,0.7323346,0.043976784
48.5,-9.0,,,1.0,-1.265181131287352,5.656605681893315,0.7306032,0.19973117,0.7432894,0.044086576
48.5,-8.9800005,,,1.0,-1.263725619865973,5.65612044748055,0.74037683,0.1972394,0.7541743,0.04428518
48.5,-8.96,,,1.0,-1.2622699917254825,5.655635630298138,0.750115,0.19482207,0.76496154,0.044258833
48.5,-8.940001,,,1.0,-1.2608143857590453,5.655151276493989,0.7597821,0.19247657,0.77564996,0.044312716
48.5,-8.92,,,1.0,-1.259358663222544,5.65466733978862,0.7693864,0.19019747,0.7862243,0.043845057
48.5,-8.9,,,1.0,-1.257902893601909,5.654183843202194,0.77892613,0.18798316,0.79667574,0.043890238
48.5,-8.88,,,1.0,-1.256447146391951,5.653700809670985,0.7883773,0.18583077,0.8070015,0.04393077
48.5,-8.86,,,1.0,-1.254991282834786,5.653218193041606,0.79774684,0.18373907,0.8171786,0.044043183
48.5,-8.84,,,1.0,-1.2535354418455311,5.652736039252398,0.8070101,0.18170458,0.8272095,0.0440861
48.5,-8.82,,,1.0,-1.25207948465716,5.652254302233987,0.81616807,0.17972565,0.8370828,0.044039607
48.5,-8.8,,,1.0,-1.250623550193523,5.651773027840955,0.82522124,0.17780137,0.84679633,0.043935776
48.5,-8.78,,,1.0,-1.2491674996784805,5.651292170087911,0.8341584,0.17593384,0.85632586,0.04378879
48.5,-8.76,,,1.0,-1.2477114720445843,5.6508117747457005,0.8429665,0.17411572,0.8656774,0.04365921
48.5,-8.74,,,1.0,-1.2462553285066134,5.650331795912888,0.85164106,0.17234951,0.87484896,0.0435524
48.5,-8.72,,,1.0,-1.2447992080057928,5.649852279276613,0.86017805,0.17063761,0.88382876,0.04340613
48.5,-8.7,,,1.0,-1.243342971747848,5.649373179019366,0.86856705,0.16897583,0.8926065,0.043168664
48.5,-8.68,,,1.0,-1.24188675868265,5.6488945407446165,0.8768112,0.16736662,0.901187,0.04304588
48.5,-8.66,,,1.0,-1.2404304300068991,5.648416318718742,0.8848914,0.1658088,0.90957355,0.043051243
48.5,-8.64,,,1.0,-1.2389741246790842,5.647938558461578,0.89281446,0.1643064,0.9177538,0.042456508
48.5,-8.62,,,1.0,-1.2375177038869112,5.6474612143233545,0.9005692,0.16285652,0.9257264,0.04193306
48.5,-8.6,,,1.0,-1.2360613065974573,5.646984331740308,0.90815854,0.16146451,0.93350434,0.042034507
48.5,-8.58,,,1.0,-1.234604793989461,5.64650786514649,0.91558564,0.16012883,0.9410693,0.041678667
48.5,-8.56,,,1.0,-1.233148305038561,5.64603185989457,0.9228307,0.15885305,0.9484444,0.041927338
48.5,-8.54,,,1.0,-1.2316917009145607,5.645556270502384,0.9299091,0.1576392,0.9556183,0.0410012
48.5,-8.52,,,1.0,-1.230235120601629,5.645081142239068,0.9368167,0.15648866,0.9626006,0.040747046
48.5,-8.5,,,1.0,-1.228778425260662,5.644606429706217,0.94354975,0.15540433,0.96939504,0.040706158
48.5,-8.4800005,,,1.0,-1.2273217538843328,5.64413217808946,0.9501068,0.1543876,0.97600204,0.04073465
48.5,-8.46,,,1.0,-1.225864967624659,5.643658342074121,0.9565086,0.15344316,0.9824359,0.03943038
48.5,-8.440001,,,1.0,-1.22440820548279,5.643184966762356,0.962732,0.15257174,0.9886906,0.03986144
48.5,-8.42,,,1.0,-1.222951328601892,5.642712006923182,0.968797,0.15177888,0.9947842,0.039193988
48.5,-8.4,,,1.0,-1.22149440652062,5.642239485054676,0.97470397,0.15106714,1.0007285,0.03809941
48.5,-8.38,,,1.0,-1.2200375087861517,5.641767423571441,0.9804547,0.15043658,1.0065169,0.038473845
48.5,-8.36,,,1.0,-1.2185804965284308,5.64129577736797,0.98605293,0.14989382,1.012163,0.03810513
48.5,-8.34,,,1.0,-1.2171235087696783,5.64082459133789,0.99149495,0.14944041,1.017672,0.037579298
48.5,-8.32,,,1.0,-1.2156664066310592,5.640353820459305,0.9968025,0.14907926,1.0230585,0.037754774
48.5,-8.3,,,1.0,-1.2142093291431728,5.639883509542483,1.0019636,0.14881492,1.0283244,0.038107634
48.5,-8.28,,,1.0,-1.2127521374184334,5.639413613649107,1.0070039,0.14864993,1.033485,0.036884308
48.5,-8.26,,,1.0,-1.2112949704957916,5.638944177506127,1.011913,0.1485877,1.038544,0.03652692
48.5,-8.24,,,1.0,-1.2098376894789415,5.638475156258767,1.0166974,0.14862818,1.0435065,0.036162853
48.5,-8.22,,,1.0,-1.208380433415156,5.6380065945506885,1.0213684,0.14877778,1.0483946,0.03612542
48.5,-8.2,,,1.0,-1.2069230633994366,5.637538447610633,1.0259326,0.14903724,1.0532007,0.035193086
48.5,-8.18,,,1.0,-1.2054657184873527,5.637070759998999,1.030395,0.14940774,1.0579505,0.03545952
48.5,-8.16,,,1.0,-1.2040082597652406,5.636603487028017,1.034766,0.14989388,1.0626402,0.035119057
48.5,-8.14,,,1.0,-1.202550826296939,5.636136673174854,1.0390536,0.15049732,1.067287,0.034873724
48.5,-8.12,,,1.0,-1.2010932791601467,5.635670273835191,1.0432632,0.1512171,1.0718969,0.034474134
48.5,-8.1,,,1.0,-1.1996357574269436,5.635204333403005,1.0474067,0.15205628,1.076482,0.034406662
48.5,-8.08,,,1.0,-1.1981781221664214,5.634738807357396,1.0514942,0.15301567,1.0810504,0.034267664
48.5,-8.06,,,1.0,-1.196720512458873,5.634273740009177,1.0555289,0.15409505,1.085605,0.034171104
48.5,-8.04,,,1.0,-1.1952627893648091,5.633809086920833,1.059527,0.15529579,1.0901731,0.033940554
48.5,-8.02,,,1.0,-1.1938050919727112,5.633344892320054,1.0634996,0.15661776,1.0947518,0.033994436
48.5,-8.0,,,1.0,-1.1923472813345382,5.632881111852679,1.0674555,0.15805876,1.099357,0.033886433
48.5,-7.98,,,1.0,-1.1908894617892485,5.632417778621761,1.0714058,0.15962046,1.1039889,0.03372574
48.5,-7.96,,,1.0,-1.1894315986533173,5.631954881481072,1.07536,0.16129881,1.1086721,0.033854246
48.5,-7.94,,,1.0,-1.187973691998722,5.631492420346782,1.0793314,0.16309327,1.1134007,0.03343773
48.5,-7.92,,,1.0,-1.186515741897346,5.631030395135124,1.0833262,0.16500181,1.1181909,0.033897877
48.5,-7.9,,,1.0,-1.1850577484209788,5.630568805762385,1.0873582,0.16702211,1.1230588,0.03373146
48.5,-7.88,,,1.0,-1.1835997116413153,5.630107652144918,1.0914395,0.16915077,1.1280024,0.033853054
48.5,-7.86,,,1.0,-1.1821416316299571,5.629646934199137,1.0955789,0.17138445,1.1330289,0.034106255
48.5,-7.84,,,1.0,-1.1806835084584089,5.629186651841512,1.0997816,0.1737181,1.1381466,0.03394091
48.5,-7.82,,,1.0,-1.1792253421980876,5.62872680498858,1.1040595,0.17615044,1.143373,0.03418839
48.5,-7.8,,,1.0,-1.17776713292031,5.6282673935569365,1.1084263,0.17867613,1.148709,0.03398049
48.5,-7.78,,,1.0,-1.1763088806963042,5.6278084174632355,1.1128837,0.18128872,1.1541531,0.034432888
48.5,-7.76,,,1.0,-1.1748505855972025,5.627349876624199,1.117441,0.18398595,1.1597248,0.034570932
48.5,-7.7400002,,,1.0,-1.173392247694044,5.6268917709565995,1.1221049,0.1867606,1.1654195,0.03453386
48.5,-7.7200003,,,1.0,-1.1719338670577744,5.626434100377281,1.1268852,0.18960845,1.1712456,0.034734964
48.5,-7.7000003,,,1.0,-1.170475443759247,5.625976864803143,1.1317817,0.19252163,1.1772119,0.033634424
48.5,-7.6800003,,,1.0,-1.1690169778692214,5.625520064151149,1.1368067,0.19549835,1.1833115,0.03462422
48.5,-7.6600003,,,1.0,-1.1675584694583665,5.62506369833832,1.1419638,0.19852751,1.1895599,0.03496349
48.5,-7.64,,,1.0,-1.1660998838221523,5.624607756416674,1.1472561,0.20160651,1.1959548,0.034511328
48.5,-7.62,,,1.0,-1.1646412905802548,5.624152260043858,1.1526852,0.20472896,1.2024971,0.03464651
48.5,-7.6,,,1.0,-1.1631826550289728,5.623697198261646,1.1582569,0.20788682,1.2091913,0.034807444
48.5,-7.58,,,1.0,-1.1617239772386014,5.6232425709873075,1.1639748,0.21107495,1.2160407,0.03473699
48.5,-7.56,,,1.0,-1.1602652572793453,5.622788378138172,1.169832,0.21428508,1.223035,0.03479874
48.5,-7.54,,,1.0,-1.1588064952213153,5.622334619631632,1.17584,0.21751499,1.230181,0.03503704
48.5,-7.52,,,1.0,-1.1573476911345313,5.621881295385141,1.1819887,0.22075474,1.237473,0.034359455
48.5,-7.48,,,1.0,-1.1544299571543162,5.620975949342435,1.1947124,0.22724056,1.2525051,0.034591198
48.5,-7.46,,,1.0,-1.1529710274004632,5.620523927381434,1.2012807,0.23047537,1.2602255,0.034231424
48.5,-7.44,,,1.0,-1.1515120558970136,5.620072339350915,1.2079799,0.23369527,1.2680774,0.0343796
48.5,-7.4,,,1.0,-1.1485939879194682,5.619170464752434,1.2217468,0.24006945,1.2841471,0.03425598
48.5,-7.38,,,1.0,-1.147134891584217,5.618720178020184,1.2287996,0.24321115,1.2923506,0.03401816
48.5,-7.36,,,1.0,-1.1456757537770577,5.618270324889837,1.235953,0.24631393,1.3006474,0.03374505
48.5,-7.34,,,1.0,-1.1442165745671833,5.617820905279402,1.2431996,0.24937278,1.3090392,0.034326196
48.5,-7.32,,,1.0,-1.1427573540236984,5.617371919106953,1.2505239,0.25238043,1.3174938,0.033034682
48.5,-7.3,,,1.0,-1.141298092215613,5.6169233662906235,1.2579187,0.25533235,1.326025,0.033362746
48.5,-7.26,,,1.0,-1.1383794450812337,5.616027560399171,1.27288,0.26105225,1.343201,0.03300953
48.5,-7.1800003,,,1.0,-1.1325416586636985,5.614241145294508,1.3030831,0.27159238,1.3777034,0.031927466
48.5,-7.1600003,,,1.0,-1.1310821099281072,5.613795623683997,1.3106076,0.2740081,1.386268,0.033015013
48.5,-7.1400003,,,1.0,-1.1296225204767414,5.613350534776918,1.3180999,0.27632934,1.3947834,0.03517568
48.5,-7.12,,,1.0,-1.1281628555769874,5.61290586789568,1.3255427,0.27854824,1.4032183,0.03497863
48.5,-7.1,,,1.0,-1.126703184897607,5.6124616441619235,1.3329318,0.28066546,1.4115716,0.032335043
48.5,-7.06,,,1.0,-1.1237837220724085,5.611574493992398,1.3474526,0.28455687,1.4279494,0.03382337
48.5,-7.04,,,1.0,-1.1223239300623564,5.611131567394454,1.3545732,0.28632545,1.4359463,0.03427732
48.5,-7.0,,,1.0,-1.1194042251860794,5.610247010767249,1.3684753,0.2894919,1.4515035,0.03668201
48.5,-6.98,,,1.0,-1.1179443124550796,5.6098053805761845,1.3752363,0.29087597,1.459032,0.036460638
48.5,-6.96,,,1.0,-1.116484359618842,5.609364182359057,1.3818548,0.29212415,1.46637,0.036921263
48.5,-6.94,,,1.0,-1.1150243667447544,5.608923416035121,1.3883303,0.2932344,1.4735208,0.03678608
48.5,-6.92,,,1.0,-1.1135643339001176,5.608483081523698,1.3946418,0.29419905,1.4804523,0.03749144
48.5,-6.9,,,1.0,-1.1121042611521426,5.608043178744173,1.4007885,0.29501712,1.4871643,0.039749146
48.5,-6.88,,,1.0,-1.1106441485679528,5.60760370761599,1.4067521,0.2956829,1.4936402,0.040546656
48.5,-6.86,,,1.0,-1.1091839962145802,5.607164668058662,1.412525,0.29619503,1.499854,0.040466547
48.5,-6.84,,,1.0,-1.107723804158971,5.606726059991761,1.4181002,0.29655403,1.5058043,0.04049313
48.5,-6.82,,,1.0,-1.10626357246798,5.606287883334921,1.4234587,0.29675102,1.5114721,0.04071784
48.5,-6.8,,,1.0,-1.1048033012083764,5.605850138007842,1.4285958,0.2967912,1.5168427,0.040839195
48.5,-6.78,,,1.0,-1.103342990446837,5.605412823930287,1.4334875,0.2966627,1.521892,0.042850494
48.5,-6.76,,,1.0,-1.1018826402499546,5.604975941022079,1.4381269,0.29636902,1.5266153,0.042447805
48.5,-6.7400002,,,1.0,-1.1004222506842314,5.604539489203108,1.4424933,0.29590845,1.53098,0.044264317
48.5,-6.7200003,,,1.0,-1.0989618218160813,5.604103468393324,1.44657,0.2952758,1.5349797,0.04482305
48.5,-6.7000003,,,1.0,-1.0975013537118314,5.603667878512743,1.4503533,0.29448086,1.5385916,0.045006394
48.5,-6.6800003,,,1.0,-1.0960408464377196,5.603232719481443,1.4538075,0.29350924,1.5417864,0.04570985
48.5,-6.6600003,,,1.0,-1.0945803000598957,5.602797991219565,1.456922,0.29237068,1.5445579,0.04638529
48.5,-6.6400003,,,1.0,-1.0931197146444256,5.602363693647313,1.459681,0.29106426,1.5468897,0.047593355
48.5,-6.62,,,1.0,-1.0916590554327843,5.601929816345886,1.4620601,0.28958404,1.5487387,0.04796338
48.5,-6.6,,,1.0,-1.0901983921389289,5.601496379924019,1.4640373,0.28793573,1.5501008,0.04887986
48.5,-6.58,,,1.0,-1.0887376900050896,5.601063373952773,1.4655967,0.2861197,1.550951,0.04818201
48.5,-6.56,,,1.0,-1.0872769490969807,5.600630798352603,1.4667158,0.28413945,1.5512689,0.04647827
48.5,-6.54,,,1.0,-1.0858161694802269,5.6001986530440355,1.4673718,0.28199673,1.5510306,0.04962182
48.5,-6.52,,,1.0,-1.0843553512203676,5.599766937947652,1.4675472,0.27969718,1.5502115,0.047561407
48.5,-6.5,,,1.0,-1.0828944943828542,5.599335652984106,1.4672137,0.2772342,1.5487919,0.04841304
48.5,-6.48,,,1.0,-1.081433599033051,5.598904798074107,1.4663509,0.27461755,1.5467621,0.049024582
48.5,-6.46,,,1.0,-1.0799726652362376,5.598474373138435,1.4649352,0.27185404,1.5440787,0.047822475
48.5,-6.44,,,1.0,-1.0785116930576033,5.598044378097927,1.4629488,0.26894313,1.5407312,0.048941135
48.5,-6.42,,,1.0,-1.077050682562254,5.597614812873492,1.460363,0.26589477,1.5367088,0.047963142
48.5,-6.4,,,1.0,-1.075589633815207,5.5971856773860935,1.4571605,0.2627086,1.531974,0.04800439
48.5,-6.38,,,1.0,-1.074128546881394,5.596756971556766,1.453315,0.25938737,1.5265086,0.045339108
48.5,-6.36,,,1.0,-1.0726674218256598,5.596328695306604,1.4488062,0.2559476,1.5203063,0.046308517
48.5,-6.34,,,1.0,-1.0712062587127649,5.595900848556771,1.4436109,0.2523843,1.51333,0.042973638
48.5,-6.32,,,1.0,-1.0697450576073817,5.595473431228485,1.4377078,0.24871033,1.5055771,0.04360342
48.5,-6.3,,,1.0,-1.0682838185740966,5.595046443243039,1.4310807,0.24492812,1.497028,0.04561484
48.5,-6.28,,,1.0,-1.0668225416774109,5.594619884521784,1.423709,0.24105,1.4876642,0.041978836
48.5,-6.26,,,1.0,-1.0653612269817414,5.594193754986133,1.4155694,0.23707867,1.4774661,0.04246664
48.5,-6.2400002,,,1.0,-1.0638998745514154,5.593768054557567,1.4066489,0.23302662,1.466421,0.042443037
48.5,-6.2200003,,,1.0,-1.0624384844506771,5.593342783157635,1.3969208,0.22889113,1.4545257,0.039232373
48.5,-6.2000003,,,1.0,-1.0609770567436865,5.592917940707939,1.386387,0.22468948,1.4417492,0.03843546
48.5,-6.1800003,,,1.0,-1.0595155914945156,5.592493527130156,1.3750157,0.22043109,1.4280977,0.03997183
48.5,-6.1600003,,,1.0,-1.0580540887671517,5.592069542346021,1.3627946,0.21610957,1.4135545,0.036638975
48.5,-6.1400003,,,1.0,-1.056592548625498,5.591645986277335,1.3497165,0.21174634,1.3981168,0.03641665
48.5,-6.1200004,,,1.0,-1.0551309711333707,5.591222858845966,1.3357677,0.20735401,1.3817679,0.03495586
48.5,-6.1,,,1.0,-1.053669321506415,5.590800149901013,1.3209419,0.20293391,1.3645155,0.033134937
48.5,-6.08,,,1.0,-1.052207669503568,5.590377879520346,1.3052229,0.19849026,1.3463343,0.035712242
48.5,-6.06,,,1.0,-1.0507459803411925,5.589956037542973,1.2886002,0.19403642,1.3272516,0.031416416
48.5,-6.04,,,1.0,-1.0492842540827658,5.589534623891021,1.2710744,0.18958366,1.3072336,0.031595826
48.5,-6.02,,,1.0,-1.0478224907916815,5.589113638486679,1.2526363,0.18514204,1.2863104,0.03138244
48.5,-6.0,,,1.0,-1.0463606905312484,5.588693081252195,1.2332872,0.18070912,1.2644672,0.030516028
48.5,-5.98,,,1.0,-1.04489885336469,5.58827295210989,1.2130172,0.17630768,1.2417154,0.027935505
48.5,-5.96,,,1.0,-1.0434369793551472,5.587853250982145,1.1918261,0.17193985,1.2180498,0.027218819
48.5,-5.94,,,1.0,-1.0419750685656757,5.587433977791406,1.1697211,0.16761458,1.1934806,0.027394056
48.5,-5.92,,,1.0,-1.0405131210592469,5.587015132460182,1.1467061,0.16334379,1.1680269,0.026769042
48.5,-5.84,,,1.0,-1.0346649651204554,5.5853440281829485,1.0456767,0.14695781,1.0575507,0.022517204
48.5,-5.78,,,1.0,-1.0302784657114472,5.584095188712629,0.96087676,0.13565886,0.96612763,0.02086103
48.5,-5.7400002,,,1.0,-1.0273539515871324,5.583264765403837,0.90034795,0.12871599,0.90146816,0.019711375
48.5,-5.7000003,,,1.0,-1.0244292930953542,5.582436050447883,0.83687633,0.12232971,0.83416605,0.018280983
48.5,-5.6200004,,,1.0,-1.0185795449924495,5.580783743139786,0.70246315,0.11146164,0.6929602,0.017060518
48.5,-5.56,,,1.0,-1.0141918237592278,5.579548982728664,0.59666765,0.105195045,0.582925,0.014068842
48.5,-5.5,,,1.0,-1.0098038175673698,5.5783180697422,0.48845175,0.10073519,0.4711931,0.015796661
48.5,-5.42,,,1.0,-1.0039526479916605,5.57668281846984,0.34372678,0.09782553,0.32287812,0.016758323
48.5,-5.34,,,1.0,-0.9981009166720314,5.575054381080832,0.20310447,0.09860909,0.17976688,0.017142653
48.5,-5.28,,,1.0,-0.9937117518723614,5.573837521737631,0.10341703,0.10167241,0.07876657,0.016174078
48.5,-5.2000003,,,1.0,-0.987859046823258,5.572220997007561,-0.01811472,0.109062076,-0.043897163,0.019357443
48.5,-5.1600003,,,1.0,-0.9849324873873,5.571415285172406,-0.07292833,0.11413467,-0.09904758,0.020665646
48.5,-5.1400003,,,1.0,-0.9834691561510088,5.571013066624723,-0.0986562,0.11699855,-0.12493794,0.020604014
48.5,-5.1200004,,,1.0,-0.9820057906487872,5.570611272890452,-0.12323364,0.120081425,-0.14961503,0.022111654
48.5,-5.1000004,,,1.0,-0.9805423909402426,5.570209903894788,-0.14661421,0.12337327,-0.17309126,0.023048759
48.5,-5.08,,,1.0,-0.9790789221934816,5.56980895000878,-0.16877648,0.12687063,-0.19532812,0.023100376
48.5,-5.06,,,1.0,-0.9776154542499828,5.569408430276293,-0.18969627,0.13056421,-0.21630475,0.023987293
48.5,-5.04,,,1.0,-0.9761519522785072,5.5690083350583865,-0.2093524,0.1344521,-0.23600657,0.026374817
48.5,-5.0,,,1.0,-0.973224846488696,5.5682094178682116,-0.24483164,0.14277315,-0.271534,0.02585268
48.5,-4.98,,,1.0,-0.9717612427886996,5.567810595747061,-0.26063138,0.14719307,-0.28734717,0.028503299
48.5,-4.96,,,1.0,-0.9702976052974022,5.56741219784272,-0.27515444,0.15177691,-0.301878,0.0297153
48.5,-4.92,,,1.0,-0.9673702291767078,5.566616674387434,-0.3003428,0.16140163,-0.3270723,0.032714367
48.5,-4.9,,,1.0,-0.9659064906650144,5.566219548688133,-0.31103197,0.16642207,-0.3377694,0.03311181
48.5,-4.88,,,1.0,-0.9644427185974276,5.565822846908937,-0.32047328,0.17157501,-0.3472063,0.03282976
48.5,-4.86,,,1.0,-0.9629789130326016,5.565426568975832,-0.3286911,0.17685437,-0.35542637,0.035952926
48.5,-4.84,,,1.0,-0.9615150740291132,5.565030714814875,-0.3356906,0.18223679,-0.36243498,0.03709054
48.5,-4.82,,,1.0,-0.9600512016454572,5.564635284352188,-0.34150356,0.18772376,-0.3682799,0.038254857
48.5,-4.8,,,1.0,-0.9585872959400537,5.564240277513961,-0.34616014,0.19330335,-0.37296116,0.03954053
48.52,-10.0,,,1.0,-1.3371325578004607,5.683617802363602,0.3032589,0.49626935,0.29168305,0.08335614
48.52,-9.96,,,1.0,-1.3342276844658052,5.682603649970899,0.316131,0.4773816,0.30289367,0.073869705
48.52,-9.9,,,1.0,-1.3298699550180986,5.681085743304134,0.33638272,0.44979048,0.320967,0.0622437
48.52,-9.86,,,1.0,-1.3269645695528391,5.680076035182396,0.3505044,0.43197775,0.33387476,0.05593431
48.52,-9.84,,,1.0,-1.325511835026338,5.6795718593501885,0.35773993,0.4232601,0.3405847,0.053567052
48.52,-9.76,,,1.0,-1.319700250732287,5.6775595472581335,0.3878144,0.38982528,0.36915565,0.045335412
48.52,-9.74,,,1.0,-1.3182471935101994,5.677057566662644,0.3956023,0.38184297,0.37671784,0.043481827
48.52,-9.7,,,1.0,-1.3153409971106935,5.676054960063684,0.4114775,0.3663749,0.39236188,0.04140067
48.52,-9.66,,,1.0,-1.3124345995962168,5.675054127067019,0.4277437,0.3515793,0.40868694,0.03957796
48.52,-9.64,,,1.0,-1.3109813602715985,5.6745543873575075,0.43602642,0.34444225,0.41709477,0.038542747
48.52,-9.6,,,1.0,-1.30807466229426,5.673556213413014,0.45286608,0.33068466,0.43441257,0.03806317
48.52,-9.56,,,1.0,-1.305167764809149,5.672559811298618,0.4700696,0.31764364,0.45238587,0.03759718
48.52,-9.54,,,1.0,-1.3037142067959218,5.672062262599704,0.4788215,0.31139445,0.46161804,0.037393928
48.52,-9.5,,,1.0,-1.300807011246274,5.671068516925663,0.49658045,0.29941916,0.48055208,0.037483692
48.52,-9.46,,,1.0,-1.2978996177857771,5.670076541315172,0.5146996,0.288153,0.50009716,0.0377841
48.52,-9.440001,,,1.0,-1.296445881698958,5.669581228867592,0.5238799,0.28278,0.5100799,0.03800881
48.52,-9.4,,,1.0,-1.2935381232392067,5.668591883443495,0.542488,0.27254468,0.53046596,0.038561463
48.52,-9.36,,,1.0,-1.290630237777723,5.6676043299304695,0.5614075,0.26296622,0.5513577,0.039203525
48.52,-9.34,,,1.0,-1.289176256289988,5.667111227819317,0.57097614,0.25841367,0.56197274,0.039011955
48.52,-9.3,,,1.0,-1.2862680775287303,5.666126325421909,0.5902888,0.24976873,0.5835071,0.040253878
48.52,-9.26,,,1.0,-1.283359704019794,5.665143189572068,0.60983497,0.24170703,0.60538906,0.040970802
48.52,-9.24,,,1.0,-1.281905409758323,5.6646522721847035,0.6196702,0.23788345,0.61643726,0.041336894
48.52,-9.2,,,1.0,-1.2789967453021016,5.663671784864196,0.6394638,0.23061997,0.63868743,0.041345477
48.52,-9.16,,,1.0,-1.2760878876645725,5.662693062341849,0.65937066,0.22384554,0.6610848,0.042312622
48.52,-9.14,,,1.0,-1.2746334212764074,5.662204374308042,0.6693453,0.22062969,0.6723099,0.04280567
48.52,-9.1,,,1.0,-1.2717242750381763,5.661228297653183,0.68932563,0.21451223,0.6947644,0.04299712
48.52,-9.06,,,1.0,-1.268814937174917,5.660253984052862,0.70928806,0.20878851,0.7171422,0.04360974
48.52,-9.04,,,1.0,-1.2673601618933,5.6597674765869455,0.71924525,0.20606166,0.72827214,0.04306972
48.52,-9.0,,,1.0,-1.2644505377516717,5.658795806285043,0.7390874,0.20086122,0.7503618,0.043524265
48.52,-8.96,,,1.0,-1.2615407235312837,5.657825897299833,0.7587553,0.19596887,0.77215797,0.043722868
48.52,-8.940001,,,1.0,-1.2600857800240066,5.6573416146254685,0.7685139,0.19363332,0.78291273,0.044170856
48.52,-8.9,,,1.0,-1.257175612457226,5.6563743232537655,0.7878201,0.18915945,0.8040813,0.044101715
48.52,-8.86,,,1.0,-1.2542653257279464,5.655408814549202,0.8068061,0.1849395,0.8247376,0.043849587
48.52,-8.84,,,1.0,-1.252810146546708,5.654926731313942,0.8161447,0.18291593,0.8348436,0.043809175
48.52,-8.8,,,1.0,-1.249899578152484,5.653963860669753,0.83451414,0.1790412,0.85457104,0.043688297
48.52,-8.76,,,1.0,-1.2469888227421664,5.6530027478840505,0.8523792,0.17538083,0.8735868,0.042058706
48.52,-8.74,,,1.0,-1.2455333403948046,5.652522839036413,0.8611079,0.17363143,0.88281846,0.04312873
48.52,-8.7,,,1.0,-1.24262230559724,5.651564361768116,0.87811005,0.17028809,0.9006803,0.042956114
48.52,-8.66,,,1.0,-1.239711085300102,5.650607640637976,0.8944747,0.16715467,0.91771704,0.042378426
48.52,-8.64,,,1.0,-1.2382554404846464,5.650129949794246,0.90240186,0.16566992,0.9259208,0.042190433
48.52,-8.6,,,1.0,-1.2353439430720836,5.6491758615635765,0.91771626,0.16286445,0.94168216,0.041968107
48.52,-8.56,,,1.0,-1.2324322616666414,5.648223527756647,0.93230677,0.16029012,0.956594,0.04151225
48.52,-8.54,,,1.0,-1.2309763174419666,5.647748007216451,0.9393219,0.15909278,0.9637388,0.040823102
48.52,-8.5,,,1.0,-1.2280643611694344,5.646798303783602,0.9528063,0.15689683,0.97740805,0.040313125
48.52,-8.46,,,1.0,-1.225152222400972,5.645850353065963,0.9655556,0.15497345,0.9903017,0.041131616
48.52,-8.440001,,,1.0,-1.2236961194846958,5.645377046041845,0.97166216,0.15412068,0.9964648,0.039837837
48.52,-8.4,,,1.0,-1.2207836386520965,5.644431700580771,0.9833497,0.15264821,1.0082793,0.038787484
48.52,-8.36,,,1.0,-1.2178710462460116,5.643488128691473,0.99436814,0.1515069,1.0194438,0.038323164
48.52,-8.34,,,1.0,-1.2164147170728226,5.643017010391616,0.99964195,0.15106893,1.0248041,0.038057446
48.52,-8.3,,,1.0,-1.213501854265725,5.642076063726879,1.0097216,0.15046668,1.0351186,0.037180305
48.52,-8.26,,,1.0,-1.210588811927518,5.6411368663781465,1.0192416,0.15025723,1.0449647,0.036834
48.52,-8.24,,,1.0,-1.2091321888898268,5.64066791231042,1.0238045,0.15030426,1.0497276,0.036676526
48.52,-8.2,,,1.0,-1.206218878355492,5.6397313376875005,1.0325847,0.15072131,1.0590022,0.03556347
48.52,-8.16,,,1.0,-1.2033053897580386,5.638796510689936,1.0409368,0.1515764,1.0679926,0.035628557
48.52,-8.14,,,1.0,-1.201848613602002,5.638329763463008,1.0449775,0.15217352,1.072407,0.035441875
48.52,-8.1,,,1.0,-1.198934859007472,5.637397556618123,1.0528361,0.15371585,1.0811307,0.035099268
48.52,-8.06,,,1.0,-1.1960209278082503,5.636467095713961,1.0604551,0.15572435,1.0897751,0.034868717
48.52,-8.04,,,1.0,-1.194563861424513,5.636002508708397,1.0642048,0.15690637,1.0940932,0.034551144
48.52,-8.0,,,1.0,-1.1916496664045262,5.6350746654761,1.0716302,0.15961838,1.1027807,0.034725428
48.52,-7.96,,,1.0,-1.1887352962287954,5.634148566505908,1.0790423,0.162794,1.1116059,0.033993125
48.52,-7.94,,,1.0,-1.1872780456378744,5.633686170909764,1.0827639,0.16455042,1.1160934,0.03488326
48.52,-7.9,,,1.0,-1.184363413809797,5.632762687077243,1.0903203,0.16839397,1.1252757,0.034924746
48.52,-7.86,,,1.0,-1.181448608265471,5.631840945834262,1.0980724,0.17265278,1.1347756,0.034935594
48.52,-7.84,,,1.0,-1.179991140528888,5.63138072847527,1.1020478,0.17493081,1.139673,0.035188913
48.52,-7.8,,,1.0,-1.1770760754844063,5.630461599865666,1.1102457,0.17976433,1.1497874,0.03475845
48.52,-7.76,,,1.0,-1.1741608381537811,5.629544212179109,1.1188207,0.18493408,1.1603738,0.035470247
48.52,-7.7400002,,,1.0,-1.1727031550591676,5.629086170974158,1.1232686,0.18763256,1.1658531,0.035553932
48.52,-7.7000003,,,1.0,-1.169787660366529,5.628171393425806,1.132522,0.19323242,1.177236,0.03568244
48.52,-7.6600003,,,1.0,-1.1668719948085104,5.627258355140105,1.1422893,0.1990624,1.1891915,0.035294294
48.52,-7.64,,,1.0,-1.1654140633723171,5.626802477150147,1.147379,0.20204836,1.1953928,0.0356462
48.52,-7.6,,,1.0,-1.162498142574433,5.625892046537353,1.1579847,0.2081337,1.2082599,0.03567946
48.52,-7.56,,,1.0,-1.159582052322652,5.624983353532917,1.169175,0.21432698,1.2217515,0.03524673
48.52,-7.54,,,1.0,-1.1581239438272324,5.624529658427545,1.1749967,0.21744949,1.2287248,0.03495443
48.52,-7.5,,,1.0,-1.155207600447896,5.6236235705984585,1.187074,0.22371316,1.2431395,0.035290718
48.52,-7.46,,,1.0,-1.1522910890169025,5.62271921872958,1.199721,0.22995895,1.2581211,0.03464651
48.52,-7.44,,,1.0,-1.1508327704565664,5.622267693574702,1.2062533,0.2330628,1.2658293,0.03448677
48.52,-7.4,,,1.0,-1.1479160079944803,5.621365944413567,1.2196922,0.23919493,1.2816232,0.034049153
48.52,-7.36,,,1.0,-1.1449990788737905,5.620465929570647,1.233598,0.24519515,1.2978671,0.03431034
48.52,-7.34,,,1.0,-1.1435405519898585,5.620016572313773,1.2406955,0.24812806,1.306131,0.034119606
48.52,-7.3,,,1.0,-1.1406233739207992,5.619119157720239,1.2551486,0.25383878,1.3228847,0.03366065
48.52,-7.2400002,,,1.0,-1.1362472970994322,5.6177762844054735,1.2772807,0.2619313,1.3483973,0.033952594
48.52,-7.2000003,,,1.0,-1.1333297068763823,5.616883200294653,1.2921844,0.26695037,1.3654866,0.033250928
48.52,-7.1600003,,,1.0,-1.1304119527534888,5.615991847236625,1.3070728,0.27162015,1.3825055,0.034545183
48.52,-7.1,,,1.0,-1.1260349806677332,5.61465805136721,1.329161,0.27789378,1.4076024,0.03267157
48.52,-7.06,,,1.0,-1.1231168191850365,5.613771023119735,1.3435569,0.28153038,1.4238783,0.036105394
48.52,-7.04,,,1.0,-1.1216576776634228,5.613328157329599,1.350624,0.2831726,1.4318212,0.03531623
48.52,-7.0,,,1.0,-1.1187392733988708,5.612443722012244,1.3644375,0.2860831,1.4472841,0.03466487
48.52,-6.96,,,1.0,-1.115820707957118,5.611561014507118,1.3777568,0.28846908,1.4620727,0.036021113
48.52,-6.94,,,1.0,-1.114361364963667,5.611120308482506,1.3842075,0.28945524,1.4691831,0.03672445
48.52,-6.9,,,1.0,-1.1114425587685932,5.610240191486457,1.3966349,0.2909944,1.4827473,0.03839624
48.52,-6.86,,,1.0,-1.1085235927442163,5.609361800691739,1.4083657,0.2919345,1.4953701,0.039227962
48.52,-6.84,,,1.0,-1.107064049963805,5.6089232524190304,1.4139366,0.29217136,1.5012825,0.038350582
48.52,-6.8,,,1.0,-1.1041448452012887,5.608047449721748,1.4244382,0.29217017,1.5122496,0.040134788
48.52,-6.76,,,1.0,-1.1012254819484897,5.607173371621184,1.4339893,0.29151982,1.5219469,0.042609453
48.52,-6.7400002,,,1.0,-1.0997657410548929,5.6067369790946024,1.4383705,0.29094768,1.5262783,0.044950843
48.52,-6.7000003,,,1.0,-1.0968461410658543,5.605865486689268,1.4462609,0.2893014,1.5338068,0.045376778
48.52,-6.6600003,,,1.0,-1.093926383916726,5.604995717282328,1.4528677,0.2869845,1.539695,0.04550457
48.52,-6.6400003,,,1.0,-1.092466446572688,5.604561478503982,1.4556369,0.2855699,1.5419755,0.046635866
48.52,-6.6,,,1.0,-1.089546419866038,5.603694282072118,1.4600302,0.28225148,1.5450999,0.04648149
48.52,-6.56,,,1.0,-1.086626272128838,5.602828817394577,1.4627316,0.27826756,1.5461652,0.04369521
48.52,-6.54,,,1.0,-1.0851661399852042,5.602396730384717,1.4633979,0.27604055,1.5458685,0.048810363
48.52,-6.5,,,1.0,-1.0822457594760406,5.601533846626401,1.4632496,0.2711156,1.5435226,0.047412515
48.52,-6.46,,,1.0,-1.079325224440898,5.600672682688808,1.4609702,0.26558733,1.538682,0.04753971
48.52,-6.44,,,1.0,-1.0778648991394644,5.60024274545509,1.4589696,0.262604,1.5352715,0.045570374
48.52,-6.4,,,1.0,-1.0749441332948757,5.599384160062989,1.4531527,0.25624245,1.5263704,0.04741907
48.52,-6.36,,,1.0,-1.0720232142283197,5.598527292912306,1.4447469,0.249372,1.5145477,0.044784546
48.52,-6.34,,,1.0,-1.0705626973991036,5.598099503480601,1.4395207,0.24576181,1.5075054,0.04532051
48.52,-6.3,,,1.0,-1.067641549472642,5.5972452125112255,1.4269094,0.23822892,1.491036,0.04327476
48.52,-6.26,,,1.0,-1.0647202496196,5.596392638210335,1.411294,0.23031843,1.47129,0.04210913
48.52,-6.2400002,,,1.0,-1.0632595428818363,5.595966994614476,1.4023105,0.22623968,1.460158,0.041210055
48.52,-6.2000003,,,1.0,-1.0603380161055282,5.5951169941402865,1.381902,0.21787226,1.435287,0.038266778
48.52,-6.1600003,,,1.0,-1.0574163386894493,5.594268708768047,1.3581524,0.20928812,1.4068943,0.036140084
48.52,-6.1400003,,,1.0,-1.0559554436516545,5.59384520904986,1.3449911,0.20493227,1.3913438,0.033518314
48.52,-6.1,,,1.0,-1.0530335064034062,5.592999485087829,1.3160172,0.19613606,1.3575282,0.0356282
48.52,-6.06,,,1.0,-1.0501114546246104,5.592155484759531,1.2834641,0.18728483,1.3200533,0.030550957
48.52,-6.04,,,1.0,-1.0486503728837535,5.591734126979067,1.2658273,0.18286473,1.2999353,0.029815435
48.52,-6.0,,,1.0,-1.0457280980165748,5.5908926957970895,1.2278106,0.1740663,1.2569566,0.02885425
48.52,-5.96,,,1.0,-1.0428056750577246,5.590052976603227,1.1861125,0.16538942,1.2103256,0.02605939
48.52,-5.9,,,1.0,-1.0384217640531128,5.588796606434895,1.1167189,0.15275955,1.1336888,0.024526954
48.52,-5.84,,,1.0,-1.034037522680037,5.587544084758758,1.0392613,0.14079559,1.0493231,0.023070931
48.52,-5.8,,,1.0,-1.0311145123966798,5.586711207330951,0.98334235,0.13330102,0.9890269,0.020904064
48.52,-5.76,,,1.0,-1.0281913565360383,5.585880038803229,0.92418003,0.12627125,0.92572105,0.019641876
48.52,-5.7400002,,,1.0,-1.0267297241701845,5.58546509518483,0.8934589,0.12294984,0.89302135,0.021274209
48.52,-5.7000003,,,1.0,-1.0238063508785784,5.584636488855375,0.82987875,0.11673546,0.825694,0.01932919
48.52,-5.6600003,,,1.0,-1.020882833254367,5.5838095898917075,0.76372457,0.11113477,0.7560836,0.016244292
48.52,-5.6000004,,,1.0,-1.0164972872780684,5.582572441418808,0.66048133,0.104011655,0.64825624,0.017993927
48.52,-5.54,,,1.0,-1.0121113844779437,5.581339121295392,0.5538169,0.09857285,0.53771013,0.015060902
48.52,-5.36,,,1.0,-0.998951865409811,5.577662198661087,0.23215763,0.09370232,0.20828569,0.016791344
48.52,-5.34,,,1.0,-0.99748952061078,5.577255780456868,0.19793689,0.0942955,0.17350927,0.014845252
48.52,-5.26,,,1.0,-0.9916397922197042,5.575634361627347,0.06779607,0.098979,0.04155742,0.018434763
48.52,-5.2000003,,,1.0,-0.9872521309615064,5.574422762085974,-0.020840779,0.10490322,-0.048059456,0.018543959
48.52,-5.1600003,,,1.0,-0.9843268505654664,5.573617153923507,-0.07479666,0.10996997,-0.10251734,0.020421743
48.52,-5.1400003,,,1.0,-0.9828641586801168,5.573214987077158,-0.10009417,0.1128279,-0.12801626,0.020071507
48.52,-5.1000004,,,1.0,-0.9799386718336952,5.5724119274804655,-0.14711761,0.119161606,-0.17540444,0.022976398
48.52,-5.06,,,1.0,-0.9770130130736217,5.571610556638013,-0.18921785,0.1262958,-0.2178014,0.023941278
48.52,-5.0,,,1.0,-0.9726243213438972,5.570411697722201,-0.2427898,0.13837862,-0.27171466,0.026970267
48.52,-4.96,,,1.0,-0.9696983569475656,5.569614579579653,-0.27202055,0.14726615,-0.3011394,0.029289722
48.52,-4.9,,,1.0,-0.9653091566704984,5.568422082584012,-0.30620572,0.16170263,-0.33557755,0.031909823
48.52,-4.86,,,1.0,-0.9623828547180484,5.567629203868751,-0.3227144,0.17196989,-0.35225064,0.033557415
48.52,-4.84,,,1.0,-0.960919653387766,5.567233400073991,-0.32913747,0.17727107,-0.3587655,0.03524089
48.52,-4.8,,,1.0,-0.957993150312068,5.566443063241423,-0.33844408,0.18815035,-0.36826396,0.03794551
48.54,-9.9800005,,,1.0,-1.3349167654027634,5.685296859320914,0.3186769,0.48700994,0.30844614,0.08000803
48.54,-9.94,,,1.0,-1.332013058593143,5.684283726769932,0.33180785,0.46840107,0.31983167,0.071160436
48.54,-9.9,,,1.0,-1.3291092154565842,5.683272395779776,0.34542593,0.45020533,0.3318752,0.063296676
48.54,-9.88,,,1.0,-1.3276572516297218,5.682767408615934,0.35240617,0.44128478,0.33814842,0.060076356
48.54,-9.84,,,1.0,-1.3247531013937832,5.68175874234456,0.36672342,0.4238153,0.35119677,0.054287434
48.54,-9.8,,,1.0,-1.3218487472389795,5.680751851675879,0.38148895,0.40689468,0.3649111,0.049511313
48.54,-9.78,,,1.0,-1.3203964592703257,5.680249059988256,0.3890315,0.39864767,0.37202996,0.04774797
48.54,-9.76,,,1.0,-1.3189441898159135,5.67974673589843,0.39667967,0.39055973,0.37930644,0.04582596
48.54,-9.74,,,1.0,-1.3174918004541696,5.679244831411059,0.40442598,0.3826213,0.38675264,0.044241667
48.54,-9.72,,,1.0,-1.3160394297735265,5.678743394301656,0.41227087,0.37485033,0.3943695,0.04319668
48.54,-9.7,,,1.0,-1.314586939342549,5.678242376659585,0.42021182,0.3672384,0.4021476,0.041675806
